participant_id,recording_id,timestamp,Left_Semitendinosus,Right_Semitendinosus,Left_Bicep_Femoris,Right_Bicep_Femoris,Left_Rectus_Femoris,Right_Rectus_Femoris,Left_Vastus_Lateralis,Right_Vastus_Lateralis,left_knee_angle,right_knee_angle,left_shank_angle,right_shank_angle,activity,label,leg_side,fatigue_level,exercise_duration_seconds
1,1776689563181,26.621,0.489898,0.244949,0.927362,0.565685,0.583095,0.447214,0.34641,0.52915,187.9473,175.1146,89.99575,95.4534,squat,squat,0,low,34.966270446777344
1,1776689563181,26.721,0.565685,0.244949,0.632456,0.616441,0.583095,0.447214,0.4,0.469042,187.868,175.042,90.06901,95.6908,squat,squat,0,low,34.966270446777344
1,1776689563181,26.821,0.632456,0.282843,0.616441,0.489898,0.509902,0.469042,0.4,0.447214,187.9795,174.6523,89.86613,96.35583,squat,squat,0,low,34.966270446777344
1,1776689563181,26.921,0.632456,0.282843,0.583095,0.447214,0.509902,0.469042,0.4,0.447214,188.4563,174.6523,89.65733,96.35583,squat,squat,0,low,34.966270446777344
1,1776689563181,27.021,0.632456,0.282843,0.509902,0.469042,0.565685,0.424264,0.447214,0.424264,189.6803,174.7124,89.22781,96.65316,squat,squat,0,low,34.966270446777344
1,1776689563181,27.121,0.616441,0.244949,0.469042,0.52915,0.632456,0.469042,0.52915,0.4,191.2731,174.4365,89.19176,97.96122,squat,squat,0,low,34.966270446777344
1,1776689563181,27.221,0.616441,0.244949,0.469042,0.52915,0.616441,0.469042,0.547723,0.424264,191.2731,175.7346,89.19176,98.05628,squat,squat,0,low,34.966270446777344
1,1776689563181,27.321,0.489898,0.2,0.424264,0.52915,0.663325,0.424264,0.52915,0.469042,191.9998,177.8323,90.27797,97.41621,squat,squat,0,low,34.966270446777344
1,1776689563181,27.421,0.424264,0.282843,0.424264,0.469042,0.69282,0.424264,0.469042,0.489898,192.1719,177.2029,90.13787,97.83809,squat,squat,0,low,34.966270446777344
1,1776689563181,27.521,0.34641,0.34641,0.469042,0.469042,0.69282,0.374166,0.424264,0.547723,189.5609,175.7505,90.33337,97.03181,squat,squat,0,low,34.966270446777344
1,1776689563181,27.621,0.34641,0.316228,0.424264,0.489898,0.734847,0.34641,0.469042,0.774597,185.3367,172.8321,91.28384,96.20389,squat,squat,0,low,34.966270446777344
1,1776689563181,27.721,0.469042,0.469042,0.316228,0.469042,0.663325,0.34641,0.424264,0.927362,180.239,169.2143,90.97801,96.28554,squat,squat,0,low,34.966270446777344
1,1776689563181,27.821,0.52915,0.678233,0.316228,0.34641,0.69282,0.4,0.316228,0.948683,175.5122,164.8727,90.65712,96.4163,squat,squat,0,low,34.966270446777344
1,1776689563181,27.921,0.565685,0.927362,0.316228,0.34641,0.787401,0.424264,0.4,0.927362,171.2004,160.0811,90.82128,96.33945,squat,squat,0,low,34.966270446777344
1,1776689563181,28.021,0.583095,0.979796,0.316228,0.316228,0.774597,0.469042,0.469042,0.916515,165.7425,156.9396,91.09184,95.25932,squat,squat,0,low,34.966270446777344
1,1776689563181,28.121,0.632456,0.979796,0.244949,0.2,0.87178,0.489898,0.565685,0.883176,162.685,153.154,90.17175,95.68281,squat,squat,0,low,34.966270446777344
1,1776689563181,28.221,0.663325,1.949359,0.34641,0.244949,0.824621,0.489898,0.489898,0.69282,158.4688,148.2908,91.66466,97.74986,squat,squat,0,low,34.966270446777344
1,1776689563181,28.321,0.632456,2.262742,0.374166,0.282843,0.916515,0.565685,0.52915,0.447214,151.558,142.7996,94.77628,99.27687,squat,squat,0,low,34.966270446777344
1,1776689563181,28.421,0.678233,2.236068,0.509902,0.34641,0.927362,0.69282,0.52915,0.374166,144.0526,135.1995,97.60131,102.9191,squat,squat,0,low,34.966270446777344
1,1776689563181,28.521,0.632456,2.2,0.583095,0.4,1.593738,0.948683,0.83666,0.787401,135.8627,126.0468,100.7833,107.7273,squat,squat,0,low,34.966270446777344
1,1776689563181,28.621,0.648074,2.140093,0.6,0.447214,1.593738,0.948683,0.83666,0.787401,127.4382,126.0468,103.3863,107.7273,squat,squat,0,low,34.966270446777344
1,1776689563181,28.721,0.648074,2.130728,0.6,0.547723,2.249444,1.6,1.019804,1.32665,118.6298,116.7426,105.7577,111.2798,squat,squat,0,low,34.966270446777344
1,1776689563181,28.821,0.648074,1.48324,0.509902,0.583095,2.521904,1.783255,1.095445,1.4,109.6563,107.489,107.7712,114.2718,squat,squat,0,low,34.966270446777344
1,1776689563181,28.921,0.648074,1.48324,0.509902,0.583095,2.529822,1.805547,1.122497,1.421267,109.6563,97.21833,107.7712,118.352,squat,squat,0,low,34.966270446777344
1,1776689563181,29.021,0.663325,0.979796,0.52915,0.52915,2.525866,1.849324,1.104536,1.509967,99.84709,86.27035,111.073,122.2556,squat,squat,0,low,34.966270446777344
1,1776689563181,29.121,0.565685,0.489898,0.447214,0.565685,2.57682,2.092845,1.174734,1.708801,91.63393,78.56523,114.6686,125.1559,squat,squat,0,low,34.966270446777344
1,1776689563181,29.221,0.748331,0.469042,0.616441,0.489898,2.4,2.140093,1.048809,1.649242,87.09743,74.28853,116.7305,127.4185,squat,squat,0,low,34.966270446777344
1,1776689563181,29.321,0.761577,1.191638,0.69282,0.489898,1.939072,1.843909,0.87178,1.272792,85.89957,74.24365,117.8631,127.7497,squat,squat,0,low,34.966270446777344
1,1776689563181,29.421,1.462874,1.240967,0.734847,0.748331,1.4,1.68523,0.824621,1.140175,91.38828,79.30238,114.9871,125.3909,squat,squat,0,low,34.966270446777344
1,1776689563181,29.521,1.449138,1.303841,0.734847,0.916515,1.349074,1.67332,0.748331,1.067708,101.2178,89.45352,110.6846,121.1248,squat,squat,0,low,34.966270446777344
1,1776689563181,29.621,1.44222,1.83303,0.707107,0.916515,1.496663,1.881489,0.774597,1,112.0232,103.1521,107.4379,114.4256,squat,squat,0,low,34.966270446777344
1,1776689563181,29.721,1.708801,2.034699,0.707107,0.894427,1.536229,2.227106,0.707107,0.547723,123.6017,115.6088,102.8904,109.157,squat,squat,0,low,34.966270446777344
1,1776689563181,29.821,1.994994,3.098387,0.489898,0.894427,1.48324,2.465765,0.707107,0.489898,136.4821,128.5971,98.35859,105.7726,squat,squat,0,low,34.966270446777344
1,1776689563181,29.921,2.039608,3.24037,0.34641,0.894427,1.140175,2.336664,0.632456,0.34641,149.7428,141.5605,94.50842,102.2149,squat,squat,0,low,34.966270446777344
1,1776689563181,30.021,1.618641,3.196873,0.141421,0.72111,1.2,2.271563,0.547723,0.282843,161.0553,152.2709,91.83034,100.2397,squat,squat,0,low,34.966270446777344
1,1776689563181,30.121,1.618641,3.190611,0.141421,0.244949,1.428286,2.315167,0.547723,0.316228,170.5377,160.9153,89.80611,98.23918,squat,squat,0,low,34.966270446777344
1,1776689563181,30.221,1.643168,3.029851,0.141421,0.282843,1.428286,2.315167,0.547723,0.316228,175.9647,160.9153,89.16139,98.23918,squat,squat,0,low,34.966270446777344
1,1776689563181,30.321,1.469694,2.880972,0.141421,0.72111,1.311488,2.262742,0.663325,0.4,178.8656,165.1791,87.24914,97.41685,squat,squat,0,low,34.966270446777344
1,1776689563181,30.421,0.905538,1.939072,0.141421,0.774597,1.296148,2.177154,0.707107,0.4,178.8829,167.755,86.73676,93.94907,squat,squat,0,low,34.966270446777344
1,1776689563181,30.521,0.734847,0.905538,0.141421,0.774597,1.529706,2.034699,0.69282,0.52915,177.7002,167.8694,86.59534,93.9417,squat,squat,0,low,34.966270446777344
1,1776689563181,30.621,0.734847,0.905538,0.141421,0.774597,1.68523,2.073644,0.648074,0.616441,177.7002,164.2781,86.59534,94.82957,squat,squat,0,low,34.966270446777344
1,1776689563181,30.721,0.848528,0.927362,0,0.774597,1.679286,2.083267,0.663325,0.616441,174.0694,161.0896,86.57671,94.7802,squat,squat,0,low,34.966270446777344
1,1776689563181,30.821,0.894427,1.939072,0.244949,0.774597,1.697056,2.204541,0.69282,0.648074,163.976,154.1525,90.6019,96.35905,squat,squat,0,low,34.966270446777344
1,1776689563181,30.921,0.883176,1.989975,0.509902,0.748331,2.073644,2.445404,0.616441,0.632456,154.9938,144.538,94.16882,100.5716,squat,squat,0,low,34.966270446777344
1,1776689563181,31.021,0.905538,2.424871,0.616441,0.469042,2.306513,2.457641,0.632456,0.632456,143.6626,132.0486,98.49258,105.588,squat,squat,0,low,34.966270446777344
1,1776689563181,31.121,0.916515,2.445404,0.648074,0.316228,2.306513,2.19545,0.69282,0.663325,130.7504,118.7072,102.3949,110.2327,squat,squat,0,low,34.966270446777344
1,1776689563181,31.221,0.812404,2.497999,0.69282,0.632456,2.140093,2.116601,0.678233,0.678233,117.6672,104.1567,106.1426,115.5543,squat,squat,0,low,34.966270446777344
1,1776689563181,31.321,0.583095,2.469818,0.72111,0.632456,2.163331,2.10238,0.663325,0.678233,103.8101,89.35473,111.4974,121.2888,squat,squat,0,low,34.966270446777344
1,1776689563181,31.421,0.583095,1.749286,1.019804,0.663325,2.068816,2.04939,0.583095,0.678233,93.41415,80.16871,116.1696,126.4491,squat,squat,0,low,34.966270446777344
1,1776689563181,31.521,0.894427,3.056141,1.371131,0.748331,1.805547,1.754993,0.547723,0.616441,88.99094,74.95395,119.6182,130.3714,squat,squat,0,low,34.966270446777344
1,1776689563181,31.621,1.131371,3.228003,1.378405,0.860233,1.44222,1.256981,0.509902,0.616441,90.54988,78.78278,119.3909,129.2386,squat,squat,0,low,34.966270446777344
1,1776689563181,31.721,1.131371,3.379349,1.363818,1.029563,1.240967,0.8,0.447214,0.509902,98.52176,87.27063,116.9969,126.7233,squat,squat,0,low,34.966270446777344
1,1776689563181,31.821,1.157584,3.340659,1.349074,0.860233,1.183216,0.663325,0.316228,0.424264,108.0354,99.16232,114.0301,121.307,squat,squat,0,low,34.966270446777344
1,1776689563181,31.921,1.2,3.560899,1.341641,0.883176,1.183216,0.663325,0.316228,0.424264,119.4393,99.16232,109.3183,121.307,squat,squat,0,low,34.966270446777344
1,1776689563181,32.021,1.341641,3.849675,1.256981,0.87178,1.131371,0.979796,0.469042,0.509902,131.6113,110.9238,104.4877,116.025,squat,squat,0,low,34.966270446777344
1,1776689563181,32.121,1.32665,3.566511,0.583095,0.860233,1.311488,1.240967,0.447214,0.52915,144.5405,123.861,100.3756,110.3371,squat,squat,0,low,34.966270446777344
1,1776689563181,32.221,0.959166,2.622975,0,0.761577,1.157584,1.183216,0.489898,0.509902,156.8595,136.8148,95.08022,105.5476,squat,squat,0,low,34.966270446777344
1,1776689563181,32.321,0.959166,2.622975,0,0.761577,1.104536,1.148913,0.509902,0.565685,156.8595,148.8947,95.08022,101.3013,squat,squat,0,low,34.966270446777344
1,1776689563181,32.421,0.959166,2.39583,0.34641,0.424264,0.927362,1.378405,0.52915,0.663325,166.5082,156.6355,93.0248,100.2253,squat,squat,0,low,34.966270446777344
1,1776689563181,32.521,0.927362,2.383275,0.34641,0.52915,1.03923,1.649242,0.663325,0.69282,171.5997,162.1224,92.17621,98.00707,squat,squat,0,low,34.966270446777344
1,1776689563181,32.621,0.894427,2.19545,0.34641,0.938083,1.272792,1.805547,0.69282,0.761577,173.8392,163.3945,91.23962,96.02654,squat,squat,0,low,34.966270446777344
1,1776689563181,32.721,0.774597,1.720465,0.34641,1.131371,1.43527,1.630951,0.748331,1.104536,175.1805,163.3209,89.14842,95.07222,squat,squat,0,low,34.966270446777344
1,1776689563181,32.821,0.565685,1.726268,0.34641,1.16619,1.407125,1.618641,0.824621,1.16619,167.3777,157.7246,91.61193,97.83566,squat,squat,0,low,34.966270446777344
1,1776689563181,32.921,0.632456,2.626785,0.469042,1.264911,1.476482,1.749286,0.787401,1.157584,160.843,149.1971,95.01006,101.1162,squat,squat,0,low,34.966270446777344
1,1776689563181,33.021,1.148913,6.039867,0.447214,1.272792,1.954482,1.969772,0.8,1.077033,150.4029,140.7075,99.50549,104.3601,squat,squat,0,low,34.966270446777344
1,1776689563181,33.121,1.523155,7.062578,0.469042,1.272792,2.244994,2.271563,0.734847,1.086278,139.6325,129.8537,103.7653,109.6683,squat,squat,0,low,34.966270446777344
1,1776689563181,33.221,1.56205,7.275988,0.469042,1.019804,2.505993,2.222611,0.663325,1.216552,128.2858,117.7058,107.3582,114.715,squat,squat,0,low,34.966270446777344
1,1776689563181,33.321,1.581139,7.277362,0.489898,0.848528,2.416609,2.258318,0.678233,1,116.7292,105.0232,111.8115,119.9219,squat,squat,0,low,34.966270446777344
1,1776689563181,33.421,1.655295,7.190271,0.52915,0.748331,2.374868,2.253886,0.6,0.927362,104.1383,92.24953,117.0958,125.795,squat,squat,0,low,34.966270446777344
1,1776689563181,33.521,1.954482,7.089428,0.52915,0.547723,2.362202,2.249444,0.6,0.916515,95.62165,83.72753,121.2769,130.3129,squat,squat,0,low,34.966270446777344
1,1776689563181,33.621,1.720465,4.516636,0.34641,0.632456,2.362202,2.249444,0.6,0.916515,91.41932,83.72753,124.4067,130.3129,squat,squat,0,low,34.966270446777344
1,1776689563181,33.721,2.525866,2.723968,0.282843,0.748331,2.063977,1.939072,0.648074,0.927362,93.95924,79.38711,123.9382,132.8412,squat,squat,0,low,34.966270446777344
1,1776689563181,33.821,2.497999,3.246536,0.244949,0.87178,1.74356,1.574802,0.69282,1.122497,96.56089,82.74777,125.3558,131.5349,squat,squat,0,low,34.966270446777344
1,1776689563181,33.921,2.584569,3.48425,0.2,0.848528,1.104536,1.086278,0.774597,1.019804,106.4773,89.18007,122.3014,129.4379,squat,squat,0,low,34.966270446777344
1,1776689563181,34.021,2.584569,3.48425,0.2,0.848528,0.774597,0.894427,0.824621,0.8,106.4773,98.67081,122.3014,126.4155,squat,squat,0,low,34.966270446777344
1,1776689563181,34.121,2.675817,3.613862,0.2,0.83666,0.848528,0.98995,0.72111,1.077033,116.8238,110.5156,117.1329,122.3586,squat,squat,0,low,34.966270446777344
1,1776689563181,34.221,2.39583,3.452535,0.374166,0.787401,0.894427,1.122497,0.734847,1.191638,127.6079,118.176,111.5302,118.1782,squat,squat,0,low,34.966270446777344
1,1776689563181,34.321,2.433105,3.577709,0.424264,0.916515,0.83666,1.095445,0.69282,1.174734,137.4409,125.7907,107.7858,114.863,squat,squat,0,low,34.966270446777344
1,1776689563181,34.421,1.944222,3.736308,0.447214,0.860233,0.860233,1.019804,0.6,0.969536,146.0294,134.3974,103.4009,111.1723,squat,squat,0,low,34.966270446777344
1,1776689563181,34.521,1.272792,2.894823,0.447214,0.632456,0.787401,1.009951,0.489898,0.959166,156.2925,142.829,95.71893,106.3154,squat,squat,0,low,34.966270446777344
1,1776689563181,34.621,1.148913,2.258318,0.469042,0.632456,1.131371,1.349074,0.2,0.948683,165.8146,152.0158,91.43548,100.8541,squat,squat,0,low,34.966270446777344
1,1776689563181,34.721,0.812404,1.749286,0.447214,0.663325,1.28841,1.428286,0.2,0.938083,172.9158,158.8327,90.95039,99.43156,squat,squat,0,low,34.966270446777344
1,1776689563181,34.821,0.748331,1.805547,0.469042,0.83666,1.918333,1.378405,0.447214,0.959166,176.1365,161.5583,90.60368,97.78067,squat,squat,0,low,34.966270446777344
1,1776689563181,34.921,0.648074,2.835489,0.447214,1.311488,1.944222,1.449138,0.787401,1.702939,177.3976,161.1658,91.2222,98.08456,squat,squat,0,low,34.966270446777344
1,1776689563181,35.021,0.761577,3.4,0.424264,1.334166,1.92873,1.449138,0.969536,1.918333,174.0045,158.9857,91.7303,98.65235,squat,squat,0,low,34.966270446777344
1,1776689563181,35.121,1.077033,4.571652,0.469042,1.356466,2.12132,1.667333,0.979796,1.954482,168.6126,153.3762,94.27101,100.304,squat,squat,0,low,34.966270446777344
1,1776689563181,35.221,1.303841,5.580323,0.52915,1.44222,2.284732,1.766352,0.979796,1.974842,157.4537,146.6752,98.21958,101.9341,squat,squat,0,low,34.966270446777344
1,1776689563181,35.321,1.48324,6.42028,0.509902,1.637071,2.284732,1.766352,0.979796,1.974842,149.093,146.6752,100.3843,101.9341,squat,squat,0,low,34.966270446777344
1,1776689563181,35.421,1.754993,6.958448,0.4,1.606238,2.469818,1.720465,0.979796,1.949359,140.223,138.1766,102.8549,105.0553,squat,squat,0,low,34.966270446777344
1,1776689563181,35.521,1.783255,7.083784,0.489898,1.174734,2.370654,1.68523,0.979796,1.870829,131.4014,130.1633,106.0094,108.2436,squat,squat,0,low,34.966270446777344
1,1776689563181,35.621,1.811077,6.714164,0.489898,1.086278,2.584569,1.788854,0.761577,1.303841,119.2512,119.1849,111.4423,113.9346,squat,squat,0,low,34.966270446777344
1,1776689563181,35.721,1.811077,6.714164,0.489898,1.086278,2.949576,1.974842,0.69282,0.894427,119.2512,106.5611,111.4423,119.69,squat,squat,0,low,34.966270446777344
1,1776689563181,35.821,1.643168,5.758472,0.447214,1.048809,2.939388,1.90263,0.6,0.707107,106.3905,93.6571,115.5241,124.8227,squat,squat,0,low,34.966270446777344
1,1776689563181,35.921,1.523155,4.737088,0.374166,0.969536,2.749545,1.56205,0.6,0.6,93.38504,81.83244,120.5983,129.6417,squat,squat,0,low,34.966270446777344
1,1776689563181,36.021,1.691153,4.091455,0.374166,0.761577,2.993326,1.697056,0.648074,0.648074,85.08231,73.14838,124.5905,134.6998,squat,squat,0,low,34.966270446777344
1,1776689563181,36.121,1.766352,2.694439,0.374166,0.583095,3.039737,1.788854,0.72111,0.787401,82.19445,68.84999,126.9317,138.2827,squat,squat,0,low,34.966270446777344
1,1776689563181,36.221,1.923538,2.6533,0.4,1.772004,2.877499,1.788854,0.860233,0.948683,82.86829,73.58665,127.3738,136.7182,squat,squat,0,low,34.966270446777344
1,1776689563181,36.321,1.949359,2.557342,0.244949,2.83196,2.771281,1.529706,1.048809,1.414214,91.65697,83.66573,124.0992,132.6454,squat,squat,0,low,34.966270446777344
1,1776689563181,36.421,1.959592,2.588436,0.282843,3.101613,2.771281,1.509967,1.0583,1.649242,104.4906,96.6645,118.6233,126.5221,squat,squat,0,low,34.966270446777344
1,1776689563181,36.521,2.126029,3.069202,0.34641,3.11127,2.782085,1.529706,1.086278,1.661325,118.079,108.9945,112.3413,120.5967,squat,squat,0,low,34.966270446777344
1,1776689563181,36.621,2.297825,3.964846,0.34641,3.152776,2.370654,1.303841,1.131371,1.697056,130.5497,120.9025,107.4954,115.6373,squat,squat,0,low,34.966270446777344
1,1776689563181,36.721,2.690725,4.34281,0.34641,3.823611,1.964688,1.349074,1.407125,1.726268,143.58,132.1794,102.178,111.6753,squat,squat,0,low,34.966270446777344
1,1776689563181,36.821,2.57682,4.404543,0.316228,3.924283,1.811077,1.095445,1.428286,1.697056,156.9957,145.0612,97.3948,106.9158,squat,squat,0,low,34.966270446777344
1,1776689563181,36.921,2.572936,5.344156,0.282843,3.408812,1.811077,1.095445,1.428286,1.697056,169.1154,145.0612,95.43472,106.9158,squat,squat,0,low,34.966270446777344
1,1776689563181,37.021,2.525866,5.308484,0.244949,2.952965,1.516575,1.095445,1.32665,1.319091,177.7484,157.7773,93.43523,102.9069,squat,squat,0,low,34.966270446777344
1,1776689563181,37.121,2.525866,5.308484,0.244949,2.952965,1.208305,1.469694,1.232883,1.009951,177.7484,164.2326,93.43523,103.2953,squat,squat,0,low,34.966270446777344
1,1776689563181,37.221,2.240536,4.68188,0.469042,3.117692,1.476482,1.907878,1.224745,0.959166,184.5062,169.7835,93.39633,101.1892,squat,squat,0,low,34.966270446777344
1,1776689563181,37.321,1.341641,3.888444,0.83666,3.127299,1.679286,2.366432,1.183216,1.009951,183.9701,170.5555,95.22984,101.4254,squat,squat,0,low,34.966270446777344
1,1776689563181,37.421,1.341641,3.888444,0.83666,3.127299,1.48324,2.262742,0.848528,0.748331,183.9701,167.946,95.22984,101.9479,squat,squat,0,low,34.966270446777344
1,1776689563181,37.521,1.4,4.024922,0.83666,3.334666,1.43527,2.284732,0.678233,1.029563,178.8007,162.7564,97.30711,101.5472,squat,squat,0,low,34.966270446777344
1,1776689563181,37.621,1.865476,2.481935,0.87178,3.234192,1.714643,2.433105,0.6,0.938083,170.8138,157.7499,97.97546,101.4262,squat,squat,0,low,34.966270446777344
1,1776689563181,37.721,2.39583,4.465423,0.948683,3.397058,2.44949,2.774887,0.787401,0.948683,160.8837,150.7584,99.19793,102.9955,squat,squat,0,low,34.966270446777344
1,1776689563181,37.821,2.634388,5.196152,1.16619,3.414674,3.095157,2.807134,0.812404,0.969536,151.0555,140.7012,100.6001,105.422,squat,squat,0,low,34.966270446777344
1,1776689563181,37.921,2.565151,5.169139,1.122497,3.394113,3.331666,2.694439,0.824621,0.883176,140.019,132.0935,102.8196,107.4414,squat,squat,0,low,34.966270446777344
1,1776689563181,38.021,2.584569,5.240229,0.83666,2.874022,3.408812,2.596151,0.83666,0.894427,131.9499,125.1083,102.796,108.0604,squat,squat,0,low,34.966270446777344
1,1776689563181,38.121,2.905168,6.166036,0.848528,2.289104,3.426368,2.57682,0.824621,0.632456,125.9057,118.9189,102.8647,109.0755,squat,squat,0,low,34.966270446777344
1,1776689563181,38.221,4.370355,6.974238,0.948683,2.537715,3.529872,2.501999,0.8,0.707107,121.1073,115.9236,103.9543,109.3196,squat,squat,0,low,34.966270446777344
1,1776689563181,38.321,4.927474,6.610598,0.959166,2.611513,3.558089,2.19089,0.565685,0.734847,121.8518,117.1245,103.1848,108.2286,squat,squat,0,low,34.966270446777344
1,1776689563181,38.421,4.812484,7.311635,0.678233,2.481935,3.098387,1.708801,0.489898,0.787401,125.6874,120.5814,103.9204,107.7778,squat,squat,0,low,34.966270446777344
1,1776689563181,38.521,4.857983,7.825599,0.648074,2.513961,2.607681,1.131371,0.469042,0.8,127.7421,124.013,105.5329,107.964,squat,squat,0,low,34.966270446777344
1,1776689563181,38.621,4.977952,8.849858,0.663325,2.668333,2.607681,1.131371,0.469042,0.8,131.968,124.013,104.6014,107.964,squat,squat,0,low,34.966270446777344
1,1776689563181,38.721,4.853864,9.009995,0.663325,2.545584,2.428992,1.029563,0.447214,1.019804,134.5746,128.2359,103.7356,107.2135,squat,squat,0,low,34.966270446777344
1,1776689563181,38.821,4.223742,8.1939,0.616441,1.944222,2.428992,0.98995,0.34641,1.019804,135.9349,127.7461,103.6848,109.6622,squat,squat,0,low,34.966270446777344
1,1776689563181,38.921,2.345208,7.735632,0.374166,1.449138,2.275961,1,0.424264,0.894427,136.0632,127.2644,104.1034,110.2856,squat,squat,0,low,34.966270446777344
1,1776689563181,39.021,1.969772,7.018547,0.374166,1.280625,1.67332,0.72111,0.4,0.860233,136.5201,127.0056,104.1961,110.939,squat,squat,0,low,34.966270446777344
1,1776689563181,39.121,1.969772,7.018547,0.374166,1.280625,0.969536,0.565685,0.447214,0.8,136.5201,127.6976,104.1961,110.334,squat,squat,0,low,34.966270446777344
1,1776689563181,39.221,1.907878,6.104097,0.424264,1.349074,0.848528,0.616441,0.447214,0.774597,137.2231,128.1895,103.7711,110.4446,squat,squat,0,low,34.966270446777344
1,1776689563181,39.321,1.574802,7.568355,0.424264,1,0.824621,0.663325,0.424264,0.583095,139.7877,131.0239,102.6238,109.1696,squat,squat,0,low,34.966270446777344
1,1776689563181,39.421,1.509967,8.263171,0.6,0.979796,0.734847,0.648074,0.469042,0.4,143.1884,133.4948,102.2984,108.5034,squat,squat,0,low,34.966270446777344
1,1776689563181,39.521,1.421267,8.828363,0.583095,1,0.8,0.707107,0.374166,0.4,145.2533,133.745,101.6091,109.1367,squat,squat,0,low,34.966270446777344
1,1776689563181,39.621,1.095445,8.894942,0.583095,0.948683,0.707107,0.72111,0.374166,0.374166,145.9569,134.5328,101.7401,109.523,squat,squat,0,low,34.966270446777344
1,1776689563181,39.721,1.232883,9.014433,0.547723,0.969536,1.148913,0.761577,0.34641,0.316228,144.1987,129.9839,102.7184,111.7056,squat,squat,0,low,34.966270446777344
1,1776689563181,39.821,1.378405,9.059801,0.509902,0.883176,1.385641,0.748331,0.34641,0.4,139.4947,125.7061,104.2932,112.3486,squat,squat,0,low,34.966270446777344
1,1776689563181,39.921,1.509967,7.251207,0.52915,0.774597,1.969772,0.748331,0.34641,0.424264,134.0179,120.5751,105.949,113.3492,squat,squat,0,low,34.966270446777344
1,1776689563181,40.021,1.421267,6.273755,0.509902,0.565685,2.240536,0.98995,0.316228,0.424264,126.3198,113.3637,109.3973,115.7076,squat,squat,0,low,34.966270446777344
1,1776689563181,40.121,1.378405,5.280151,0.424264,0.4,2.262742,0.948683,0.34641,0.447214,112.5854,100.7549,115.5842,121.3043,squat,squat,0,low,34.966270446777344
1,1776689563181,40.221,1.43527,4.849742,0.4,0.447214,2.284732,0.959166,0.316228,0.424264,98.54694,88.59682,121.5062,127.2825,squat,squat,0,low,34.966270446777344
1,1776689563181,40.321,1.606238,4.573839,0.4,0.447214,2.284732,0.959166,0.316228,0.424264,88.37463,88.59682,126.2772,127.2825,squat,squat,0,low,34.966270446777344
1,1776689563181,40.421,1.865476,7.212489,0.4,0.374166,2.408319,1.077033,0.4,0.469042,82.71905,81.36774,128.5189,130.6966,squat,squat,0,low,34.966270446777344
1,1776689563181,40.521,2.054264,7.333485,0.509902,0.469042,2.572936,1.407125,0.648074,0.734847,84.82222,77.87154,127.6361,133.7058,squat,squat,0,low,34.966270446777344
1,1776689563181,40.621,2.04939,6.669333,0.4,0.489898,2.734959,1.838478,0.69282,0.938083,92.68074,82.97738,124.2786,132.1397,squat,squat,0,low,34.966270446777344
1,1776689563181,40.721,2.044505,7.233256,0.374166,0.447214,2.50998,1.732051,0.8,1.43527,107.7391,93.18655,115.584,127.3657,squat,squat,0,low,34.966270446777344
1,1776689563181,40.821,2.044505,7.233256,0.374166,0.447214,2.891366,2.525866,0.927362,1.48324,107.7391,106.7109,115.584,118.6305,squat,squat,0,low,34.966270446777344
1,1776689563181,40.921,2.2,7.622335,0.374166,0.616441,3.046309,2.785678,1.16619,1.509967,123.147,120.0526,108.8582,113.2977,squat,squat,0,low,34.966270446777344
1,1776689563181,41.021,2.275961,7.66942,0.374166,0.69282,2.86007,2.785678,1.208305,1.509967,138.907,132.7964,103.4362,107.8824,squat,squat,0,low,34.966270446777344
1,1776689563181,41.121,1.933908,5.00999,0.469042,0.734847,2.588436,2.675817,1.256981,1.421267,151.5242,144.8195,97.7897,103.3167,squat,squat,0,low,34.966270446777344
1,1776689563181,41.221,1.593738,4.870318,0.316228,0.761577,2,2.362202,1.183216,1.311488,159.6346,149.744,95.61092,102.9567,squat,squat,0,low,34.966270446777344
1,1776689563181,41.321,1.587451,4.597826,0.282843,0.72111,1.860108,2.357965,1.208305,0.860233,165.1684,154.6747,94.77576,102.5269,squat,squat,0,low,34.966270446777344
1,1776689563181,41.421,1.655295,4.424929,0.316228,0.87178,1.549193,2.088061,1.2,0.87178,171.1909,161.7637,91.92998,98.58204,squat,squat,0,low,34.966270446777344
1,1776689563181,41.521,1.456022,3.376389,0.316228,0.774597,1.655295,2.56125,1.157584,1.148913,177.9689,167.2143,89.76773,97.12849,squat,squat,0,low,34.966270446777344
1,1776689563181,41.621,0.979796,3.17175,0.374166,0.707107,2.453569,3.252691,1.174734,1.428286,178.5337,164.4841,89.88699,99.46007,squat,squat,0,low,34.966270446777344
1,1776689563181,41.721,0.969536,3.209361,0.244949,0.894427,2.517936,3.337664,1.019804,1.428286,174.6495,160.6272,91.30782,100.0624,squat,squat,0,low,34.966270446777344
1,1776689563181,41.821,1.272792,3.082207,0.244949,1,3.143247,3.426368,1.067708,1.529706,167.5082,156.6275,94.05096,99.37013,squat,squat,0,low,34.966270446777344
1,1776689563181,41.921,2.092845,3.237283,0.244949,1.077033,4.388622,3.687818,1.029563,1.587451,158.493,147.0022,95.85699,102.2369,squat,squat,0,low,34.966270446777344
1,1776689563181,42.021,3.184337,4.33359,0.2,1.516575,4.388622,3.687818,1.029563,1.587451,151.992,147.0022,96.41108,102.2369,squat,squat,0,low,34.966270446777344
1,1776689563181,42.121,3.495712,4.745524,0.244949,1.697056,5.17494,3.605551,1.16619,2.213594,145.3286,137.1623,96.75571,104.8161,squat,squat,0,low,34.966270446777344
1,1776689563181,42.221,3.498571,4.787484,0.316228,1.849324,5.619608,3.252691,1.407125,2.810694,138.7449,131.5598,99.31731,104.8777,squat,squat,0,low,34.966270446777344
1,1776689563181,42.321,3.674235,4.853864,0.547723,1.923538,5.491812,2.083267,1.643168,3.231099,131.4779,126.0132,102.1881,105.7184,squat,squat,0,low,34.966270446777344
1,1776689563181,42.421,3.802631,4.931531,0.547723,1.811077,5.520869,1.870829,2.130728,3.924283,122.3137,119.7338,105.8142,107.4112,squat,squat,0,low,34.966270446777344
1,1776689563181,42.521,3.438023,4.890808,0.547723,1.794436,5.57315,1.81659,2.19545,4.209513,113.7548,114.3688,109.5324,109.8303,squat,squat,0,low,34.966270446777344
1,1776689563181,42.621,3.438023,4.890808,0.547723,1.794436,5.049752,1.224745,2.177154,4.204759,113.7548,107.9493,109.5324,111.9376,squat,squat,0,low,34.966270446777344
1,1776689563181,42.721,3.03315,4.458699,0.547723,1.50333,4.688283,1.122497,2.181742,4.022437,104.7039,99.64457,114.0631,115.9195,squat,squat,0,low,34.966270446777344
1,1776689563181,42.821,3.052867,4.282523,0.547723,1.363818,4.042276,0.959166,1.907878,3.563706,95.85617,92.99091,118.8676,120.4202,squat,squat,0,low,34.966270446777344
1,1776689563181,42.921,3.252691,5.089204,0.469042,1.612452,3.712142,1.392839,1.68523,3.043025,91.79938,88.9159,120.924,123.2384,squat,squat,0,low,34.966270446777344
1,1776689563181,43.021,5.519058,5.257376,0.141421,1.456022,3.644173,1.593738,1.43527,2.383275,93.67563,93.35915,120.4246,122.1598,squat,squat,0,low,34.966270446777344
1,1776689563181,43.121,5.700877,5.039841,0,1.428286,3.307567,1.568439,1.122497,1.749286,101.0155,104.3217,118.2878,119.1659,squat,squat,0,low,34.966270446777344
1,1776689563181,43.221,6.311893,5.215362,0,1.428286,2.925748,1.428286,1.113553,1.870829,113.1797,114.9922,112.9937,113.9223,squat,squat,0,low,34.966270446777344
1,1776689563181,43.321,6.395311,5.366563,0.282843,1.428286,2.236068,1.4,1.067708,1.83303,128.2221,127.1222,104.8188,108.7313,squat,squat,0,low,34.966270446777344
1,1776689563181,43.421,6.318227,5.143929,0.4,1.4,1.509967,1.469694,1.067708,1.788854,136.6378,138.1358,105.7292,103.9825,squat,squat,0,low,34.966270446777344
1,1776689563181,43.521,6.26578,4.331282,0.787401,1.90263,1.371131,1.183216,1.048809,1.777639,144.8043,145.1727,101.3444,102.7663,squat,squat,0,low,34.966270446777344
1,1776689563181,43.621,4.422669,3.784178,0.824621,1.944222,1.371131,1.183216,1.048809,1.777639,151.8363,145.1727,97.11683,102.7663,squat,squat,0,low,34.966270446777344
1,1776689563181,43.721,4.034848,3.676955,0.87178,2.289104,1.4,0.860233,0.761577,1.593738,158.1603,150.4921,92.96165,100.7735,squat,squat,0,low,34.966270446777344
1,1776689563181,43.821,3.043025,3.535534,0.98995,2.611513,1.469694,0.979796,0.547723,1.272792,163.8936,148.9676,89.79619,104.769,squat,squat,0,low,34.966270446777344
1,1776689563181,43.921,2.154066,2.742262,0.948683,2.626785,1.476482,1.019804,0.469042,0.707107,167.1257,152.3394,86.35705,104.3808,squat,squat,0,low,34.966270446777344
1,1776689563181,44.021,1.749286,2.097618,1.113553,2.645751,1.385641,1.029563,0.509902,0.663325,171.1539,155.2433,83.2328,101.1408,squat,squat,0,low,34.966270446777344
1,1776689563181,44.121,1.341641,1.56205,1.256981,2.734959,1.019804,0.916515,0.489898,0.72111,173.1577,159.3804,81.79121,98.48505,squat,squat,0,low,34.966270446777344
1,1776689563181,44.221,1.385641,1.581139,1.516575,3.224903,0.948683,1.077033,0.509902,0.8,176.3748,160.3251,80.34156,97.79528,squat,squat,0,low,34.966270446777344
1,1776689563181,44.321,1.385641,1.581139,1.516575,3.224903,1.048809,1.516575,0.678233,1.264911,176.3748,160.961,80.34156,97.09657,squat,squat,0,low,34.966270446777344
1,1776689563181,44.421,1.363818,1.624808,1.714643,3.630427,1.407125,1.737815,0.948683,1.74356,178.2283,161.1025,80.29501,96.46455,squat,squat,0,low,34.966270446777344
1,1776689563181,44.521,1.363818,1.509967,1.783255,3.577709,1.32665,1.772004,1.03923,2.149419,178.7143,162.9044,81.40484,96.01888,squat,squat,0,low,34.966270446777344
1,1776689563181,44.621,1.371131,1.378405,1.777639,3.521363,1.542725,2.149419,1.296148,3.052867,179.0371,162.4998,81.31583,98.13667,squat,squat,0,low,34.966270446777344
1,1776689563181,44.721,1.549193,1.612452,1.74356,3.518523,1.568439,2.310844,1.378405,3.146426,177.3448,159.4468,82.30672,98.61772,squat,squat,0,low,34.966270446777344
1,1776689563181,44.821,2.059126,2.420744,1.536229,3.255764,1.766352,2.315167,1.44222,3.429286,171.5438,156.5562,85.51205,96.51006,squat,squat,0,low,34.966270446777344
1,1776689563181,44.921,2.10238,2.675817,1.232883,2.887906,2.126029,2.253886,1.392839,3.49285,161.7683,148.3109,89.49939,98.95416,squat,squat,0,low,34.966270446777344
1,1776689563181,45.021,2.019901,2.630589,1.191638,3.246536,1.979899,2.004994,1.240967,3.376389,149.7991,138.2457,94.30927,102.193,squat,squat,0,low,34.966270446777344
1,1776689563181,45.121,2.054264,2.701851,1.067708,3.429286,1.944222,1.939072,1.16619,3.271086,139.9675,131.4875,97.38035,104.1798,squat,squat,0,low,34.966270446777344
1,1776689563181,45.221,2.059126,2.734959,1.077033,3.59444,1.8,1.606238,0.979796,2.626785,135.6435,129.2444,97.92391,105.4784,squat,squat,0,low,34.966270446777344
1,1776689563181,45.321,2.019901,2.778489,1.131371,3.63318,1.8,1.606238,0.979796,2.626785,136.7753,129.2444,99.17791,105.4784,squat,squat,0,low,34.966270446777344
1,1776689563181,45.421,1.449138,4.034848,1.140175,3.674235,1.907878,1.16619,0.761577,2.39583,138.5677,129.277,101.106,109.1446,squat,squat,0,low,34.966270446777344
1,1776689563181,45.521,1.272792,4.06694,1.104536,3.569314,1.933908,1.783255,0.787401,2.073644,143.9767,133.0947,97.82984,107.2603,squat,squat,0,low,34.966270446777344
1,1776689563181,45.621,1.449138,4.615192,0.969536,2.986637,1.766352,2.362202,0.707107,1.661325,154.611,142.0537,91.13422,101.5711,squat,squat,0,low,34.966270446777344
1,1776689563181,45.721,1.449138,4.692547,0.848528,2.607681,1.581139,2.310844,0.678233,1.643168,166.1603,150.4367,87.7274,97.99279,squat,squat,0,low,34.966270446777344
1,1776689563181,45.821,1.414214,5.07937,0.916515,2.48596,1.624808,2.366432,0.72111,1.760682,165.1176,161.6141,91.08175,93.68975,squat,squat,0,low,34.966270446777344
1,1776689563181,45.921,1.421267,5.329165,0.905538,2.416609,1.624808,2.387467,0.8,1.754993,159.9836,157.2509,94.52413,97.08467,squat,squat,0,low,34.966270446777344
1,1776689563181,46.021,1.421267,5.329165,0.905538,2.416609,1.523155,2.370654,0.812404,1.679286,159.9836,149.6259,94.52413,102.0959,squat,squat,0,low,34.966270446777344
1,1776689563181,46.121,1.708801,4.783304,0.905538,2.349468,1.43527,2.253886,0.72111,2.107131,152.284,142.4464,97.64367,106.3963,squat,squat,0,low,34.966270446777344
1,1776689563181,46.221,1.618641,5.321654,0.894427,2.545584,1.191638,1.606238,1.048809,2.35372,145.8466,134.634,100.3261,110.9168,squat,squat,0,low,34.966270446777344
1,1776689563181,46.321,1.766352,5.457106,0.848528,2.441311,0.938083,2.416609,1.407125,2.387467,138.3844,124.9952,103.6528,116.6809,squat,squat,0,low,34.966270446777344
1,1776689563181,46.421,1.81659,5.531727,0.72111,1.892089,0.959166,2.521904,1.449138,2.227106,127.9519,113.7212,108.4601,121.8633,squat,squat,0,low,34.966270446777344
1,1776689563181,46.521,3.009984,5.209607,0.52915,1.32665,0.905538,2.584569,1.43527,2.249444,115.6602,101.5865,114.3268,126.8076,squat,squat,0,low,34.966270446777344
1,1776689563181,46.621,4.949748,5.772348,0.424264,1.334166,0.848528,2.6533,1.48324,2.262742,100.397,88.51134,121.8436,133.056,squat,squat,0,low,34.966270446777344
1,1776689563181,46.721,5.063595,6.536054,0.447214,1.421267,0.72111,2.701851,1.48324,1.994994,87.97198,77.65647,127.8598,138.3101,squat,squat,0,low,34.966270446777344
1,1776689563181,46.821,5.069517,5.801724,0.469042,1.086278,0.916515,2.672078,1.356466,1.702939,81.72348,72.71852,131.1302,140.3409,squat,squat,0,low,34.966270446777344
1,1776689563181,46.921,5.327288,5.021952,0.469042,1.03923,0.916515,2.672078,1.356466,1.702939,80.59641,72.71852,130.0482,140.3409,squat,squat,0,low,34.966270446777344
1,1776689563181,47.021,5.366563,4.643275,0.447214,1.421267,1.157584,1.918333,0.98995,1.811077,85.50392,76.19577,126.4135,137.9222,squat,squat,0,low,34.966270446777344
1,1776689563181,47.121,5.398148,7.356629,0.34641,1.726268,1.131371,1.568439,0.979796,1.974842,96.14572,84.40562,124.0614,134.8221,squat,squat,0,low,34.966270446777344
1,1776689563181,47.221,3.63318,7.634134,0.4,1.959592,2.092845,1.923538,1.019804,2.009975,108.89,96.31097,119.0081,130.3501,squat,squat,0,low,34.966270446777344
1,1776689563181,47.321,3.663332,7.179136,0.316228,2.014944,3.075711,1.974842,0.938083,2.603843,120.8412,113.43,114.2021,122.4606,squat,squat,0,low,34.966270446777344
1,1776689563181,47.421,4.034848,7.648529,0.316228,2.140093,3.203124,2.387467,0.938083,2.6,135.2037,132.8971,108.2098,113.2593,squat,squat,0,low,34.966270446777344
1,1776689563181,47.521,3.59444,8.052329,0.34641,2.126029,3.237283,2.588436,0.83666,2.537715,147.4638,140.3298,104.2264,112.4177,squat,squat,0,low,34.966270446777344
1,1776689563181,47.621,3.635932,8.495881,0.707107,3.805259,3.17805,2.634388,0.734847,2.240536,160.7383,144.5477,97.08434,111.6767,squat,squat,0,low,34.966270446777344
1,1776689563181,47.721,3.635932,8.495881,0.707107,3.805259,3.181195,2.679552,0.632456,2.039608,160.7383,146.24,97.08434,110.0345,squat,squat,0,low,34.966270446777344
1,1776689563181,47.821,3.880722,6.360817,1.363818,4.091455,2.993326,2.469818,0.489898,1.907878,169.126,148.5335,94.26265,109.3821,squat,squat,0,low,34.966270446777344
1,1776689563181,47.921,3.397058,6,1.523155,4.149699,1.50333,2.461707,0.69282,1.240967,176.3729,152.1256,88.75272,107.1564,squat,squat,0,low,34.966270446777344
1,1776689563181,48.021,3.495712,8.373769,1.587451,4.814561,1.32665,2.293469,0.734847,0.812404,174.0363,154.6278,90.1648,105.9775,squat,squat,0,low,34.966270446777344
1,1776689563181,48.121,3.37046,7.919596,1.630951,4.760252,0.848528,1.581139,0.734847,0.774597,169.1229,150.1022,95.91322,107.2893,squat,squat,0,low,34.966270446777344
1,1776689563181,48.221,3.108054,8.039901,2.10238,4.977952,1.371131,2.664582,0.734847,0.948683,169.6464,148.6187,94.65765,107.2373,squat,squat,0,low,34.966270446777344
1,1776689563181,48.321,3.082207,7.807688,2.213594,4.363485,1.68523,3.429286,0.848528,1.428286,162.6641,142.649,99.02273,110.8516,squat,squat,0,low,34.966270446777344
1,1776689563181,48.421,2.529822,7.752419,2.024846,3.903844,1.737815,3.709447,0.87178,2.362202,155.224,137.4799,102.6059,112.6076,squat,squat,0,low,34.966270446777344
1,1776689563181,48.521,2.477902,7.735632,1.876166,3.841875,1.772004,3.797368,0.83666,2.611513,146.1227,129.1827,107.7646,118.1701,squat,squat,0,low,34.966270446777344
1,1776689563181,48.621,1.555635,4.029888,1.81659,2.828427,2.158703,3.836665,0.748331,2.622975,137.4186,122.3065,113.1173,121.5428,squat,squat,0,low,34.966270446777344
1,1776689563181,48.721,1.009951,3.765634,1.811077,2.884441,2.158703,3.836665,0.748331,2.622975,127.3709,122.3065,117.8067,121.5428,squat,squat,0,low,34.966270446777344
1,1776689563181,48.821,0.748331,2.949576,1.334166,2.461707,2.437212,3.828838,0.748331,2.649528,114.8394,110.9149,123.8933,127.3053,squat,squat,0,low,34.966270446777344
1,1776689563181,48.921,0.72111,1.174734,1.113553,2.240536,2.302173,3.379349,0.748331,2.630589,101.2989,97.55489,130.837,134.6258,squat,squat,0,low,34.966270446777344
1,1776689563181,49.021,2.262742,1.104536,32.16147,1.606238,2.039608,2.675817,0.678233,2.457641,89.22565,82.67664,137.6889,142.8098,squat,squat,0,low,34.966270446777344
1,1776689563181,49.121,2.529822,5.370289,70.46843,1.529706,1.989975,2.204541,0.824621,1.969772,82.33573,72.34219,140.8217,147.9802,squat,squat,0,low,34.966270446777344
1,1776689563181,49.221,2.687006,5.674504,75.64377,1.749286,2.32379,3.203124,1.4,2.541653,83.75462,67.65573,137.8727,150.7537,squat,squat,0,low,34.966270446777344
1,1776689563181,49.321,2.749545,5.956509,75.82599,3.013304,2.433105,4.368066,1.555635,3.206244,91.07042,71.84812,133.1403,146.5561,squat,squat,0,low,34.966270446777344
1,1776689563181,49.421,2.749545,5.956509,75.82599,3.013304,2.154066,4.483303,1.542725,3.461214,91.07042,84.85572,133.1403,136.3261,squat,squat,0,low,34.966270446777344
1,1776689563181,49.521,2.745906,6.19193,76.8,3.295451,2.227106,4.675468,1.542725,4.135215,105.0177,101.4778,124.3826,126.3223,squat,squat,0,low,34.966270446777344
1,1776689563181,49.621,3.776242,6.182233,78.32739,3.258834,2.258318,4.529901,1.593738,4.340507,122.4278,120.1306,115.5151,117.3769,squat,squat,0,low,34.966270446777344
1,1776689563181,49.721,3.834058,6.367103,78.93124,3.231099,2.319483,4.556314,1.568439,4.347413,138.7087,136.0956,107.8515,109.7464,squat,squat,0,low,34.966270446777344
1,1776689563181,49.821,3.349627,4.420407,46.76024,3.203124,2.517936,4.152108,1.086278,4.22611,152.0926,147.2553,102.0588,104.6532,squat,squat,0,low,34.966270446777344
1,1776689563181,49.921,3.212476,3.165438,31.47507,3.394113,2.782085,3.405877,0.583095,3.66606,158.8097,153.5766,99.64747,101.5783,squat,squat,0,low,34.966270446777344
1,1776689563181,50.021,3.159114,2.87054,31.6686,3.127299,3.026549,3.527038,1.349074,5.310367,162.5873,156.2775,98.06474,100.0378,squat,squat,0,low,34.966270446777344
1,1776689563181,50.121,3.146426,2.172556,30.37696,4.64758,2.925748,3.246536,2.034699,7.190271,162.3499,153.8101,97.75094,100.971,squat,squat,0,low,34.966270446777344
1,1776689563181,50.221,2.249444,2.111871,26.71254,5.442426,2.877499,3.234192,2.135416,7.561746,158.8472,147.833,97.93476,103.3709,squat,squat,0,low,34.966270446777344
1,1776689563181,50.321,0.979796,1.509967,22.02271,5.433231,2.877499,3.234192,2.135416,7.561746,151.8513,147.833,100.46,103.3709,squat,squat,0,low,34.966270446777344
1,1776689563181,50.421,0.616441,1.489967,17.52027,5.43875,2.894823,3.196873,2.140093,7.65637,144.9627,141.5697,103.4037,104.95,squat,squat,0,low,34.966270446777344
1,1776689563181,50.521,0.616441,1.581139,13.23782,5.43875,3.08545,3.391165,2.140093,7.523297,136.4992,134.299,106.7634,107.8247,squat,squat,0,low,34.966270446777344
1,1776689563181,50.621,0.69282,1.428286,9.602083,5.308484,2.887906,2.622975,2.140093,7.484651,127.1409,126.6618,110.2598,110.4974,squat,squat,0,low,34.966270446777344
1,1776689563181,50.721,0.678233,1.341641,7.647222,3.802631,2.649528,1.708801,1.83303,6.788225,118.7087,117.7543,112.6543,114.6665,squat,squat,0,low,34.966270446777344
1,1776689563181,50.821,0.663325,1.414214,6.459102,1.772004,2.645751,1.529706,1.095445,4.04475,107.9747,107.728,117.1875,119.2084,squat,squat,0,low,34.966270446777344
1,1776689563181,50.921,0.565685,1.462874,5.317894,1.876166,2.61916,1.574802,0.632456,1.918333,96.32719,94.853,121.9502,124.504,squat,squat,0,low,34.966270446777344
1,1776689563181,51.021,0.509902,1.174734,4.509989,3.405877,2.679552,1.876166,0.509902,1.414214,86.47824,81.95061,127.201,130.4799,squat,squat,0,low,34.966270446777344
1,1776689563181,51.121,0.509902,1.174734,4.509989,3.405877,2.584569,1.612452,0.787401,1.90263,86.47824,73.10869,127.201,135.5927,squat,squat,0,low,34.966270446777344
1,1776689563181,51.221,0.969536,2.785678,3.690528,3.786819,1.90263,1.516575,1.726268,2.357965,80.64272,71.23643,129.8992,136.7594,squat,squat,0,low,34.966270446777344
1,1776689563181,51.321,1.529706,10.48427,3.016621,3.757659,1.4,1.939072,2.4,2.720294,81.96087,75.44114,129.2474,134.3097,squat,squat,0,low,34.966270446777344
1,1776689563181,51.421,1.732051,10.65551,2.391652,3.828838,1.311488,2.149419,2.513961,2.807134,88.37943,83.16557,126.1701,130.9065,squat,squat,0,low,34.966270446777344
1,1776689563181,51.521,1.811077,10.90688,2.149419,4.106093,1.456022,2.19545,2.525866,2.884441,100.1142,96.34621,120.1158,123.5801,squat,squat,0,low,34.966270446777344
1,1776689563181,51.621,2.177154,11.78728,1.933908,4.331282,1.303841,2.116601,2.525866,2.853069,114.201,111.1138,112.8162,116.2231,squat,squat,0,low,34.966270446777344
1,1776689563181,51.721,2.469818,12.26295,1.568439,3.379349,1.264911,1.81659,2.44949,2.44949,129.4174,124.8925,106.2546,110.3944,squat,squat,0,low,34.966270446777344
1,1776689563181,51.821,2.481935,12.3199,1.148913,2.796426,1.536229,1.92873,2.10238,2.004994,142.1917,137.2419,101.0614,104.5001,squat,squat,0,low,34.966270446777344
1,1776689563181,51.921,2.10238,6.786752,1.019804,2.908608,1.8,1.959592,1.157584,1.732051,154.0801,147.3957,96.82214,101.3863,squat,squat,0,low,34.966270446777344
1,1776689563181,52.021,1.954482,6.360817,1,2.87054,1.8,1.959592,1.157584,1.732051,162.6077,147.3957,93.69234,101.3863,squat,squat,0,low,34.966270446777344
1,1776689563181,52.121,1.90263,6.074537,0.883176,4.149699,3.04959,2.675817,0.547723,1.529706,169.4576,155.3828,89.76736,97.87984,squat,squat,0,low,34.966270446777344
1,1776689563181,52.221,1.679286,4.308132,0.848528,5.883876,3.104835,2.912044,0.8,2.986637,168.4128,159.9544,90.56734,94.59935,squat,squat,0,low,34.966270446777344
1,1776689563181,52.321,1.140175,2.258318,0.883176,6.162792,3.286335,2.946184,1.256981,4.3909,164.2135,156.8355,92.41646,96.3456,squat,squat,0,low,34.966270446777344
1,1776689563181,52.421,0.916515,1.303841,0.883176,6.056402,3.394113,3.026549,1.606238,4.608687,155.3459,150.2272,97.29153,99.61317,squat,squat,0,low,34.966270446777344
1,1776689563181,52.521,0.905538,1.356466,0.916515,5.964898,3.438023,2.95973,1.587451,4.604346,144.5193,142.6604,103.002,103.0232,squat,squat,0,low,34.966270446777344
1,1776689563181,52.621,0.905538,1.280625,0.916515,5.948109,3.343651,2.817801,1.788854,4.589118,133.0698,133.4663,107.6234,107.6156,squat,squat,0,low,34.966270446777344
1,1776689563181,52.721,0.948683,1.256981,0.938083,5.672742,2.588436,2.063977,1.8,4.538723,121.3427,121.4422,112.2549,113.7219,squat,squat,0,low,34.966270446777344
1,1776689563181,52.821,0.948683,1.256981,0.938083,5.672742,2.019901,1.593738,1.772004,4.012481,121.3427,107.4893,112.2549,120.3694,squat,squat,0,low,34.966270446777344
1,1776689563181,52.921,0.969536,1.363818,0.748331,2.810694,1.783255,1.509967,1.581139,2.12132,108.2535,93.07349,117.4249,126.6329,squat,squat,0,low,34.966270446777344
1,1776689563181,53.021,0.927362,1.371131,0.489898,2.796426,1.449138,1.702939,1.183216,1.009951,96.01428,80.87462,123.4563,133.2411,squat,squat,0,low,34.966270446777344
1,1776689563181,53.121,0.734847,1.334166,0.707107,3.820995,0.959166,1.714643,1.363818,1.363818,87.11703,73.50915,128.2544,137.7045,squat,squat,0,low,34.966270446777344
1,1776689563181,53.221,1.371131,3.246536,0.678233,3.919183,1.019804,2.10238,1.661325,1.737815,84.09871,73.42838,129.6077,137.353,squat,squat,0,low,34.966270446777344
1,1776689563181,53.321,1.428286,5.38145,0.707107,4.176123,2.034699,3.136878,1.876166,2.177154,87.96172,79.95503,127.1189,134.1227,squat,squat,0,low,34.966270446777344
1,1776689563181,53.421,1.476482,5.370289,0.707107,4.237924,2.615339,3.423449,1.944222,2.557342,95.94695,88.40131,124.03,130.2658,squat,squat,0,low,34.966270446777344
1,1776689563181,53.521,1.469694,5.542562,0.824621,4.604346,2.87054,3.498571,1.918333,2.803569,106.5798,100.372,119.4052,123.6904,squat,squat,0,low,34.966270446777344
1,1776689563181,53.621,2.12132,5.936329,0.938083,4.458699,2.839014,3.411744,1.90263,2.738613,118.8684,113.3355,112.8076,117.0891,squat,squat,0,low,34.966270446777344
1,1776689563181,53.721,2.481935,6.360817,0.860233,3.4322,2.839014,3.411744,1.90263,2.738613,131.6552,113.3355,107.5973,117.0891,squat,squat,0,low,34.966270446777344
1,1776689563181,53.821,2.374868,6.351378,0.748331,3.420526,2.828427,3.385262,1.777639,2.679552,142.8251,125.754,104.2394,112.1383,squat,squat,0,low,34.966270446777344
1,1776689563181,53.921,2.357965,4.591296,0.761577,3.261901,2.8,3.237283,1.549193,2.657066,148.8422,135.473,103.2278,108.6967,squat,squat,0,low,34.966270446777344
1,1776689563181,54.021,2.32379,4.540925,0.734847,3.376389,2.428992,2.645751,0.959166,2.293469,153.9558,142.5367,99.72233,105.5631,squat,squat,0,low,34.966270446777344
1,1776689563181,54.121,2.310844,4.411349,0.69282,3.544009,2.387467,2.19545,0.565685,1.923538,160.5246,147.5774,96.63045,103.3141,squat,squat,0,low,34.966270446777344
1,1776689563181,54.221,1.923538,3.847077,0.316228,3.44093,3.231099,2.641969,0.6,1.43527,166.6734,151.5146,94.40041,101.6053,squat,squat,0,low,34.966270446777344
1,1776689563181,54.321,1.421267,3.264966,0.282843,3.507136,3.8704,2.694439,0.678233,1.854724,171.8133,158.6817,92.34297,97.84486,squat,squat,0,low,34.966270446777344
1,1776689563181,54.421,1.086278,2.209072,0.282843,3.316625,4.404543,3.143247,1.095445,2.387467,179.1685,165.774,88.86104,94.6834,squat,squat,0,low,34.966270446777344
1,1776689563181,54.521,1.086278,2.209072,0.282843,3.316625,4.460942,3.307567,1.095445,2.218107,179.1685,172.6994,88.86104,92.66906,squat,squat,0,low,34.966270446777344
1,1776689563181,54.621,1.0583,2.04939,0.2,3.340659,4.483303,3.331666,1.356466,2.209072,189.5251,176.2431,84.78763,92.22749,squat,squat,0,low,34.966270446777344
1,1776689563181,54.721,1.240967,4.27785,1.311488,4.730751,4.178516,3.11127,1.378405,2.218107,192.703,176.7825,89.38629,92.94885,squat,squat,0,low,34.966270446777344
1,1776689563181,54.821,1.296148,5.124451,1.732051,5.300943,3.352611,2.638181,1.334166,2.48596,181.3217,180.3236,98.24991,90.5114,squat,squat,0,low,34.966270446777344
1,1776689563181,54.921,1.280625,5.319774,1.74356,5.37215,2.529822,2.416609,1.407125,2.572936,179.5057,187.0521,93.94717,87.97052,squat,squat,0,low,34.966270446777344
1,1776689563181,55.021,5.083306,5.317894,1.881489,5.295281,1.232883,1.860108,1.954482,4.498888,181.5684,186.8559,92.95711,89.67681,squat,squat,0,low,34.966270446777344
1,1776689563181,55.121,5.213444,5.758472,2.073644,5.251667,1.702939,1.469694,2.457641,6.135145,187.799,185.3175,90.26509,88.06342,squat,squat,0,low,34.966270446777344
1,1776689563181,55.221,5.429549,5.813776,2.083267,5.316013,1.766352,1.449138,2.734959,7.436397,186.6466,181.6304,91.43363,90.50358,squat,squat,0,low,34.966270446777344
1,1776689563181,55.321,5.488169,5.72014,1.881489,4.770744,1.939072,1.28841,2.817801,7.821764,183.2127,178.7793,92.52415,90.78934,squat,squat,0,low,34.966270446777344
1,1776689563181,55.421,5.815496,3.906405,1.421267,4.164133,1.939072,1.28841,2.817801,7.821764,178.4447,178.7793,92.84274,90.78934,squat,squat,0,low,34.966270446777344
1,1776689563181,55.521,5.991661,4.029888,1.989975,6.044833,4.029888,1.979899,3.062679,8.773825,172.087,172.7989,94.50216,93.12689,squat,squat,0,low,34.966270446777344
1,1776689563181,55.621,3.449638,4.12553,2,7.475293,4.514421,2.408319,3.146426,9.281163,163.7514,161.1951,97.94457,99.16344,squat,squat,0,low,34.966270446777344
1,1776689563181,55.721,3.301515,3.46987,1.777639,8.103086,4.816638,2.712932,2.789265,8.821565,154.8307,153.358,100.6345,101.6713,squat,squat,0,low,34.966270446777344
1,1776689563181,55.821,2.942788,3.289377,1.772004,8.13265,4.651881,2.929164,2.592296,8.024961,146.7184,145.8612,103.9673,104.8102,squat,squat,0,low,34.966270446777344
1,1776689563181,55.921,2.727636,3.274141,1.81659,7.958643,4.514421,2.880972,2.097618,7.097887,134.609,136.8575,109.2976,108.2518,squat,squat,0,low,34.966270446777344
1,1776689563181,56.021,2.622975,2.557342,1.83303,7.803845,4.509989,2.877499,1.974842,6.545227,119.9454,121.3062,115.8028,115.5861,squat,squat,0,low,34.966270446777344
1,1776689563181,56.121,2.39583,1.783255,1.077033,6.448256,3.426368,2.645751,1.68523,5.484524,104.4765,104.1911,123.1755,123.8236,squat,squat,0,low,34.966270446777344
1,1776689563181,56.221,2.39583,1.783255,1.077033,6.448256,1.870829,2.181742,1.449138,4.164133,104.4765,89.03986,123.1755,131.5482,squat,squat,0,low,34.966270446777344
1,1776689563181,56.321,2.349468,1.385641,0.812404,4.8,0.969536,1.649242,1.529706,3.6,93.53147,80.01831,128.2578,136.6948,squat,squat,0,low,34.966270446777344
1,1776689563181,56.421,2.297825,1.854724,0.812404,3.544009,1.319091,1.319091,1.697056,2.989983,89.53055,78.17027,129.5588,137.5652,squat,squat,0,low,34.966270446777344
1,1776689563181,56.521,5.245951,1.81659,0.824621,3.532704,2.622975,2.383275,1.989975,2.603843,92.14137,82.86065,127.7468,134.5725,squat,squat,0,low,34.966270446777344
1,1776689563181,56.621,5.314132,3.298485,0.87178,4.037326,2.7313,3.286335,2.315167,3.155947,98.94041,92.3487,124.8744,130.3145,squat,squat,0,low,34.966270446777344
1,1776689563181,56.721,5.91777,3.823611,0.707107,4.2,2.803569,3.340659,2.310844,3.572114,109.8469,103.3233,118.4247,124.264,squat,squat,0,low,34.966270446777344
1,1776689563181,56.821,6.133514,4.335896,0.761577,3.931921,2.785678,3.264966,2.310844,3.847077,120.9385,113.4642,113.237,119.5525,squat,squat,0,low,34.966270446777344
1,1776689563181,56.921,6.373382,5.637375,0.883176,3.310589,2.935984,3.518523,2.404163,5.3066,131.6518,123.5786,108.0626,114.75,squat,squat,0,low,34.966270446777344
1,1776689563181,57.021,6.554388,6.292853,0.959166,3.088689,2.935984,3.518523,2.404163,5.3066,143.459,123.5786,102.3714,114.75,squat,squat,0,low,34.966270446777344
1,1776689563181,57.121,4.857983,6.281719,0.938083,2.894823,3.334666,3.839271,2.140093,5.349766,157.7406,138.4874,96.5139,107.3274,squat,squat,0,low,34.966270446777344
1,1776689563181,57.221,4.576025,6.264184,0.916515,2.116601,2.884441,3.733631,1.726268,5.321654,169.9108,151.9585,93.8875,102.6646,squat,squat,0,low,34.966270446777344
1,1776689563181,57.321,3.939543,5.678028,0.938083,1.542725,2.764055,3.117692,1.28841,4.961854,178.5371,162.2892,92.05289,99.89929,squat,squat,0,low,34.966270446777344
1,1776689563181,57.421,3.009984,5.761944,0.83666,1.612452,2.83196,3.062679,1.157584,4.503332,185.9797,172.2224,90.2615,96.39414,squat,squat,0,low,34.966270446777344
1,1776689563181,57.521,2.745906,4.580393,0.72111,2.727636,2.874022,3.209361,1.16619,4.34281,189.7007,177.1855,88.53755,95.1954,squat,squat,0,low,34.966270446777344
1,1776689563181,57.621,2.302173,3.423449,0.547723,4.012481,2.87054,3.019934,1.56205,3.546829,191.2762,178.4024,88.2579,94.2207,squat,squat,0,low,34.966270446777344
1,1776689563181,57.721,2.227106,3.187475,0.616441,5.329165,2.75318,2.709244,1.667333,4.322037,186.6388,178.0718,89.68429,94.97578,squat,squat,0,low,34.966270446777344
1,1776689563181,57.821,2.116601,3.212476,0.883176,6.774954,2.293469,2.213594,1.876166,4.77284,183.1869,175.9595,89.66219,93.96503,squat,squat,0,low,34.966270446777344
1,1776689563181,57.921,2.116601,3.212476,0.883176,6.774954,2.424871,2.345208,2.231591,5.921149,183.1869,169.6895,89.66219,95.5946,squat,squat,0,low,34.966270446777344
1,1776689563181,58.021,2.258318,3.036445,1.708801,8.778382,3.046309,2.533772,2.32379,6.791171,177.0458,161.3405,90.48065,97.88218,squat,squat,0,low,34.966270446777344
1,1776689563181,58.121,2.10238,2.469818,1.8,9.304837,3.181195,2.39583,2.592296,7.618399,169.5993,155.7876,91.87541,97.81275,squat,squat,0,low,34.966270446777344
1,1776689563181,58.221,1.81659,2.092845,1.811077,9.179325,3.283291,2.533772,2.723968,7.605261,162.4368,149.5151,94.05131,98.69575,squat,squat,0,low,34.966270446777344
1,1776689563181,58.321,1.43527,2.014944,1.81659,8.826097,3.334666,2.497999,2.657066,7.019971,152.7719,138.9597,97.72822,103.5389,squat,squat,0,low,34.966270446777344
1,1776689563181,58.421,1.449138,3.733631,1.783255,8.080842,3.385262,2.391652,2.569046,6.743886,140.145,125.6464,102.5593,109.0739,squat,squat,0,low,34.966270446777344
1,1776689563181,58.521,1.43527,4.154516,1.720465,7.347108,3.391165,2.068816,2.227106,5.748043,127.084,110.6848,107.7368,115.7086,squat,squat,0,low,34.966270446777344
1,1776689563181,58.621,1.224745,4.709565,0.916515,4.571652,2.935984,1.954482,2.083267,4.649731,112.1985,94.48009,114.3741,124.4406,squat,squat,0,low,34.966270446777344
1,1776689563181,58.721,1.174734,4.737088,0.883176,5.091169,2.935984,1.954482,2.083267,4.649731,99.27698,94.48009,121.3322,124.4406,squat,squat,0,low,34.966270446777344
1,1776689563181,58.821,2.186321,4.762352,1.048809,5.94138,2.877499,2.267157,2.009975,3.193744,90.11365,81.70656,127.1498,132.3803,squat,squat,0,low,34.966270446777344
1,1776689563181,58.921,2.186321,4.762352,1.048809,5.94138,2.764055,2.19545,1.794436,2.222611,90.11365,76.12732,127.1498,136.1647,squat,squat,0,low,34.966270446777344
1,1776689563181,59.021,4.27785,4.365776,1.2,6.445153,2.469818,2.068816,2.083267,2.158703,95.11765,77.88498,123.6477,135.7494,squat,squat,0,low,34.966270446777344
1,1776689563181,59.121,4.384062,4.173728,1.341641,6.915201,2.218107,2.073644,2.533772,3.524202,106.1926,87.02071,117.3239,130.8705,squat,squat,0,low,34.966270446777344
1,1776689563181,59.221,5.674504,3.709447,1.469694,6.903622,2.445404,2.952965,2.727636,6.004998,119.2825,98.43631,110.5405,122.945,squat,squat,0,low,34.966270446777344
1,1776689563181,59.321,6.321392,5.902542,1.303841,6.708204,2.236068,3.168596,2.771281,6.374951,131.0862,110.7483,102.6136,116.7863,squat,squat,0,low,34.966270446777344
1,1776689563181,59.421,6.246599,6.615134,1.104536,5.760208,2.209072,2.86007,2.723968,6.506919,147.6492,123.5643,96.03945,110.3766,squat,squat,0,low,34.966270446777344
1,1776689563181,59.521,5.782733,6.577233,1.183216,5.355371,2.6533,2.925748,2.607681,6.838128,163.7459,140.9287,93.45185,103.1361,squat,squat,0,low,34.966270446777344
1,1776689563181,59.621,5.782733,6.577233,1.183216,5.355371,2.6533,2.993326,2.275961,6.997142,163.7459,162.2012,93.45185,94.71233,squat,squat,0,low,34.966270446777344
1,1776689563181,59.721,5.264978,6.488451,1.086278,4.995998,2.849561,3.234192,1.737815,6.657327,170.2932,176.772,94.98357,92.27456,squat,squat,0,low,34.966270446777344
1,1776689563181,59.821,5.234501,6.292853,0.969536,4.20238,2.588436,2.782085,1.462874,4.774934,174.7128,175.3551,95.73482,97.07558,squat,squat,0,low,34.966270446777344
1,1776689563181,59.921,4.303487,6.424951,0.69282,4.135215,2.461707,1.923538,1.392839,3.66606,179.3266,164.4933,95.1632,107.1365,squat,squat,0,low,34.966270446777344
1,1776689563181,60.021,3.826225,4.632494,0.663325,2.963106,2.6,2.553429,1.2,3.411744,182.0925,159.6984,96.05286,108.7731,squat,squat,0,low,34.966270446777344
1,1776689563181,60.121,4.927474,3.023243,0.774597,1.509967,3.101613,3.947151,1.086278,2.615339,182.863,170.7376,96.73412,99.38547,squat,squat,0,low,34.966270446777344
1,1776689563181,60.221,4.975942,2.908608,0.707107,1.56205,3.828838,4.284857,1.067708,1.708801,185.4537,170.2445,95.66327,97.16261,squat,squat,0,low,34.966270446777344
1,1776689563181,60.321,4.97996,3.555278,0.969536,1.489967,3.962322,4.31509,0.969536,1.489967,186.4575,170.3341,94.65356,95.16967,squat,squat,0,low,34.966270446777344
1,1776689563181,60.421,5.007994,3.283291,1.104536,1.860108,3.962322,4.31509,0.969536,1.489967,189.7715,170.3341,92.18906,95.16967,squat,squat,0,low,34.966270446777344
1,1776689563181,60.521,4.975942,2.891366,1.095445,1.907878,3.982461,4.534314,0.734847,1.44222,187.9073,172.8995,93.80599,90.65302,squat,squat,0,low,34.966270446777344
1,1776689563181,60.621,4.298837,2.891366,1.104536,1.897367,4.012481,4.578209,0.632456,1.32665,181.2288,174.9387,98.38549,88.1992,squat,squat,0,low,34.966270446777344
1,1776689563181,60.721,2.374868,2.428992,1.104536,1.854724,3.957272,4.374928,0.69282,1.378405,177.5852,176.8206,99.72403,87.10757,squat,squat,0,low,34.966270446777344
1,1776689563181,60.821,2.10238,2.433105,1.019804,1.661325,3.17175,3.17805,0.663325,1.356466,177.1954,178.2673,99.23215,86.10622,squat,squat,0,low,34.966270446777344
1,1776689563181,60.921,1.881489,0.905538,0.848528,1.697056,2.092845,2.271563,0.632456,1.256981,175.5783,178.9531,98.54315,86.18774,squat,squat,0,low,34.966270446777344
1,1776689563181,61.021,1.754993,0.927362,0.787401,2,1.208305,1.754993,0.678233,1.148913,176.4875,178.7681,94.43359,87.02402,squat,squat,0,low,34.966270446777344
1,1776689563181,61.121,1.749286,0.648074,0.632456,2.19545,0.774597,1.067708,0.72111,0.748331,178.448,179.859,91.06824,85.71937,squat,squat,0,low,34.966270446777344
1,1776689563181,61.221,1.612452,0.648074,0.894427,2.209072,0.565685,0.707107,0.663325,0.678233,180.8252,179.9994,88.61412,85.98479,squat,squat,0,low,34.966270446777344
1,1776689563181,61.321,1.612452,0.648074,0.894427,2.209072,0.663325,1.16619,0.583095,0.69282,180.8252,180.6027,88.61412,85.8497,squat,squat,0,low,34.966270446777344
1,1776689563181,61.421,1.456022,0.648074,1.702939,2.465765,0.848528,1.44222,0.583095,0.583095,182.0279,179.539,88.25455,86.74947,squat,squat,0,low,34.966270446777344
1,1776689563181,61.521,0.812404,0.469042,2.130728,2.701851,0.938083,1.679286,0.565685,0.663325,182.2941,179.1528,87.99444,86.98274,squat,squat,0,low,34.966270446777344
1,1776689884089,347.521,0.447214,0.632456,0.424264,1.587451,1.095445,0.83666,1.048809,3.532704,185.1095,173.3827,88.37552,96.61378,squat,squat,0,low,26.715208530426025
1,1776689884089,347.621,0.509902,0.734847,0.509902,1.749286,1.0583,0.734847,1.16619,3.695944,180.9191,171.0242,91.79605,99.00436,squat,squat,0,low,26.715208530426025
1,1776689884089,347.721,0.547723,0.748331,0.509902,1.760682,0.774597,1,1.208305,3.720215,179.4731,168.5368,92.87344,99.91053,squat,squat,0,low,26.715208530426025
1,1776689884089,347.821,0.547723,0.72111,0.509902,1.827567,0.72111,0.98995,1.183216,3.475629,178.648,168.6613,93.85315,98.72572,squat,squat,0,low,26.715208530426025
1,1776689884089,347.921,0.469042,0.69282,0.424264,1.870829,0.616441,1,1.113553,3.143247,177.8154,167.4005,94.70995,102.4968,squat,squat,0,low,26.715208530426025
1,1776689884089,348.021,0.469042,0.707107,0.547723,1.749286,0.707107,1.067708,1,2.668333,180.2467,167.8758,94.00651,99.99291,squat,squat,0,low,26.715208530426025
1,1776689884089,348.121,0.489898,0.6,0.678233,1.349074,0.916515,1.048809,0.774597,1.732051,183.3001,171.6957,93.07831,98.38519,squat,squat,0,low,26.715208530426025
1,1776689884089,348.221,0.489898,0.565685,3.376389,1.865476,0.916515,1,0.69282,1.43527,183.5313,174.9105,92.76784,96.28095,squat,squat,0,low,26.715208530426025
1,1776689884089,348.321,0.447214,0.547723,10.3846,1.90263,0.916515,0.774597,0.894427,1.529706,184.5027,175.5015,91.44685,95.46914,squat,squat,0,low,26.715208530426025
1,1776689884089,348.421,0.52915,0.8,140.6732,1.854724,0.927362,0.565685,0.916515,1.827567,183.6365,172.9632,91.68043,96.67915,squat,squat,0,low,26.715208530426025
1,1776689884089,348.521,0.648074,0.812404,153.7578,1.827567,1.349074,0.848528,0.969536,1.954482,181.6188,168.7067,92.74682,96.79872,squat,squat,0,low,26.715208530426025
1,1776689884089,348.621,0.678233,0.812404,162.1077,1.81659,1.92873,1.509967,1.095445,2.521904,172.4602,162.3673,95.07719,97.57941,squat,squat,0,low,26.715208530426025
1,1776689884089,348.721,0.707107,1.637071,163.4951,1.827567,1.92873,1.509967,1.095445,2.521904,163.6894,162.3673,97.2286,97.57941,squat,squat,0,low,26.715208530426025
1,1776689884089,348.821,0.72111,1.624808,163.9185,1.009951,2.638181,2.249444,1.067708,2.657066,155.8354,158.1799,98.24322,97.56584,squat,squat,0,low,26.715208530426025
1,1776689884089,348.921,0.72111,1.661325,165.5164,0.927362,3.337664,2.645751,1.048809,2.785678,147.7678,149.2231,99.07878,101.0415,squat,squat,0,low,26.715208530426025
1,1776689884089,349.021,0.72111,1.661325,165.5164,0.927362,3.926831,3.286335,0.774597,2.48998,147.7678,141.6421,99.07878,102.1025,squat,squat,0,low,26.715208530426025
1,1776689884089,349.121,0.663325,1.581139,111.6541,1.272792,4.261455,3.725587,0.678233,2.319483,141.249,135.5267,100.0354,104.2521,squat,squat,0,low,26.715208530426025
1,1776689884089,349.221,0.616441,1.587451,77.36266,1.256981,4.303487,3.8,0.69282,2.135416,135.2574,128.5148,100.5667,106.4379,squat,squat,0,low,26.715208530426025
1,1776689884089,349.321,0.6,1.587451,65.05259,1.256981,4.05216,3.630427,0.52915,1.679286,125.3941,118.116,104.2889,110.8629,squat,squat,0,low,26.715208530426025
1,1776689884089,349.421,0.6,0.916515,62.11071,1.249,3.627671,3.224903,0.547723,1.131371,113.1607,105.0722,109.7081,117.6309,squat,squat,0,low,26.715208530426025
1,1776689884089,349.521,0.489898,0.678233,64.48116,1.216552,3.069202,2.908608,0.52915,0.8,100.7142,92.42506,116.084,124.8874,squat,squat,0,low,26.715208530426025
1,1776689884089,349.621,0.583095,0.8,62.44758,1.334166,2.302173,2.310844,0.6,0.707107,95.09777,86.38669,117.9237,128.0165,squat,squat,0,low,26.715208530426025
1,1776689884089,349.721,0.6,0.616441,56.44289,1.311488,1.469694,1.649242,1.249,2.240536,97.29994,87.82522,116.0675,127.0904,squat,squat,0,low,26.715208530426025
1,1776689884089,349.821,0.663325,0.6,48.49495,1.708801,1.174734,1.529706,2.181742,3.826225,103.082,94.27248,114.0402,123.7005,squat,squat,0,low,26.715208530426025
1,1776689884089,349.921,0.72111,0.6,40.30285,1.783255,1.2,1.489967,3.206244,5.31225,110.876,102.4283,111.3525,120.0912,squat,squat,0,low,26.715208530426025
1,1776689884089,350.021,1.122497,0.632456,32.90927,1.838478,1.536229,1.643168,3.86523,6.038211,118.4093,110.8133,109.3699,116.4526,squat,squat,0,low,26.715208530426025
1,1776689884089,350.121,1.392839,0.69282,26.45827,1.90263,1.68523,1.720465,4.144876,6.2482,125.0954,118.7934,108.7433,114.062,squat,squat,0,low,26.715208530426025
1,1776689884089,350.221,1.732051,0.52915,21.25465,1.822087,1.83303,1.876166,4.273172,6.296031,133.3347,127.3476,106.3426,110.7672,squat,squat,0,low,26.715208530426025
1,1776689884089,350.321,1.83303,0.547723,16.93458,1.630951,1.92873,2.073644,4.178516,6.053098,139.2589,132.735,106.5051,110.1973,squat,squat,0,low,26.715208530426025
1,1776689884089,350.421,1.923538,1.414214,13.58234,1.303841,1.92873,2.073644,4.178516,6.053098,146.4813,132.735,101.9857,110.1973,squat,squat,0,low,26.715208530426025
1,1776689884089,350.521,1.897367,1.469694,10.88944,1.296148,1.90263,1.979899,3.841875,5.344156,154.8991,140.4133,99.25408,105.4327,squat,squat,0,low,26.715208530426025
1,1776689884089,350.621,1.726268,1.44222,8.654479,1.341641,1.854724,1.897367,3.174901,4.149699,160.6317,146.5024,98.81049,104.4666,squat,squat,0,low,26.715208530426025
1,1776689884089,350.721,1.726268,1.44222,8.654479,1.341641,1.637071,1.788854,2.249444,2.963106,160.6317,152.2959,98.81049,102.3322,squat,squat,0,low,26.715208530426025
1,1776689884089,350.821,1.568439,1.509967,6.760178,1.303841,1.496663,1.838478,1.630951,2.424871,163.9062,155.0915,98.46554,102.2713,squat,squat,0,low,26.715208530426025
1,1776689884089,350.921,1.280625,1.593738,5.09902,1.249,1.095445,1.881489,1.174734,2.306513,168.7424,159.9113,96.71725,99.77732,squat,squat,0,low,26.715208530426025
1,1776689884089,351.021,1.104536,1.679286,3.969887,1.157584,0.848528,1.708801,1.157584,2.315167,173.0487,163.7574,94.40908,97.63706,squat,squat,0,low,26.715208530426025
1,1776689884089,351.121,1.392839,1.783255,3.316625,1.0583,0.860233,1.311488,1.224745,2.267157,176.9768,167.4257,92.01512,95.37357,squat,squat,0,low,26.715208530426025
1,1776689884089,351.221,1.574802,1.876166,2.983287,1.03923,1.029563,1.542725,1.131371,1.907878,182.2861,172.6262,88.55554,92.17292,squat,squat,0,low,26.715208530426025
1,1776689884089,351.321,1.876166,1.969772,2.817801,1.81659,1.048809,1.702939,0.927362,1.03923,187.5403,176.433,87.33664,91.28487,squat,squat,0,low,26.715208530426025
1,1776689884089,351.421,1.989975,1.964688,2.867054,2.821347,1.0583,1.766352,0.824621,0.938083,189.4611,178.5738,87.14135,91.41471,squat,squat,0,low,26.715208530426025
1,1776689884089,351.521,1.954482,1.90263,2.874022,2.979933,1.019804,1.509967,0.8,0.616441,189.0705,176.6176,88.28843,93.45506,squat,squat,0,low,26.715208530426025
1,1776689884089,351.621,1.907878,1.865476,2.738613,3.174901,1.0583,1.469694,0.848528,0.824621,184.1467,173.6587,89.95802,93.35272,squat,squat,0,low,26.715208530426025
1,1776689884089,351.721,1.661325,1.697056,2.638181,3.786819,0.948683,1.469694,1.048809,1.378405,176.5805,165.8312,92.36771,95.05819,squat,squat,0,low,26.715208530426025
1,1776689884089,351.821,1.456022,1.2,2.420744,4.154516,1.029563,1.643168,1.095445,1.536229,166.5863,161.2952,95.37821,94.87988,squat,squat,0,low,26.715208530426025
1,1776689884089,351.921,1.2,1.232883,1.984943,4.132796,1.256981,1.56205,1.148913,1.697056,158.3898,152.4516,96.54171,98.58387,squat,squat,0,low,26.715208530426025
1,1776689884089,352.021,0.883176,1.385641,1.385641,3.464102,1.256981,1.56205,1.148913,1.697056,148.7844,152.4516,99.46865,98.58387,squat,squat,0,low,26.715208530426025
1,1776689884089,352.121,0.824621,1.766352,1.113553,3.181195,1.341641,1.489967,1.232883,1.720465,139.5131,143.2249,104.0564,102.5719,squat,squat,0,low,26.715208530426025
1,1776689884089,352.221,0.824621,1.92873,1.148913,3.059412,1.606238,1.587451,1.216552,1.754993,125.34,131.7063,111.5494,108.7601,squat,squat,0,low,26.715208530426025
1,1776689884089,352.321,0.824621,1.923538,1.224745,2.4,1.606238,1.6,1.216552,1.8,109.0361,118.2174,120.0061,115.3029,squat,squat,0,low,26.715208530426025
1,1776689884089,352.421,0.824621,1.923538,1.224745,2.4,1.630951,1.555635,1.019804,1.593738,109.0361,103.3636,120.0061,122.6495,squat,squat,0,low,26.715208530426025
1,1776689884089,352.521,0.87178,1.83303,1.16619,1.549193,1.568439,1.174734,0.83666,1.581139,93.89619,89.54518,127.8772,129.7271,squat,squat,0,low,26.715208530426025
1,1776689884089,352.621,0.72111,1.892089,1.148913,0.707107,1.32665,1.104536,0.916515,1.811077,85.38625,82.02148,131.8524,133.0595,squat,squat,0,low,26.715208530426025
1,1776689884089,352.721,0.616441,1.876166,1.0583,0.774597,1.16619,1.183216,1.113553,2.622975,83.56907,81.32633,132.106,133.0839,squat,squat,0,low,26.715208530426025
1,1776689884089,352.821,0.616441,1.414214,0.916515,1.019804,1.174734,1.280625,1.574802,3.331666,87.21623,86.98128,129.1848,129.4371,squat,squat,0,low,26.715208530426025
1,1776689884089,352.921,0.734847,1.131371,0.812404,1,1.349074,1.303841,2.177154,4.009987,97.26453,96.62781,122.993,123.204,squat,squat,0,low,26.715208530426025
1,1776689884089,353.021,0.927362,1.086278,0.547723,1.009951,1.489967,1.44222,2.336664,4.173728,107.4439,105.2673,117.7904,119.9121,squat,squat,0,low,26.715208530426025
1,1776689884089,353.121,1.191638,1.067708,0.52915,0.938083,1.516575,1.449138,2.408319,4.207137,116.9533,112.7597,113.8201,116.9508,squat,squat,0,low,26.715208530426025
1,1776689884089,353.221,1.697056,0.883176,0.565685,2.004994,1.496663,1.655295,2.517936,4.195235,125.4782,120.3909,110.6885,113.9761,squat,squat,0,low,26.715208530426025
1,1776689884089,353.321,1.984943,0.787401,0.616441,2.2,1.516575,1.8,2.379076,3.770941,134.5292,127.9524,106.7175,111.1301,squat,squat,0,low,26.715208530426025
1,1776689884089,353.421,2.227106,1.392839,0.6,2.111871,1.449138,1.81659,2.126029,3.114482,143.1805,134.683,104.085,109.1765,squat,squat,0,low,26.715208530426025
1,1776689884089,353.521,2.293469,1.876166,0.489898,2.073644,1.449138,2.177154,1.624808,2.135416,150.6419,141.1148,102.6613,107.7805,squat,squat,0,low,26.715208530426025
1,1776689884089,353.621,2.231591,1.881489,0.489898,2.092845,1.303841,2.097618,1.232883,1.50333,159.1068,149.2593,99.34807,104.7656,squat,squat,0,low,26.715208530426025
1,1776689884089,353.721,2.181742,1.90263,0.509902,2.130728,1.303841,2.097618,1.232883,1.50333,165.5582,149.2593,98.25857,104.7656,squat,squat,0,low,26.715208530426025
1,1776689884089,353.821,1.81659,1.897367,0.469042,1.496663,1.356466,2.19089,1.077033,1.122497,170.424,154.2848,96.94586,103.9915,squat,squat,0,low,26.715208530426025
1,1776689884089,353.921,1.74356,2.019901,0.447214,0.761577,1.356466,2.107131,1.019804,0.98995,175.0134,158.9514,94.75952,102.2196,squat,squat,0,low,26.715208530426025
1,1776689884089,354.021,1.939072,1.92873,0.848528,1.0583,1.523155,2.267157,1.208305,0.979796,183.0613,164.6669,90.84937,99.47771,squat,squat,0,low,26.715208530426025
1,1776689884089,354.121,1.939072,1.92873,0.848528,1.0583,1.979899,3.140064,1.264911,1.095445,183.0613,171.7881,90.84937,96.81866,squat,squat,0,low,26.715208530426025
1,1776689884089,354.221,1.865476,1.363818,1.140175,1.892089,2.349468,3.466987,1.183216,1.077033,189.3228,177.7846,90.52071,96.17551,squat,squat,0,low,26.715208530426025
1,1776689884089,354.321,1.907878,1.256981,1.157584,1.886796,2.293469,3.44093,1.191638,1.086278,190.659,179.0556,90.54346,96.09491,squat,squat,0,low,26.715208530426025
1,1776689884089,354.421,1.939072,1.232883,1.157584,2.349468,2.209072,3.388215,1.174734,0.98995,186.8557,174.0461,92.09901,97.33686,squat,squat,0,low,26.715208530426025
1,1776689884089,354.521,1.939072,1.224745,1.311488,3.228003,2.236068,3.478505,1.140175,1.280625,179.8176,167.1913,93.74999,97.88368,squat,squat,0,low,26.715208530426025
1,1776689884089,354.621,1.805547,1.077033,1.496663,3.560899,2.412468,3.611094,0.969536,1.249,170.7944,161.4561,94.59239,97.06275,squat,squat,0,low,26.715208530426025
1,1776689884089,354.721,1.536229,1.296148,1.43527,3.569314,2.236068,2.84605,1.363818,1.655295,163.0455,154.335,95.16844,98.68024,squat,squat,0,low,26.715208530426025
1,1776689884089,354.821,1.587451,1.489967,1.208305,3.130495,1.667333,2.209072,1.421267,1.760682,153.0029,144.6163,98.01678,102.4365,squat,squat,0,low,26.715208530426025
1,1776689884089,354.921,1.536229,2.068816,1.191638,3.146426,1.649242,2.209072,1.43527,1.766352,141.0108,133.0907,102.6287,107.7092,squat,squat,0,low,26.715208530426025
1,1776689884089,355.021,1.48324,2.213594,1.264911,2.922328,1.630951,2.310844,1.421267,1.865476,126.1444,117.465,109.5322,115.7234,squat,squat,0,low,26.715208530426025
1,1776689884089,355.121,1.392839,2.236068,1.183216,2.12132,1.568439,2.336664,1.356466,1.969772,108.0276,99.93649,118.4408,124.3705,squat,squat,0,low,26.715208530426025
1,1776689884089,355.221,1.549193,2.284732,0.883176,1.086278,1.256981,1.788854,1.208305,2.019901,91.41608,85.46831,126.7299,131.2188,squat,squat,0,low,26.715208530426025
1,1776689884089,355.321,1.516575,2.107131,0.69282,0.87178,0.860233,1.737815,0.69282,1.954482,82.29261,76.97361,131.4057,135.2529,squat,squat,0,low,26.715208530426025
1,1776689884089,355.421,1.183216,2.063977,0.69282,0.948683,0.860233,1.737815,0.69282,1.954482,80.38402,76.97361,132.5053,135.2529,squat,squat,0,low,26.715208530426025
1,1776689884089,355.521,1.183216,1.48324,0.583095,1.0583,0.774597,1.720465,1,2.10238,84.99147,78.79132,129.3834,134.1293,squat,squat,0,low,26.715208530426025
1,1776689884089,355.621,1.296148,1.077033,0.4,1.216552,0.812404,1.805547,1.907878,2.912044,96.65981,86.94383,121.8616,128.7523,squat,squat,0,low,26.715208530426025
1,1776689884089,355.721,1.849324,1.140175,0.34641,1.2,0.83666,1.754993,2.009975,3.249615,110.8998,97.39929,115.3091,122.8543,squat,squat,0,low,26.715208530426025
1,1776689884089,355.821,1.849324,1.140175,0.34641,1.2,0.894427,1.714643,2.054264,3.295451,110.8998,109.416,115.3091,116.9742,squat,squat,0,low,26.715208530426025
1,1776689884089,355.921,2.477902,1.224745,0.282843,1.356466,1.232883,1.838478,2.088061,3.206244,123.4191,119.8909,109.1763,111.4959,squat,squat,0,low,26.715208530426025
1,1776689884089,356.021,2.584569,1.0583,0.282843,1.92873,1.264911,2.068816,2.092845,3.120897,135.8915,130.4044,103.8375,107.7414,squat,squat,0,low,26.715208530426025
1,1776689884089,356.121,2.675817,1.077033,0.424264,2.880972,1.32665,2.253886,2.004994,2.963106,147.6218,140.1561,100.0611,104.859,squat,squat,0,low,26.715208530426025
1,1776689884089,356.221,2.675817,1.048809,0.469042,2.996665,1.256981,1.892089,1.4,2.227106,158.0449,149.9876,96.26254,101.7801,squat,squat,0,low,26.715208530426025
1,1776689884089,356.321,2.672078,1.157584,0.509902,2.912044,1.157584,1.737815,0.707107,1.371131,166.7917,157.0617,95.24786,100.741,squat,squat,0,low,26.715208530426025
1,1776689884089,356.421,2.57682,1.104536,0.632456,2.946184,1.157584,1.989975,0.734847,0.824621,171.4135,161.4565,94.57455,99.8275,squat,squat,0,low,26.715208530426025
1,1776689884089,356.521,2.289104,0.927362,0.707107,2.925748,0.98995,2.50998,0.489898,0.663325,176.9308,167.2072,91.64115,96.87687,squat,squat,0,low,26.715208530426025
1,1776689884089,356.621,2.172556,0.927362,0.72111,2.649528,1.048809,2.505993,0.447214,1.2,183.4911,173.6206,89.57166,95.05479,squat,squat,0,low,26.715208530426025
1,1776689884089,356.721,2.240536,0.948683,0.678233,1.708801,1.019804,2.35372,0.583095,1.574802,185.2761,176.563,90.78345,95.02605,squat,squat,0,low,26.715208530426025
1,1776689884089,356.821,2.186321,0.98995,0.916515,3.852272,1.16619,2.501999,0.69282,1.661325,183.9125,172.0824,91.6982,97.52493,squat,squat,0,low,26.715208530426025
1,1776689884089,356.921,2.177154,0.894427,1.593738,5.196152,1.371131,2.6533,1.216552,2.493993,176.6584,163.3103,93.78551,98.99277,squat,squat,0,low,26.715208530426025
1,1776689884089,357.021,2.083267,1.319091,1.691153,5.493633,1.749286,2.712932,1.462874,3.078961,169.3023,157.2943,95.59396,100.1423,squat,squat,0,low,26.715208530426025
1,1776689884089,357.121,1.732051,1.449138,1.679286,5.477226,1.749286,2.712932,1.462874,3.078961,160.4888,157.2943,98.27137,100.1423,squat,squat,0,low,26.715208530426025
1,1776689884089,357.221,1.303841,2.054264,1.661325,5.495453,2.140093,2.310844,1.667333,3.304542,150.8228,149.1175,101.1171,103.3172,squat,squat,0,low,26.715208530426025
1,1776689884089,357.321,1.029563,2.135416,1.67332,5.511806,2.383275,2.204541,1.708801,3.196873,139.0101,141.9558,107.6432,106.2473,squat,squat,0,low,26.715208530426025
1,1776689884089,357.421,0.905538,2.267157,1.624808,4.694678,2.32379,2.209072,1.737815,3.043025,122.4334,129.8344,115.2111,111.8779,squat,squat,0,low,26.715208530426025
1,1776689884089,357.521,0.905538,2.267157,1.624808,4.694678,2.34094,2.107131,1.67332,2.95973,122.4334,113.6165,115.2111,119.6862,squat,squat,0,low,26.715208530426025
1,1776689884089,357.621,0.927362,2.236068,1,2.615339,2.231591,1.749286,1.523155,2.572936,104.9136,97.20081,123.322,126.8545,squat,squat,0,low,26.715208530426025
1,1776689884089,357.721,0.938083,2.107131,0.69282,1.772004,2.054264,1.48324,1.148913,1.661325,90.56764,84.62678,129.4733,132.0713,squat,squat,0,low,26.715208530426025
1,1776689884089,357.821,0.916515,1.979899,0.565685,1.994994,1.720465,1.264911,0.916515,1.077033,82.42041,78.8571,133.3988,134.555,squat,squat,0,low,26.715208530426025
1,1776689884089,357.921,0.894427,1.43527,0.632456,2.271563,0.969536,0.883176,1.264911,1.574802,81.72401,81.75328,133.3081,131.6917,squat,squat,0,low,26.715208530426025
1,1776689884089,358.021,0.6,0.87178,0.748331,2.54951,0.969536,0.860233,1.67332,2.44949,89.16966,91.66468,127.4041,125.5267,squat,squat,0,low,26.715208530426025
1,1776689884089,358.121,1.341641,0.469042,0.894427,3.088689,0.916515,0.959166,1.749286,2.935984,103.6752,104.2817,118.8927,119.1337,squat,squat,0,low,26.715208530426025
1,1776689884089,358.221,2.39583,1.183216,0.969536,3.720215,0.860233,1.009951,1.843909,3.17805,117.3096,117.0742,113.0223,114.0172,squat,squat,0,low,26.715208530426025
1,1776689884089,358.321,2.803569,1.83303,0.969536,3.695944,1.32665,1.788854,1.849324,3.117692,128.9158,126.989,108.3333,109.8168,squat,squat,0,low,26.715208530426025
1,1776689884089,358.421,3.075711,1.959592,0.959166,3.627671,1.587451,2.709244,1.90263,3.101613,142.5747,138.9772,101.1107,104.6428,squat,squat,0,low,26.715208530426025
1,1776689884089,358.521,3.052867,1.954482,0.959166,3.646917,1.606238,2.672078,1.667333,2.922328,157.4083,149.5921,95.68295,101.8413,squat,squat,0,low,26.715208530426025
1,1776689884089,358.621,3.133688,2.009975,0.848528,3.452535,1.568439,2.607681,1.280625,2.328089,167.2632,157.3368,93.78748,100.1308,squat,squat,0,low,26.715208530426025
1,1776689884089,358.721,3.130495,2.271563,0.734847,3.159114,1.568439,2.607681,1.280625,2.328089,173.5598,157.3368,91.77961,100.1308,squat,squat,0,low,26.715208530426025
1,1776689884089,358.821,2.611513,2.172556,0.469042,2.167948,1.574802,2.771281,1.03923,1.56205,179.6549,162.6726,89.38863,98.70004,squat,squat,0,low,26.715208530426025
1,1776689884089,358.921,2.144761,1.637071,0.469042,2.039608,1.886796,3.304542,0.72111,0.787401,185.5355,168.7319,88.24898,96.28874,squat,squat,0,low,26.715208530426025
1,1776689884089,359.021,1.726268,1.385641,0.424264,2.029778,1.979899,3.644173,0.748331,1.349074,188.3827,174.2076,88.37057,94.55237,squat,squat,0,low,26.715208530426025
1,1776689884089,359.121,1.876166,1.385641,0.316228,1.720465,1.886796,3.155947,1.048809,2.638181,188.1098,178.2824,88.57117,94.20734,squat,squat,0,low,26.715208530426025
1,1776689884089,359.221,1.876166,1.385641,0.316228,1.720465,1.865476,3.056141,1.772004,3.218695,188.1098,177.6766,88.57117,95.08196,squat,squat,0,low,26.715208530426025
1,1776689884089,359.321,1.811077,1.421267,36.02027,3.310589,2.130728,3.231099,1.860108,3.572114,184.0929,173.1759,90.37673,95.42351,squat,squat,0,low,26.715208530426025
1,1776689884089,359.421,1.624808,0.959166,65.20107,4.927474,2.35372,3.529872,2.111871,4.230839,178.9737,165.4256,91.54311,96.8399,squat,squat,0,low,26.715208530426025
1,1776689884089,359.521,1.476482,2.140093,69.27987,5.178803,2.453569,3.382307,2.349468,4.636809,171.0491,159.8907,92.87582,96.69154,squat,squat,0,low,26.715208530426025
1,1776689884089,359.621,1.516575,2.81425,69.41225,5.136147,2.34094,2.935984,2.481935,4.730751,162.337,152.3471,94.66014,98.1448,squat,squat,0,low,26.715208530426025
1,1776689884089,359.721,1.618641,2.912044,70.01885,5.035872,2.420744,2.849561,2.457641,4.268489,150.9547,144.1434,98.61878,101.4372,squat,squat,0,low,26.715208530426025
1,1776689884089,359.821,1.356466,2.993326,71.16361,5.043808,2.497999,2.849561,1.974842,3.668787,139.9793,132.809,103.3558,106.8508,squat,squat,0,low,26.715208530426025
1,1776689884089,359.921,1.311488,2.96648,69.57959,4.485532,2.362202,2.76767,1.907878,3.452535,126.9033,121.1143,108.3435,111.9398,squat,squat,0,low,26.715208530426025
1,1776689884089,360.021,1.385641,2.963106,39.46796,2.362202,2.144761,2.209072,1.691153,2.679552,112.5411,105.6918,114.9664,119.2015,squat,squat,0,low,26.715208530426025
1,1776689884089,360.121,1.349074,2.939388,26.66383,0.98995,1.860108,1.783255,1.363818,1.90263,95.75652,90.10255,123.1059,126.1485,squat,squat,0,low,26.715208530426025
1,1776689884089,360.221,1.122497,1.224745,27.03035,1.43527,1.754993,1.43527,0.938083,1.131371,81.79615,78.11856,129.5476,131.947,squat,squat,0,low,26.715208530426025
1,1776689884089,360.321,0.894427,0.894427,26.72489,2.009975,1.414214,0.948683,1.03923,1.131371,75.82375,72.28062,131.8819,134.3922,squat,squat,0,low,26.715208530426025
1,1776689884089,360.421,0.748331,0.632456,24.33968,2.222611,1.414214,0.948683,1.03923,1.131371,75.58919,72.28062,131.8631,134.3922,squat,squat,0,low,26.715208530426025
1,1776689884089,360.521,0.761577,0.547723,20.80289,2.596151,1.077033,0.774597,1.191638,1.984943,82.17581,76.62523,129.2791,131.2293,squat,squat,0,low,26.715208530426025
1,1776689884089,360.621,1.43527,0.583095,17.55278,4.002499,1.029563,0.761577,1.827567,3.518523,96.52301,84.98324,121.7278,127.0728,squat,squat,0,low,26.715208530426025
1,1776689884089,360.721,2.19089,1.140175,14.39653,4.909175,1.03923,0.787401,2.408319,4.690416,111.2341,98.37784,114.5403,120.4413,squat,squat,0,low,26.715208530426025
1,1776689884089,360.821,2.716616,1.714643,11.58275,4.880574,1.191638,0.959166,2.61916,4.814561,124.8863,110.8884,107.8674,115.1261,squat,squat,0,low,26.715208530426025
1,1776689884089,360.921,2.716616,1.714643,11.58275,4.880574,1.43527,1.6,2.634388,4.860041,124.8863,123.4381,107.8674,109.6369,squat,squat,0,low,26.715208530426025
1,1776689884089,361.021,2.760435,1.81659,9.350936,4.70319,1.356466,1.974842,2.626785,4.88467,139.6667,136.004,101.5743,105.9338,squat,squat,0,low,26.715208530426025
1,1776689884089,361.121,2.75681,1.811077,7.661592,4.610857,1.356466,2.044505,2.61916,4.905099,153.2981,147.5464,97.27045,101.9516,squat,squat,0,low,26.715208530426025
1,1776689884089,361.221,2.835489,1.822087,6.468385,4.634652,1.363818,2.04939,2.32379,4.168932,163.4315,155.8222,94.14753,99.49068,squat,squat,0,low,26.715208530426025
1,1776689884089,361.321,2.785678,1.83303,4.827007,3.770941,1.385641,2.097618,1.68523,2.716616,171.5884,164.6698,91.42113,95.82973,squat,squat,0,low,26.715208530426025
1,1776689884089,361.421,2.293469,1.643168,3.234192,2.140093,1.68523,2.565151,1.086278,2.116601,180.1498,172.1489,88.61443,94.44141,squat,squat,0,low,26.715208530426025
1,1776689884089,361.521,1.777639,1.0583,2.481935,1.523155,1.542725,2.469818,1.148913,2.7313,184.2784,175.4764,88.6834,94.30454,squat,squat,0,low,26.715208530426025
1,1776689884089,361.621,1.612452,0.787401,2.029778,1.881489,1.334166,2.130728,1.385641,3.056141,186.4464,177.0196,87.99315,92.95406,squat,squat,0,low,26.715208530426025
1,1776689884089,361.721,1.691153,0.894427,1.886796,4.154516,1.462874,2.267157,1.224745,2.935984,183.1747,173.2057,90.05605,93.82334,squat,squat,0,low,26.715208530426025
1,1776689884089,361.821,1.606238,0.969536,2.163331,6.102458,2.149419,2.572936,1.311488,3.358571,178.2648,168.7123,90.91096,94.079,squat,squat,0,low,26.715208530426025
1,1776689884089,361.921,1.516575,1.029563,2.116601,6.417164,2.672078,2.939388,1.48324,3.458323,172.2849,162.024,91.36411,95.2328,squat,squat,0,low,26.715208530426025
1,1776689884089,362.021,1.74356,0.969536,1.860108,6.42028,2.75681,2.821347,1.6,3.524202,161.8448,154.9357,94.20848,96.99495,squat,squat,0,low,26.715208530426025
1,1776689884089,362.121,1.726268,1.029563,1.67332,6.423395,2.75681,2.821347,1.6,3.524202,152.7248,154.9357,96.65604,96.99495,squat,squat,0,low,26.715208530426025
1,1776689884089,362.221,1.661325,0.927362,1.655295,6.432729,2.742262,2.57682,1.568439,3.114482,140.5838,145.6597,100.9762,99.67297,squat,squat,0,low,26.715208530426025
1,1776689884089,362.321,1.643168,0.894427,1.679286,5.676267,2.807134,2.545584,1.496663,2.638181,125.6938,133.2197,107.0763,105.5991,squat,squat,0,low,26.715208530426025
1,1776689884089,362.421,1.68523,0.774597,1.280625,3.043025,2.771281,2.370654,1.56205,2.56125,108.3256,117.3753,114.3688,112.3799,squat,squat,0,low,26.715208530426025
1,1776689884089,362.521,1.649242,0.648074,1.148913,1.606238,2.315167,1.969772,1.6,1.643168,92.58826,99.49078,121.943,120.0966,squat,squat,0,low,26.715208530426025
1,1776689884089,362.621,1.649242,0.648074,1.148913,1.606238,1.827567,1.509967,1.392839,1.095445,92.58826,85.5643,121.943,126.7074,squat,squat,0,low,26.715208530426025
1,1776689884089,362.721,1.32665,0.632456,1.2,2.222611,1.606238,1.587451,1.264911,0.959166,82.96288,77.27118,127.1814,130.9307,squat,squat,0,low,26.715208530426025
1,1776689884089,362.821,1.122497,0.565685,1.2,2.611513,1.489967,1.529706,1.32665,1.679286,81.09818,79.81995,129.0002,128.9246,squat,squat,0,low,26.715208530426025
1,1776689884089,362.921,0.948683,0.547723,1.224745,3.127299,1.385641,1.536229,1.92873,3.130495,84.5757,87.62695,127.8878,124.9444,squat,squat,0,low,26.715208530426025
1,1776689884089,363.021,1.2,0.52915,1.296148,3.828838,1.356466,1.6,2.319483,4.485532,99.479,102.5882,119.6585,117.7506,squat,squat,0,low,26.715208530426025
1,1776689884089,363.121,2.366432,0.761577,1.385641,4.235564,1.363818,1.860108,2.289104,4.728636,112.7756,115.281,114.7597,112.4898,squat,squat,0,low,26.715208530426025
1,1776689884089,363.221,2.986637,1.341641,1.303841,4.538723,1.667333,2.315167,2.271563,4.835287,126.6788,127.485,109.0228,108.1809,squat,squat,0,low,26.715208530426025
1,1776689884089,363.321,3.019934,1.378405,1.249,4.363485,1.618641,2.204541,2.469818,4.97996,141.0352,140.5302,103.1911,103.6079,squat,squat,0,low,26.715208530426025
1,1776689884089,363.421,3.016621,1.356466,1.191638,4.166533,1.456022,2.088061,2.565151,4.97996,154.6103,151.5561,98.65131,100.409,squat,squat,0,low,26.715208530426025
1,1776689884089,363.521,3.052867,1.378405,1.095445,3.8704,1.414214,2.111871,2.163331,4.411349,164.5587,159.6387,95.32712,98.52832,squat,squat,0,low,26.715208530426025
1,1776689884089,363.621,3.162278,1.392839,0.948683,3.193744,1.414214,2.186321,1.549193,3.019934,174.7716,167.8625,91.28938,95.18748,squat,squat,0,low,26.715208530426025
1,1776689884089,363.721,2.720294,1.378405,0.632456,2.501999,1.462874,2.332381,1.334166,2.675817,182.7046,173.7264,88.14808,94.07766,squat,squat,0,low,26.715208530426025
1,1776689884089,363.821,2.009975,0.916515,0.565685,1.794436,1.462874,2.332381,1.334166,2.675817,185.7264,173.7264,89.32423,94.07766,squat,squat,0,low,26.715208530426025
1,1776689884089,363.921,1.886796,0.583095,0.69282,3.08545,1.148913,1.849324,1.476482,3.307567,185.7199,177.736,89.62331,93.04752,squat,squat,0,low,26.715208530426025
1,1776689884089,364.021,1.870829,0.787401,1.216552,5.974948,1.113553,1.67332,1.256981,3.168596,183.8978,175.8135,89.24805,93.9492,squat,squat,0,low,26.715208530426025
1,1776689884089,364.121,1.854724,1.140175,1.392839,6.774954,1.886796,2.501999,1.0583,3.569314,177.7019,174.5681,90.86587,92.38557,squat,squat,0,low,26.715208530426025
1,1776689884089,364.221,1.720465,1.148913,1.469694,6.836666,2.231591,2.952965,1.183216,3.807887,168.0036,168.0467,94.06837,93.41754,squat,squat,0,low,26.715208530426025
1,1776689884089,364.321,1.720465,1.148913,1.469694,6.836666,2.374868,3.108054,1.341641,3.878144,168.0036,157.6644,94.06837,96.62493,squat,squat,0,low,26.715208530426025
1,1776689884089,364.421,1.643168,1.140175,1.428286,6.824955,2.336664,2.949576,1.587451,3.765634,156.0177,145.8817,97.64842,101.4217,squat,squat,0,low,26.715208530426025
1,1776689884089,364.521,1.414214,1.216552,1.456022,6.846897,2.336664,2.939388,1.68523,3.082207,142.9472,132.2759,102.0036,106.6758,squat,squat,0,low,26.715208530426025
1,1776689884089,364.621,1.104536,1.232883,1.421267,6.448256,2.284732,2.908608,1.6,2.887906,127.3867,116.5043,107.7186,112.9064,squat,squat,0,low,26.715208530426025
1,1776689884089,364.721,1.095445,1.140175,1.148913,4.485532,1.691153,2.412468,1.691153,2.19545,110.4695,99.86821,114.8848,119.7853,squat,squat,0,low,26.715208530426025
1,1776689884089,364.821,1.067708,0.663325,0.787401,2.32379,1.334166,1.732051,1.618641,1.407125,95.62057,86.84227,121.8502,126.0143,squat,squat,0,low,26.715208530426025
1,1776689884089,364.921,1.067708,0.748331,0.648074,2.293469,1.43527,1.593738,1.496663,1.303841,88.02487,79.06113,126.3761,130.1881,squat,squat,0,low,26.715208530426025
1,1776689884089,365.021,0.8,0.812404,0.707107,2.565151,1.542725,1.462874,1.334166,2.144761,86.05495,80.32304,127.4282,129.4867,squat,squat,0,low,26.715208530426025
1,1776689884089,365.121,0.632456,0.69282,0.812404,3.574913,1.6,1.456022,2.332381,4.259108,90.70043,87.34245,126.1004,126.6645,squat,squat,0,low,26.715208530426025
1,1776689884089,365.221,1.208305,0.734847,0.83666,4.377213,1.679286,1.462874,2.856571,5.858327,103.7178,102.2049,119.8477,119.4757,squat,squat,0,low,26.715208530426025
1,1776689884089,365.321,2.236068,1.0583,0.883176,4.478839,1.777639,1.749286,2.84605,6.074537,117.2543,116.3157,113.5852,113.7952,squat,squat,0,low,26.715208530426025
1,1776689884089,365.421,2.657066,1.356466,1.019804,4.597826,1.777639,1.749286,2.84605,6.074537,129.8831,116.3157,109.3134,113.7952,squat,squat,0,low,26.715208530426025
1,1776689884089,365.521,2.716616,1.311488,1.019804,4.404543,1.860108,2.073644,2.81425,6.133514,142.9861,127.4019,104.2176,110.2548,squat,squat,0,low,26.715208530426025
1,1776689884089,365.621,2.709244,1.256981,1.029563,4.335896,1.555635,2.267157,2.803569,6.311893,154.1742,140.1257,100.9862,105.5998,squat,squat,0,low,26.715208530426025
1,1776689884089,365.721,2.716616,1.224745,1.019804,3.867816,1.349074,2.19545,2.894823,6.259393,164.4996,151.1635,96.41111,101.674,squat,squat,0,low,26.715208530426025
1,1776689884089,365.821,2.75318,1.232883,0.87178,2.641969,1.28841,2.349468,2.319483,5.407403,174.6768,159.6956,92.62489,98.59306,squat,squat,0,low,26.715208530426025
1,1776689884089,365.921,2.297825,0.969536,0.787401,2.19089,1.392839,2.835489,1.224745,3.352611,184.1258,167.4586,90.51117,95.82822,squat,squat,0,low,26.715208530426025
1,1776689884089,366.021,2.297825,0.969536,0.787401,2.19089,1.392839,2.867054,1.131371,2.584569,184.1258,174.011,90.51117,94.40556,squat,squat,0,low,26.715208530426025
1,1776689884089,366.121,2.149419,0.469042,0.547723,1.843909,1.392839,2.645751,1.296148,2.70555,185.4383,175.9724,90.8569,94.36995,squat,squat,0,low,26.715208530426025
1,1776689884089,366.221,2.140093,0.424264,0.824621,4.467661,1.714643,2.48998,1.311488,2.698148,184.6067,172.3966,90.73674,94.87447,squat,squat,0,low,26.715208530426025
1,1776689884089,366.321,2.144761,0.424264,1.371131,6.636264,1.907878,2.915476,1.256981,3.215587,179.1856,169.9433,91.79416,93.18285,squat,squat,0,low,26.715208530426025
1,1776689884089,366.421,2.222611,0.509902,1.48324,7.048404,2.167948,3.331666,1.232883,3.466987,171.9489,163.576,92.93858,93.96198,squat,squat,0,low,26.715208530426025
1,1776689884089,366.521,2.345208,0.469042,1.476482,7.066824,2.289104,3.133688,1.43527,3.591657,160.0736,154.3994,96.06299,96.82096,squat,squat,0,low,26.715208530426025
1,1776689884089,366.621,2.092845,0.52915,1.50333,7.048404,2.172556,2.912044,1.428286,3.509986,149.7829,142.4322,96.46941,101.1503,squat,squat,0,low,26.715208530426025
1,1776689884089,366.721,1.649242,0.469042,1.549193,7.041307,2.130728,2.95973,1.191638,3.316625,137.8973,126.7858,100.119,107.5696,squat,squat,0,low,26.715208530426025
1,1776689884089,366.821,1.296148,0.447214,1.529706,6.345077,1.794436,2.760435,1.232883,3.11127,121.6751,109.2711,106.0066,113.4147,squat,squat,0,low,26.715208530426025
1,1776689884089,366.921,1.296148,0.424264,1.0583,3.744329,1.555635,2.332381,1.131371,2.154066,104.7393,93.60617,113.5232,119.9745,squat,squat,0,low,26.715208530426025
1,1776689884089,367.021,1.303841,0.509902,0.72111,2.34094,1.56205,1.732051,1,1.568439,92.14255,84.32012,119.254,124.3618,squat,squat,0,low,26.715208530426025
1,1776689884089,367.121,1.009951,0.547723,0.678233,2.785678,1.56205,1.732051,1,1.568439,86.97114,84.32012,121.6692,124.3618,squat,squat,0,low,26.715208530426025
1,1776689884089,367.221,0.959166,0.52915,0.707107,3.515679,1.516575,1.28841,0.774597,1.414214,89.51025,80.85719,121.956,126.7643,squat,squat,0,low,26.715208530426025
1,1776689884089,367.321,1.469694,0.547723,0.707107,4.04475,1.542725,1.048809,1.44222,2.863564,100.4235,84.0863,116.7136,126.2098,squat,squat,0,low,26.715208530426025
1,1776689884089,367.421,2.461707,0.824621,0.83666,4.6,1.655295,0.979796,2.149419,4.743416,114.6795,97.06342,109.8816,118.9499,squat,squat,0,low,26.715208530426025
1,1776689884089,367.521,3.101613,1.272792,1,5.140039,1.81659,1.191638,2.19089,5.077401,127.4147,109.0801,105.6847,114.2854,squat,squat,0,low,26.715208530426025
1,1776689884089,367.621,3.136878,1.311488,1.019804,4.935585,1.892089,1.643168,2.19545,5.112729,141.8842,121.7913,100.3141,109.986,squat,squat,0,low,26.715208530426025
1,1776689884089,367.721,3.136878,1.311488,1.019804,4.935585,1.726268,1.593738,2.213594,5.114685,141.8842,137.5529,100.3141,103.1332,squat,squat,0,low,26.715208530426025
1,1776689884089,367.821,3.082207,1.264911,1.048809,4.662617,1.48324,1.536229,2.244994,5.11664,156.2242,151.0469,96.18791,98.56306,squat,squat,0,low,26.715208530426025
1,1776689884089,367.921,3.117692,1.256981,1.019804,4.312772,1.334166,1.679286,2.039608,4.675468,166.3582,160.6718,93.71821,96.10372,squat,squat,0,low,26.715208530426025
1,1776689884089,368.021,3.078961,1.296148,0.969536,3.997499,1.272792,1.754993,1.2,3.149603,174.858,169.8375,90.59563,92.7431,squat,squat,0,low,26.715208530426025
1,1776689884089,368.121,2.557342,1.296148,1.029563,3.391165,1.157584,2.163331,0.969536,2.362202,184.7208,178.7246,88.12837,90.11353,squat,squat,0,low,26.715208530426025
1,1776689884089,368.221,2.10238,1.086278,0.774597,2.271563,1.029563,1.897367,1.334166,3.016621,189.1349,181.2818,87.79348,89.90981,squat,squat,0,low,26.715208530426025
1,1776689884089,368.321,2.140093,0.87178,0.848528,3.127299,1.32665,1.974842,1.334166,3.091925,188.9682,179.5964,86.66406,90.59045,squat,squat,0,low,26.715208530426025
1,1776689884089,368.421,2.154066,0.883176,1.191638,5.377732,1.760682,2.603843,1.462874,3.461214,183.4218,175.2801,89.86182,92.22523,squat,squat,0,low,26.715208530426025
1,1776689884089,368.521,2.107131,0.916515,1.749286,6.958448,2.12132,2.935984,1.529706,4.022437,177.0919,168.1114,90.33495,92.5509,squat,squat,0,low,26.715208530426025
1,1776689884089,368.621,2.149419,0.98995,1.811077,7.244308,2.218107,3.159114,1.568439,4.147288,167.5152,158.3578,91.30928,94.74043,squat,squat,0,low,26.715208530426025
1,1776689884089,368.721,2.034699,0.938083,1.726268,7.241547,2.209072,2.976575,1.637071,3.906405,157.5873,148.4483,92.71156,96.91805,squat,squat,0,low,26.715208530426025
1,1776689884089,368.821,1.838478,0.848528,1.708801,7.190271,2.209072,2.976575,1.637071,3.906405,146.3886,148.4483,95.85561,96.91805,squat,squat,0,low,26.715208530426025
1,1776689884089,368.921,1.224745,0.812404,1.726268,7.045566,2.149419,2.853069,1.476482,3.187475,129.0647,134.4307,102.6,102.1208,squat,squat,0,low,26.715208530426025
1,1776689884089,369.021,1.183216,0.761577,1.56205,6.079473,2.078461,2.8,1.371131,3.072458,110.8657,115.5416,109.9366,109.634,squat,squat,0,low,26.715208530426025
1,1776689884089,369.121,1.334166,0.734847,0.748331,3.549648,1.865476,2.44949,1.240967,2.6,96.55159,98.84192,115.9009,116.5078,squat,squat,0,low,26.715208530426025
1,1776689884089,369.221,1.392839,0.69282,0.52915,2.727636,1.691153,1.827567,1.067708,1.549193,89.6085,87.5373,119.3114,121.4612,squat,squat,0,low,26.715208530426025
1,1776689884089,369.321,1.264911,0.663325,0.616441,3.043025,1.319091,1.240967,0.979796,1.319091,89.56966,82.46423,120.5409,124.2513,squat,squat,0,low,26.715208530426025
1,1776689884089,369.421,1.264911,0.663325,0.616441,3.043025,1.280625,1.029563,1.385641,2.541653,89.56966,84.21768,120.5409,125.1789,squat,squat,0,low,26.715208530426025
1,1776689884089,369.521,1.264911,0.648074,0.734847,3.638681,1.249,0.927362,2.596151,5.274467,98.33323,93.97433,116.9486,120.6308,squat,squat,0,low,26.715208530426025
1,1776689884089,369.621,1.827567,0.860233,0.72111,3.757659,1.334166,1.216552,3.082207,6.195159,111.2635,106.8749,111.3683,114.298,squat,squat,0,low,26.715208530426025
1,1776689884089,369.721,2.56125,1.208305,0.707107,3.660601,1.593738,2.009975,3.1241,6.22254,122.9044,120.4595,107.3883,108.5934,squat,squat,0,low,26.715208530426025
1,1776689884089,369.821,2.70555,1.280625,0.707107,3.385262,1.581139,2.275961,3.149603,6.393747,136.4431,133.8095,102.4759,103.9059,squat,squat,0,low,26.715208530426025
1,1776689884089,369.921,2.61916,1.240967,0.761577,3.152776,1.568439,2.275961,3.221801,6.414047,150.3194,145.4052,97.71342,100.8774,squat,squat,0,low,26.715208530426025
1,1776689884089,370.021,2.6,1.216552,0.72111,2.821347,1.581139,2.227106,3.127299,6.257795,161.1807,154.0201,95.25759,98.42799,squat,squat,0,low,26.715208530426025
1,1776689884089,370.121,2.6,1.191638,0.6,2.054264,1.587451,2.213594,2.469818,4.737088,169.1804,161.2594,92.78533,96.40638,squat,squat,0,low,26.715208530426025
1,1776689884089,370.221,2.345208,1.16619,0.547723,1.456022,1.6,2.469818,1.44222,2.404163,177.942,169.4073,89.05067,92.77795,squat,squat,0,low,26.715208530426025
1,1776689884089,370.321,2.083267,0.8,0.509902,1.280625,1.428286,2.177154,1.264911,2.437212,185.3174,175.545,87.70934,92.13162,squat,squat,0,low,26.715208530426025
1,1776689884089,370.421,1.865476,0.663325,0.489898,1.449138,1.216552,1.822087,1.43527,2.457641,188.03,178.1305,88.26698,91.86446,squat,squat,0,low,26.715208530426025
1,1776689884089,370.521,2.126029,0.678233,0.34641,1.371131,1.216552,1.822087,1.43527,2.457641,186.9644,178.1305,88.59881,91.86446,squat,squat,0,low,26.715208530426025
1,1776689884089,370.621,2.135416,0.707107,0.424264,1.989975,1.555635,1.907878,1.334166,2.824889,184.5663,176.565,89.40405,92.8326,squat,squat,0,low,26.715208530426025
1,1776689884089,370.721,2.116601,0.8,0.632456,2.645751,1.843909,2.404163,1.568439,3.984972,176.453,172.2866,91.15363,93.66847,squat,squat,0,low,26.715208530426025
1,1776689884089,370.821,2.172556,0.707107,0.616441,2.8,2.204541,2.986637,2.149419,4.388622,164.8634,166.7704,93.44919,93.11253,squat,squat,0,low,26.715208530426025
1,1776689884089,370.921,1.81659,0.860233,0.616441,2.807134,2.357965,2.949576,2.315167,4.608687,153.8993,156.4294,95.3989,95.71996,squat,squat,0,low,26.715208530426025
1,1776689884089,371.021,1.523155,0.848528,0.663325,2.7313,2.34094,2.709244,2.404163,4.593473,141.1347,145.7329,99.14663,99.23791,squat,squat,0,low,26.715208530426025
1,1776689884089,371.121,1.523155,0.848528,0.663325,2.7313,2.218107,2.657066,2.461707,4.354308,141.1347,131.9795,99.14663,103.4889,squat,squat,0,low,26.715208530426025
1,1776689884089,371.221,0.927362,0.860233,0.663325,2.720294,2.078461,2.615339,2.469818,4.190465,124.6499,113.3513,105.2528,110.3914,squat,squat,0,low,26.715208530426025
1,1776689884089,371.321,0.894427,0.860233,0.678233,2.461707,1.933908,2.374868,2.328089,3.043025,106.6549,97.82018,112.8916,116.4258,squat,squat,0,low,26.715208530426025
1,1776689884089,371.421,0.905538,0.707107,0.489898,1.612452,1.788854,1.649242,1.667333,2.019901,94.24398,88.11945,118.7674,120.8535,squat,squat,0,low,26.715208530426025
1,1776689884089,371.521,0.8,0.72111,0.447214,1.421267,1.649242,1.4,1.385641,2.004994,88.08557,85.31278,122.5808,123.1735,squat,squat,0,low,26.715208530426025
1,1776689884089,371.621,0.583095,0.6,0.447214,2.029778,1.414214,1.216552,1.28841,2.7313,89.55479,86.98746,122.5903,123.0139,squat,squat,0,low,26.715208530426025
1,1776689884089,371.721,0.616441,0.565685,0.489898,2.939388,1.385641,1.183216,2.014944,4.30581,97.98544,96.20801,118.7898,118.8976,squat,squat,0,low,26.715208530426025
1,1776689884089,371.821,1.612452,0.734847,0.774597,3.304542,1.56205,1.509967,2.428992,4.901021,110.288,110.1341,112.2426,111.6512,squat,squat,0,low,26.715208530426025
1,1776689884089,371.921,2.461707,1.334166,0.812404,3.524202,1.827567,2.034699,2.44949,4.90306,121.6199,122.1035,107.9952,106.9474,squat,squat,0,low,26.715208530426025
1,1776689884089,372.021,2.884441,1.56205,0.812404,3.646917,1.732051,2.2,2.469818,4.957822,132.8329,132.0182,103.7268,104.3822,squat,squat,0,low,26.715208530426025
1,1776689884089,372.121,2.912044,1.593738,0.8,3.535534,1.732051,2.2,2.469818,4.957822,149.2068,132.0182,96.72935,104.3822,squat,squat,0,low,26.715208530426025
1,1776689884089,372.221,2.918904,1.574802,0.824621,3.435113,1.555635,2.408319,2.461707,4.868265,162.7407,145.1936,92.40925,99.60096,squat,squat,0,low,26.715208530426025
1,1776689884089,372.321,3.03315,1.630951,0.774597,2.668333,1.606238,2.420744,2.441311,4.478839,171.2756,155.0064,90.23426,97.29623,squat,squat,0,low,26.715208530426025
1,1776689884089,372.421,2.952965,1.760682,0.509902,2.240536,1.624808,2.428992,1.881489,3.391165,180.9029,162.2155,87.00123,95.10038,squat,squat,0,low,26.715208530426025
1,1776689884089,372.521,2.412468,1.542725,0.509902,1.974842,1.593738,2.32379,0.72111,1.385641,183.6849,168.8968,88.40691,92.89058,squat,squat,0,low,26.715208530426025
1,1776689884089,372.621,1.865476,1.157584,0.447214,1.44222,1.191638,1.849324,0.489898,1.272792,182.2633,174.649,91.7333,91.14759,squat,squat,0,low,26.715208530426025
1,1776689884089,372.721,1.667333,1.148913,0.565685,1.542725,1.067708,1.555635,0.632456,1.048809,179.3313,180.7052,93.50331,89.42584,squat,squat,0,low,26.715208530426025
1,1776689884089,372.821,1.667333,1.148913,0.565685,1.542725,0.948683,1.224745,0.748331,0.8,179.3313,184.3077,93.50331,88.94708,squat,squat,0,low,26.715208530426025
1,1776689884089,372.921,1.661325,1.232883,0.707107,1.918333,0.83666,1.183216,0.761577,0.905538,179.069,179.9545,93.39855,92.92239,squat,squat,0,low,26.715208530426025
1,1776689884089,373.021,1.536229,1.224745,0.860233,2.310844,0.8,1.385641,0.8,0.948683,179.4311,172.0685,93.46527,98.03241,squat,squat,0,low,26.715208530426025
1,1776689884089,373.121,1.296148,1.03923,0.916515,2.35372,1.095445,2.004994,0.812404,0.916515,179.3191,169.8571,93.58787,97.65353,squat,squat,0,low,26.715208530426025
1,1776689884089,373.221,0.860233,0.927362,1,2.44949,1.296148,2.044505,0.812404,0.905538,180.7702,172.1011,94.49268,96.62694,squat,squat,0,low,26.715208530426025
1,1776689884089,373.321,0.787401,0.959166,1.949359,2.983287,1.264911,1.974842,0.761577,0.860233,181.3938,172.9678,93.8223,92.94201,squat,squat,0,low,26.715208530426025
1,1776689884089,373.421,0.883176,1,1.954482,3.159114,1.296148,1.913113,0.565685,0.83666,185.1214,170.3092,92.75194,93.3811,squat,squat,0,low,26.715208530426025
1,1776689884089,373.521,0.848528,0.969536,1.92873,2.95973,1.28841,1.923538,0.565685,0.824621,182.9285,169.5591,94.69233,91.29664,squat,squat,0,low,26.715208530426025
1,1776689884089,373.621,1.077033,0.848528,1.90263,2.626785,1.28841,1.979899,0.547723,0.734847,179.0001,170.799,97.33898,89.1991,squat,squat,0,low,26.715208530426025
1,1776689884089,373.721,1.140175,0.761577,1.822087,2.428992,1.148913,1.68523,0.583095,0.969536,175.1031,172.646,99.81056,88.29422,squat,squat,0,low,26.715208530426025
1,1776689884089,373.821,1.157584,0.748331,1.83303,2.284732,1.148913,1.68523,0.583095,0.969536,177.9007,172.646,94.96484,88.29422,squat,squat,0,low,26.715208530426025
1,1776689884089,373.921,1.16619,0.72111,0.748331,1.854724,0.824621,1.766352,0.52915,1.009951,180.503,174.9486,92.01887,87.46455,squat,squat,0,low,26.715208530426025
1,1776689884089,374.021,1.0583,0.509902,0.648074,0.894427,0.83666,2.111871,0.6,1.0583,181.7963,175.6414,90.23511,87.86829,squat,squat,0,low,26.715208530426025
1,1776689884089,374.121,1.0583,0.4,0.72111,0.848528,0.87178,2.088061,0.52915,1.0583,183.0689,175.0835,88.56772,88.86629,squat,squat,0,low,26.715208530426025
1,1776689922575,386.021,0.4,0.374166,359.69,0.244949,0.8,0.489898,0.447214,0.565685,172.4737,154.5037,81.58807,132.903,lunge,lunge,left,low,24.495743989944458
1,1776689922575,386.121,0.316228,0.2,361.6256,0.244949,0.8,0.469042,0.424264,0.565685,172.713,154.2072,81.1224,132.9277,lunge,lunge,left,low,24.495743989944458
1,1776689922575,386.221,0.282843,0.2,357.4771,0.316228,0.824621,0.547723,0.447214,0.547723,172.5895,154.3215,81.20154,132.2373,lunge,lunge,left,low,24.495743989944458
1,1776689922575,386.321,0.34641,0.244949,345.8275,0.316228,0.787401,0.509902,0.424264,0.547723,173.1745,154.2219,81.19144,132.7735,lunge,lunge,left,low,24.495743989944458
1,1776689922575,386.421,0.34641,0.244949,345.8275,0.316228,0.8,0.509902,0.509902,0.6,173.1745,154.9504,81.19144,131.8705,lunge,lunge,left,low,24.495743989944458
1,1776689922575,386.521,0.374166,0.316228,310.4751,0.282843,0.648074,0.52915,0.489898,0.565685,173.3966,156.3809,81.22604,131.4892,lunge,lunge,left,low,24.495743989944458
1,1776689922575,386.621,0.4,0.316228,214.2139,0.244949,0.447214,0.52915,0.509902,0.583095,172.8989,157.1337,82.71975,131.2864,lunge,lunge,left,low,24.495743989944458
1,1776689922575,386.721,0.489898,0.4,120.4855,0.244949,0.469042,0.509902,0.632456,0.583095,171.3636,158.2548,83.40559,131.1847,lunge,lunge,left,low,24.495743989944458
1,1776689922575,386.821,0.565685,0.469042,106.065,0.282843,0.583095,0.489898,0.663325,0.583095,167.6171,157.5704,85.43282,132.0508,lunge,lunge,left,low,24.495743989944458
1,1776689922575,386.921,0.69282,0.489898,105.7915,0.34641,0.678233,0.489898,0.69282,0.734847,164.862,154.8538,86.50387,133.3543,lunge,lunge,left,low,24.495743989944458
1,1776689922575,387.021,0.678233,0.489898,117.0375,0.374166,0.707107,0.424264,0.648074,0.678233,162.2562,149.7821,86.73307,134.8584,lunge,lunge,left,low,24.495743989944458
1,1776689922575,387.121,0.69282,0.447214,109.1408,0.424264,0.69282,0.34641,0.648074,0.678233,158.2128,146.0008,86.942,136.0585,lunge,lunge,left,low,24.495743989944458
1,1776689922575,387.221,0.678233,0.424264,107.441,0.447214,0.69282,0.34641,0.648074,0.678233,152.7143,146.0008,88.42455,136.0585,lunge,lunge,left,low,24.495743989944458
1,1776689922575,387.321,0.616441,0.34641,107.9915,0.469042,0.663325,0.509902,0.616441,0.583095,145.8874,139.829,90.71447,140.5308,lunge,lunge,left,low,24.495743989944458
1,1776689922575,387.421,0.632456,0.547723,102.062,0.469042,0.734847,0.489898,0.469042,0.509902,138.2108,155.6306,92.78444,122.7355,lunge,lunge,left,low,24.495743989944458
1,1776689922575,387.521,0.547723,0.52915,123.2595,0.6,0.678233,0.469042,0.4,0.648074,131.0395,190.5641,94.49731,85.51607,lunge,lunge,left,low,24.495743989944458
1,1776689922575,387.621,0.632456,0.583095,133.8628,0.663325,0.616441,0.424264,0.244949,0.583095,125.0988,229.3237,96.89902,44.69985,lunge,lunge,left,low,24.495743989944458
1,1776689922575,387.721,0.616441,0.616441,138.3294,0.6,0.547723,0.509902,0.244949,0.678233,117.6188,277.0073,99.86093,-4.544988,lunge,lunge,left,low,24.495743989944458
1,1776689922575,387.821,0.616441,0.678233,142.8904,0.632456,0.547723,0.509902,0.282843,0.678233,108.3293,322.697,103.2673,-51.28719,lunge,lunge,left,low,24.495743989944458
1,1776689922575,387.921,0.583095,0.69282,143.2843,0.6,0.509902,0.4,0.282843,0.69282,99.18252,353.7997,107.371,-82.58392,lunge,lunge,left,low,24.495743989944458
1,1776689922575,388.021,0.6,0.583095,155.424,0.583095,0.489898,0.424264,0.34641,0.748331,91.1844,345.2636,112.0028,-74.41803,lunge,lunge,left,low,24.495743989944458
1,1776689922575,388.121,0.6,0.583095,155.424,0.583095,0.72111,0.547723,0.52915,0.824621,91.1844,267.9993,112.0028,1.795772,lunge,lunge,left,low,24.495743989944458
1,1776689922575,388.221,0.547723,0.547723,146.8399,0.509902,0.69282,0.787401,0.547723,0.83666,86.40048,216.8184,115.3001,51.75081,lunge,lunge,left,low,24.495743989944458
1,1776689922575,388.321,0.489898,0.509902,132.6596,0.374166,0.69282,0.916515,0.52915,0.787401,87.23,180.6091,115.4891,87.46687,lunge,lunge,left,low,24.495743989944458
1,1776689922575,388.421,0.616441,0.469042,124.9148,0.616441,0.69282,0.894427,0.509902,0.848528,94.04675,159.144,112.7962,108.6568,lunge,lunge,left,low,24.495743989944458
1,1776689922575,388.521,0.678233,0.4,127.7004,0.927362,0.748331,0.927362,0.509902,0.848528,104.6732,148.0869,107.2059,120.6724,lunge,lunge,left,low,24.495743989944458
1,1776689922575,388.621,0.734847,0.489898,150.3713,1.240967,0.707107,0.894427,0.509902,0.83666,117.2453,144.8912,100.7396,126.1536,lunge,lunge,left,low,24.495743989944458
1,1776689922575,388.721,0.774597,0.447214,140.6936,1.587451,0.469042,0.883176,0.316228,0.663325,129.0105,144.9383,96.78765,128.9484,lunge,lunge,left,low,24.495743989944458
1,1776689922575,388.821,0.812404,0.489898,143.6755,1.630951,0.447214,0.648074,0.282843,0.663325,140.5708,147.0972,90.9966,128.7367,lunge,lunge,left,low,24.495743989944458
1,1776689922575,388.921,0.812404,0.509902,165.0797,1.913113,0.447214,0.648074,0.282843,0.663325,152.2683,147.0972,84.91605,128.7367,lunge,lunge,left,low,24.495743989944458
1,1776689922575,389.021,1,0.616441,180.5164,2.267157,0.509902,0.489898,0.244949,0.632456,162.2772,151.7632,81.47263,127.1249,lunge,lunge,left,low,24.495743989944458
1,1776689922575,389.121,1.174734,0.616441,186.9815,2.687006,0.734847,0.424264,0.244949,0.509902,168.5259,156.487,79.83241,126.2344,lunge,lunge,left,low,24.495743989944458
1,1776689922575,389.221,1.240967,0.547723,169.7826,2.905168,0.72111,0.424264,0.282843,0.678233,170.7352,157.0452,79.75873,128.6642,lunge,lunge,left,low,24.495743989944458
1,1776689922575,389.321,1.264911,0.489898,163.2637,2.742262,0.707107,0.4,0.282843,0.72111,168.9742,154.5331,81.0995,131.6853,lunge,lunge,left,low,24.495743989944458
1,1776689922575,389.421,1.280625,0.4,157.1137,2.7313,0.69282,0.447214,0.34641,0.824621,161.9793,150.6233,83.54203,134.0007,lunge,lunge,left,low,24.495743989944458
1,1776689922575,389.521,1.224745,0.52915,137.5768,2.592296,0.707107,0.424264,0.4,0.8,154.8843,144.1345,85.85138,138.1981,lunge,lunge,left,low,24.495743989944458
1,1776689922575,389.621,1.113553,0.424264,103.4366,2.306513,0.734847,0.424264,0.374166,0.774597,145.5674,137.3136,89.96767,142.9305,lunge,lunge,left,low,24.495743989944458
1,1776689922575,389.721,0.748331,0.547723,84.0576,1.811077,0.52915,0.424264,0.424264,0.774597,136.5215,154.0176,93.64599,124.4025,lunge,lunge,left,low,24.495743989944458
1,1776689922575,389.821,0.748331,0.547723,84.0576,1.811077,0.469042,0.374166,0.489898,0.663325,136.5215,238.9783,93.64599,38.20102,lunge,lunge,left,low,24.495743989944458
1,1776689922575,389.921,0.648074,0.565685,72.39973,1.03923,0.489898,0.447214,0.565685,0.648074,126.3567,296.7501,97.89061,-21.02896,lunge,lunge,left,low,24.495743989944458
1,1776689922575,390.021,0.734847,0.632456,89.70217,0.938083,0.678233,0.489898,0.547723,0.469042,115.0458,335.9412,102.2792,-60.69041,lunge,lunge,left,low,24.495743989944458
1,1776689922575,390.121,0.707107,0.69282,98.783,0.894427,1.077033,0.6,0.489898,0.52915,103.609,273.9263,107.9342,0.829485,lunge,lunge,left,low,24.495743989944458
1,1776689922575,390.221,0.748331,0.663325,103.9902,0.812404,1.183216,0.707107,0.469042,0.583095,92.90786,219.6057,113.9878,53.17603,lunge,lunge,left,low,24.495743989944458
1,1776689922575,390.321,0.824621,0.648074,101.1887,0.860233,1.216552,0.883176,0.447214,0.547723,88.31469,183.8403,116.2736,87.73861,lunge,lunge,left,low,24.495743989944458
1,1776689922575,390.421,0.83666,0.547723,100.6823,0.748331,1.208305,0.959166,0.316228,0.565685,90.87738,161.0339,115.2746,110.255,lunge,lunge,left,low,24.495743989944458
1,1776689922575,390.521,0.824621,0.52915,103.273,0.734847,1.208305,0.959166,0.316228,0.565685,99.6077,161.0339,110.5082,110.255,lunge,lunge,left,low,24.495743989944458
1,1776689922575,390.621,0.616441,0.489898,98.2279,0.616441,1.249,0.927362,0.2,0.489898,110.8487,149.4637,105.6188,122.8438,lunge,lunge,left,low,24.495743989944458
1,1776689922575,390.721,0.547723,0.447214,77.88774,0.6,1.232883,0.894427,0.2,0.489898,120.4795,142.8522,102.1993,131.8555,lunge,lunge,left,low,24.495743989944458
1,1776689922575,390.821,0.565685,0.447214,126.5964,0.648074,0.916515,0.905538,0.2,0.469042,128.4354,140.3909,99.64021,136.3632,lunge,lunge,left,low,24.495743989944458
1,1776689922575,390.921,0.648074,0.424264,156.5781,0.678233,0.547723,0.824621,0.2,0.509902,135.945,138.9559,95.64385,139.8929,lunge,lunge,left,low,24.495743989944458
1,1776689922575,391.021,0.663325,0.469042,169.6101,1.009951,0.469042,0.663325,0.2,0.648074,141.8771,141.1433,95.00877,138.8186,lunge,lunge,left,low,24.495743989944458
1,1776689922575,391.121,0.69282,0.469042,200.0224,2.297825,0.447214,0.489898,0.244949,0.616441,146.2631,143.2873,92.60262,140.4591,lunge,lunge,left,low,24.495743989944458
1,1776689922575,391.221,0.87178,0.616441,244.0245,2.645751,0.282843,0.509902,0.2,0.6,151.9767,144.8239,89.79467,139.6,lunge,lunge,left,low,24.495743989944458
1,1776689922575,391.321,0.883176,0.6,286.4656,3.019934,0.282843,0.509902,0.2,0.678233,157.8456,147.3884,86.95648,138.2267,lunge,lunge,left,low,24.495743989944458
1,1776689922575,391.421,0.848528,0.583095,311.9014,3.043025,0.4,0.565685,0.244949,0.72111,163.5759,149.6219,83.70087,137.267,lunge,lunge,left,low,24.495743989944458
1,1776689922575,391.521,0.848528,0.583095,311.9014,3.043025,0.447214,0.509902,0.244949,0.748331,163.5759,152.2531,83.70087,135.8107,lunge,lunge,left,low,24.495743989944458
1,1776689922575,391.621,0.894427,0.616441,330.427,3.187475,0.447214,0.72111,0.282843,0.509902,170.8429,155.5213,79.329,133.3163,lunge,lunge,left,low,24.495743989944458
1,1776689922575,391.721,1.385641,0.707107,360.7103,3.549648,0.424264,0.8,0.244949,0.547723,180.0942,160.4232,73.24246,129.4159,lunge,lunge,left,low,24.495743989944458
1,1776689922575,391.821,1.618641,0.748331,402.7116,4.534314,0.52915,0.83666,0.316228,0.812404,186.184,167.0712,72.51455,125.0252,lunge,lunge,left,low,24.495743989944458
1,1776689922575,391.921,1.783255,0.616441,487.805,6.063003,0.707107,0.812404,0.565685,1.256981,187.2898,165.1691,74.04741,128.5269,lunge,lunge,left,low,24.495743989944458
1,1776689922575,392.021,1.849324,0.6,520.4209,6.415606,0.632456,0.734847,0.583095,1.296148,183.4037,159.8586,75.90414,132.2538,lunge,lunge,left,low,24.495743989944458
1,1776689922575,392.121,1.907878,0.6,524.1578,6.431174,0.632456,0.72111,0.616441,1.303841,176.4275,153.8337,77.91688,134.0297,lunge,lunge,left,low,24.495743989944458
1,1776689922575,392.221,1.918333,0.565685,513.3828,6.389053,0.632456,0.72111,0.616441,1.303841,164.1216,153.8337,83.3183,134.0297,lunge,lunge,left,low,24.495743989944458
1,1776689922575,392.321,1.618641,0.424264,501.5039,6.360817,0.72111,0.616441,0.678233,1.392839,151.64,186.6625,89.46843,99.70268,lunge,lunge,left,low,24.495743989944458
1,1776689922575,392.421,1.363818,0.282843,472.0926,5.742822,0.72111,0.509902,0.663325,1.489967,137.9335,250.5631,96.31836,33.72405,lunge,lunge,left,low,24.495743989944458
1,1776689922575,392.521,1.077033,0.282843,379.6104,3.839271,0.72111,0.748331,0.648074,1.421267,122.7593,307.8954,103.0799,-24.91386,lunge,lunge,left,low,24.495743989944458
1,1776689922575,392.621,0.824621,0.282843,271.5141,2.310844,0.616441,0.8,0.565685,1.113553,107.9069,335.3338,109.7422,-53.75555,lunge,lunge,left,low,24.495743989944458
1,1776689922575,392.721,0.748331,0.374166,202.2463,2.083267,0.6,0.87178,0.52915,0.848528,95.46706,286.5773,116.671,-6.103608,lunge,lunge,left,low,24.495743989944458
1,1776689922575,392.821,0.547723,0.509902,170.0511,2.262742,0.707107,1.048809,0.761577,0.927362,86.17984,274.0429,122.0081,5.773104,lunge,lunge,left,low,24.495743989944458
1,1776689922575,392.921,0.583095,0.52915,123.0355,2.144761,0.72111,1.16619,0.83666,0.927362,82.9127,222.8951,124.2154,55.75693,lunge,lunge,left,low,24.495743989944458
1,1776689922575,393.021,0.52915,0.547723,102.713,1.754993,0.848528,1.174734,0.87178,0.8,85.61106,188.4321,123.3867,88.96329,lunge,lunge,left,low,24.495743989944458
1,1776689922575,393.121,0.424264,0.547723,99.79559,1.529706,0.848528,1.067708,0.905538,0.707107,94.56422,166.0516,118.8499,111.9576,lunge,lunge,left,low,24.495743989944458
1,1776689922575,393.221,0.424264,0.547723,99.79559,1.529706,0.883176,1.03923,0.969536,0.761577,94.56422,153.1914,118.8499,125.2364,lunge,lunge,left,low,24.495743989944458
1,1776689922575,393.321,0.424264,0.565685,137.5591,1.44222,0.860233,1.019804,0.969536,0.8,105.9121,147.7412,113.6317,131.756,lunge,lunge,left,low,24.495743989944458
1,1776689922575,393.421,0.565685,0.583095,140.1375,1.624808,0.948683,0.927362,0.927362,0.774597,116.9603,147.1937,107.9307,134.954,lunge,lunge,left,low,24.495743989944458
1,1776689922575,393.521,0.774597,0.469042,143.7313,1.385641,0.916515,0.69282,0.616441,0.632456,129.4435,148.1033,101.1314,136.2357,lunge,lunge,left,low,24.495743989944458
1,1776689922575,393.621,0.787401,0.424264,177.7599,1.122497,0.761577,0.616441,0.616441,0.616441,140.9942,151.5533,96.33021,134.1425,lunge,lunge,left,low,24.495743989944458
1,1776689922575,393.721,0.8,0.424264,212.7134,1.095445,0.938083,0.583095,0.6,0.663325,151.7685,156.5182,89.80206,131.79,lunge,lunge,left,low,24.495743989944458
1,1776689922575,393.821,0.774597,0.469042,228.0144,0.98995,0.969536,0.447214,0.424264,0.648074,162.3928,159.5369,83.95064,131.1829,lunge,lunge,left,low,24.495743989944458
1,1776689922575,393.921,0.774597,0.469042,205.4367,1.009951,0.969536,0.447214,0.424264,0.648074,171.2944,159.5369,79.88606,131.1829,lunge,lunge,left,low,24.495743989944458
1,1776689922575,394.021,0.734847,0.565685,208.0683,0.72111,0.959166,0.424264,0.34641,0.648074,177.0092,162.3359,78.01282,129.3103,lunge,lunge,left,low,24.495743989944458
1,1776689922575,394.121,0.565685,0.632456,209.1545,0.8,0.87178,0.447214,0.34641,0.648074,181.5107,165.0995,73.78751,126.8717,lunge,lunge,left,low,24.495743989944458
1,1776689922575,394.221,0.678233,0.663325,196.3468,0.848528,0.8,0.374166,0.489898,0.489898,186.9456,168.131,70.14951,123.63,lunge,lunge,left,low,24.495743989944458
1,1776689922575,394.321,0.734847,0.734847,151.546,0.83666,0.848528,0.374166,0.509902,0.447214,191.4826,172.1424,67.27227,120.6273,lunge,lunge,left,low,24.495743989944458
1,1776689922575,394.421,0.748331,0.774597,115.8785,0.774597,0.565685,0.4,0.52915,0.424264,191.232,176.3618,69.02502,117.4103,lunge,lunge,left,low,24.495743989944458
1,1776689922575,394.521,0.824621,0.761577,110.7245,0.707107,0.489898,0.4,0.663325,0.34641,188.4918,178.9132,71.71246,117.9821,lunge,lunge,left,low,24.495743989944458
1,1776689922575,394.621,0.787401,0.734847,103.4299,0.648074,0.489898,0.4,0.678233,0.316228,181.3787,174.7544,75.22935,122.5332,lunge,lunge,left,low,24.495743989944458
1,1776689922575,394.721,0.774597,0.663325,127.8932,0.565685,0.616441,0.34641,0.663325,0.316228,173.9222,168.6823,78.80183,125.9262,lunge,lunge,left,low,24.495743989944458
1,1776689922575,394.821,0.678233,0.632456,163.798,0.469042,0.648074,0.424264,1.523155,0.316228,163.0121,160.39,84.43555,132.253,lunge,lunge,left,low,24.495743989944458
1,1776689922575,394.921,0.678233,0.632456,163.798,0.469042,0.734847,0.469042,1.587451,0.374166,163.0121,150.6621,84.43555,138.8494,lunge,lunge,left,low,24.495743989944458
1,1776689922575,395.021,0.632456,0.678233,217.3647,0.509902,0.69282,0.469042,1.637071,0.34641,150.0818,193.8531,91.06042,93.31509,lunge,lunge,left,low,24.495743989944458
1,1776689922575,395.121,0.734847,0.678233,263.3686,0.52915,0.678233,0.547723,1.637071,0.316228,136.0562,267.9985,98.14359,17.14421,lunge,lunge,left,low,24.495743989944458
1,1776689922575,395.221,0.648074,0.707107,306.8305,0.812404,0.69282,0.52915,1.661325,0.282843,121.9468,318.7516,105.4543,-36.1087,lunge,lunge,left,low,24.495743989944458
1,1776689922575,395.321,0.663325,0.678233,343.3915,0.883176,0.632456,0.648074,1.708801,0.244949,108.2617,339.1307,112.1383,-56.97954,lunge,lunge,left,low,24.495743989944458
1,1776689922575,395.421,0.774597,0.648074,367.6332,0.812404,0.734847,0.734847,1.523155,0.316228,95.32475,267.087,118.7156,14.19502,lunge,lunge,left,low,24.495743989944458
1,1776689922575,395.521,0.761577,0.648074,375.7344,0.916515,0.927362,0.959166,0.959166,0.424264,84.50961,215.5832,124.2803,64.49519,lunge,lunge,left,low,24.495743989944458
1,1776689922575,395.621,0.72111,0.583095,370.0856,0.969536,0.927362,0.959166,0.959166,0.424264,80.12609,215.5832,126.4013,64.49519,lunge,lunge,left,low,24.495743989944458
1,1776689922575,395.721,0.616441,0.374166,354.2798,1.048809,0.959166,1.077033,0.8,0.565685,80.84367,180.5269,125.7588,97.56789,lunge,lunge,left,low,24.495743989944458
1,1776689922575,395.821,0.72111,0.282843,331.1147,0.938083,1.029563,1.2,0.707107,0.583095,85.48068,157.6055,124.054,117.7801,lunge,lunge,left,low,24.495743989944458
1,1776689922575,395.921,0.69282,0.447214,303.2598,0.824621,1.122497,1.208305,0.6,0.812404,98.21808,145.1538,117.8372,128.8828,lunge,lunge,left,low,24.495743989944458
1,1776689922575,396.021,0.824621,0.509902,272.8444,0.927362,1.113553,1.148913,0.489898,0.83666,110.4944,139.2228,111.3639,135.8767,lunge,lunge,left,low,24.495743989944458
1,1776689922575,396.121,0.787401,0.663325,241.8283,0.905538,1.095445,1.095445,0.424264,0.824621,123.1691,139.2225,105.2359,137.1473,lunge,lunge,left,low,24.495743989944458
1,1776689922575,396.221,0.848528,0.69282,212.322,0.87178,0.774597,0.948683,0.6,0.787401,134.6192,142.4573,99.36497,136.4875,lunge,lunge,left,low,24.495743989944458
1,1776689922575,396.321,0.916515,0.69282,185.9126,0.894427,0.72111,0.72111,0.616441,0.83666,144.9235,146.6382,93.99764,135.5113,lunge,lunge,left,low,24.495743989944458
1,1776689922575,396.421,0.860233,0.72111,163.3287,0.848528,0.761577,0.565685,0.632456,0.8,154.6243,150.6563,88.28892,134.2774,lunge,lunge,left,low,24.495743989944458
1,1776689922575,396.521,1.048809,0.707107,144.606,0.848528,0.547723,0.509902,0.663325,0.678233,163.1107,154.9432,83.63332,132.9738,lunge,lunge,left,low,24.495743989944458
1,1776689922575,396.621,1.048809,0.707107,144.606,0.848528,0.632456,0.489898,0.632456,0.52915,163.1107,157.9356,83.63332,132.1375,lunge,lunge,left,low,24.495743989944458
1,1776689922575,396.721,1.256981,0.707107,129.3075,0.8,0.632456,0.583095,0.632456,0.565685,172.1835,161.8637,77.94936,129.9272,lunge,lunge,left,low,24.495743989944458
1,1776689922575,396.821,1.371131,0.707107,116.7024,1.140175,0.663325,0.734847,0.424264,0.565685,178.3252,163.7809,75.88685,129.0268,lunge,lunge,left,low,24.495743989944458
1,1776689922575,396.921,1.469694,0.69282,106.4009,1.849324,0.678233,0.734847,0.447214,0.4,179.8042,165.4608,76.46041,127.8591,lunge,lunge,left,low,24.495743989944458
1,1776689922575,397.021,1.414214,0.69282,97.42053,2.315167,0.678233,0.734847,0.4,0.509902,180.3332,165.1186,76.58333,127.8925,lunge,lunge,left,low,24.495743989944458
1,1776689922575,397.121,1.392839,0.69282,89.69772,2.428992,0.663325,0.648074,0.374166,0.616441,175.8177,161.8111,78.16845,131.0481,lunge,lunge,left,low,24.495743989944458
1,1776689922575,397.221,1.371131,0.69282,82.96999,2.420744,0.663325,0.648074,0.374166,0.616441,169.8707,161.8111,80.92747,131.0481,lunge,lunge,left,low,24.495743989944458
1,1776689922575,397.321,1.095445,0.6,76.94752,2.493993,0.547723,0.632456,0.447214,0.6,159.8994,153.4787,84.63337,137.4041,lunge,lunge,left,low,24.495743989944458
1,1776689922575,397.421,0.87178,0.34641,71.3668,2.416609,0.509902,0.6,0.509902,0.632456,148.381,159.8679,90.10503,127.9365,lunge,lunge,left,low,24.495743989944458
1,1776689922575,397.521,0.52915,0.424264,66.27699,2.009975,0.489898,0.52915,0.52915,0.616441,134.6066,244.9648,96.2648,40.83582,lunge,lunge,left,low,24.495743989944458
1,1776689922575,397.621,0.583095,0.469042,61.62207,1.296148,0.469042,0.632456,0.632456,0.648074,119.7599,302.3259,102.8502,-18.7879,lunge,lunge,left,low,24.495743989944458
1,1776689922575,397.721,0.583095,0.509902,57.00667,1.095445,0.34641,0.616441,0.648074,0.6,104.8462,340.188,110.3967,-58.35495,lunge,lunge,left,low,24.495743989944458
1,1776689922575,397.821,0.583095,0.663325,52.42976,1.140175,0.447214,0.678233,0.648074,0.424264,94.12424,267.061,115.8441,12.90319,lunge,lunge,left,low,24.495743989944458
1,1776689922575,397.921,0.583095,0.69282,47.82552,1.048809,0.489898,0.8,0.6,0.489898,89.72045,216.7634,118.4356,61.42604,lunge,lunge,left,low,24.495743989944458
1,1776689922575,398.021,0.547723,0.69282,43.39078,1.0583,0.616441,1.067708,0.52915,0.6,90.2925,182.9137,118.7767,92.80573,lunge,lunge,left,low,24.495743989944458
1,1776689922575,398.121,0.663325,0.632456,39.23876,1.140175,0.632456,1.048809,0.489898,0.6,99.15125,162.0428,114.1419,113.2274,lunge,lunge,left,low,24.495743989944458
1,1776689922575,398.221,0.979796,0.616441,35.13887,1.319091,0.616441,0.938083,0.282843,0.6,110.6365,150.8233,107.3675,125.4948,lunge,lunge,left,low,24.495743989944458
1,1776689922575,398.321,0.979796,0.616441,35.13887,1.319091,0.648074,0.948683,0.141421,0.632456,110.6365,146.6805,107.3675,131.5231,lunge,lunge,left,low,24.495743989944458
1,1776689922575,398.421,1.191638,0.583095,31.50333,2.004994,0.6,0.938083,0.2,0.648074,122.9119,147.2692,101.3061,133.6367,lunge,lunge,left,low,24.495743989944458
1,1776689922575,398.521,1.28841,0.374166,28.37464,4.793746,0.663325,1.048809,0.141421,0.707107,134.7818,150.0704,96.24336,134.0821,lunge,lunge,left,low,24.495743989944458
1,1776689922575,398.621,1.349074,0.282843,25.48568,6.2498,0.509902,0.8,0.141421,0.648074,145.8726,152.5213,90.53218,134.544,lunge,lunge,left,low,24.495743989944458
1,1776689922575,398.721,1.356466,0.282843,22.90546,6.365532,0.509902,0.787401,0.282843,0.632456,157.1659,154.8949,84.74229,133.8383,lunge,lunge,left,low,24.495743989944458
1,1776689922575,398.821,1.356466,0.34641,20.28793,6.601515,0.547723,0.774597,0.282843,0.565685,166.5471,156.6647,80.92527,133.6941,lunge,lunge,left,low,24.495743989944458
1,1776689922575,398.921,1.249,0.34641,17.77976,7.30753,0.547723,0.774597,0.282843,0.565685,173.9762,156.6647,76.41051,133.6941,lunge,lunge,left,low,24.495743989944458
1,1776689922575,399.021,1.296148,0.374166,15.44604,8.815895,0.707107,0.938083,0.316228,0.632456,181.9688,158.7419,71.50189,132.3435,lunge,lunge,left,low,24.495743989944458
1,1776689922575,399.121,1.32665,0.916515,13.16966,9.702577,0.98995,0.959166,0.34641,0.678233,186.6529,160.8129,69.27185,130.5244,lunge,lunge,left,low,24.495743989944458
1,1776689922575,399.221,1.456022,0.98995,10.93435,9.319871,1,0.883176,0.316228,0.748331,187.1826,164.0348,70.71005,127.4458,lunge,lunge,left,low,24.495743989944458
1,1776689922575,399.321,1.549193,1,8.942036,9.261749,1,0.969536,0.34641,0.787401,182.4497,167.1254,73.88599,125.5869,lunge,lunge,left,low,24.495743989944458
1,1776689922575,399.421,1.555635,1.009951,7.42159,9.157511,1.019804,0.948683,0.316228,0.824621,177.1365,162.59,76.59705,130.6548,lunge,lunge,left,low,24.495743989944458
1,1776689922575,399.521,1.516575,1.009951,6.438944,8.79659,1.009951,0.948683,0.316228,0.824621,166.8354,155.6761,81.63184,135.2953,lunge,lunge,left,low,24.495743989944458
1,1776689922575,399.621,1.414214,1.077033,5.6,7.524626,0.916515,0.774597,0.34641,0.848528,153.4882,174.5044,88.66673,114.2358,lunge,lunge,left,low,24.495743989944458
1,1776689922575,399.721,1.224745,0.894427,5.033885,5.198077,0.6,0.734847,0.4,0.787401,138.7904,233.1496,95.97189,53.46351,lunge,lunge,left,low,24.495743989944458
1,1776689922575,399.821,0.959166,0.565685,4.677606,3.292416,0.663325,0.663325,0.374166,0.787401,122.4243,295.5493,104.1091,-10.20406,lunge,lunge,left,low,24.495743989944458
1,1776689922575,399.921,0.734847,0.565685,4.456456,2.877499,0.648074,0.583095,0.424264,0.707107,104.9858,336.389,113.3285,-51.28105,lunge,lunge,left,low,24.495743989944458
1,1776689922575,400.021,0.734847,0.565685,4.456456,2.877499,0.616441,0.6,0.4,0.748331,104.9858,298.6972,113.3285,-14.18743,lunge,lunge,left,low,24.495743989944458
1,1776689922575,400.121,0.734847,0.547723,4.144876,3.130495,0.87178,0.678233,0.469042,0.916515,92.67883,239.5649,120.108,43.33798,lunge,lunge,left,low,24.495743989944458
1,1776689922575,400.221,0.69282,0.52915,3.563706,3.101613,0.860233,1.009951,0.447214,0.938083,87.04169,200.3407,122.8696,81.12402,lunge,lunge,left,low,24.495743989944458
1,1776689922575,400.321,0.489898,0.424264,3.072458,2.880972,0.87178,1.03923,0.4,0.969536,88.04532,174.3064,122.4541,106.6406,lunge,lunge,left,low,24.495743989944458
1,1776689922575,400.421,0.547723,0.316228,2.803569,2.672078,0.787401,1.0583,0.424264,0.883176,94.0722,158.9595,119.2119,122.1255,lunge,lunge,left,low,24.495743989944458
1,1776689922575,400.521,0.583095,0.447214,2.603843,2.284732,0.774597,1.086278,0.4,0.848528,104.7945,151.2378,112.9362,130.3639,lunge,lunge,left,low,24.495743989944458
1,1776689922575,400.621,0.774597,0.447214,2.39583,2.10238,0.774597,1.086278,0.4,0.848528,116.5624,151.2378,107.269,130.3639,lunge,lunge,left,low,24.495743989944458
1,1776689922575,400.721,0.824621,0.509902,2.297825,1.881489,0.787401,0.979796,0.4,0.812404,126.9945,148.1107,101.5659,134.5951,lunge,lunge,left,low,24.495743989944458
1,1776689922575,400.821,0.848528,0.52915,2.34094,2.690725,0.565685,1.03923,0.34641,0.583095,137.2773,148.746,96.6561,135.542,lunge,lunge,left,low,24.495743989944458
1,1776689922575,400.921,1.03923,0.509902,2.280351,3.37046,0.616441,0.98995,0.282843,0.547723,146.2415,150.5677,91.16999,136.0032,lunge,lunge,left,low,24.495743989944458
1,1776689922575,401.021,1.03923,0.489898,2.039608,3.364521,0.761577,1.029563,0.282843,0.374166,156.0802,152.4369,85.80504,136.0635,lunge,lunge,left,low,24.495743989944458
1,1776689922575,401.121,1.03923,0.424264,1.881489,3.668787,0.774597,1.03923,0.469042,0.282843,164.8806,155.0064,80.97448,134.9954,lunge,lunge,left,low,24.495743989944458
1,1776689922575,401.221,1.077033,0.489898,1.691153,4.783304,0.774597,1.131371,0.424264,0.282843,172.3692,157.1126,76.20604,133.6679,lunge,lunge,left,low,24.495743989944458
1,1776689922575,401.321,1.216552,0.547723,1.529706,5.820653,0.894427,1.140175,0.489898,0.374166,178.8625,161.1169,74.18651,130.3439,lunge,lunge,left,low,24.495743989944458
1,1776689922575,401.421,1.496663,0.489898,1.131371,6.084406,0.894427,1.104536,0.565685,0.489898,180.6104,164.9645,74.00426,128.6631,lunge,lunge,left,low,24.495743989944458
1,1776689922575,401.521,1.421267,0.489898,0.787401,5.74108,0.787401,0.916515,0.616441,0.83666,178.6365,163.1094,74.97911,131.0967,lunge,lunge,left,low,24.495743989944458
1,1776689922575,401.621,1.371131,0.52915,0.69282,5.693856,0.734847,0.734847,0.616441,0.860233,173.7404,160.5998,77.51134,132.1071,lunge,lunge,left,low,24.495743989944458
1,1776689922575,401.721,1.371131,0.52915,0.69282,5.693856,0.69282,0.707107,1.249,0.905538,173.7404,155.7539,77.51134,135.6264,lunge,lunge,left,low,24.495743989944458
1,1776689922575,401.821,1.363818,0.52915,0.583095,5.56956,0.774597,0.678233,1.249,0.927362,165.6772,162.4368,81.42738,126.909,lunge,lunge,left,low,24.495743989944458
1,1776689922575,401.921,1.208305,0.469042,0.860233,4.90306,0.632456,0.52915,1.249,1,154.6344,225.3689,87.07835,62.10862,lunge,lunge,left,low,24.495743989944458
1,1776689922575,402.021,1.131371,0.34641,0.969536,3.472751,0.648074,0.565685,1.240967,0.948683,142.0769,291.1698,93.35826,-5.891589,lunge,lunge,left,low,24.495743989944458
1,1776689922575,402.121,0.509902,0.447214,0.979796,2.186321,0.678233,0.547723,1.208305,0.678233,127.7406,323.6455,100.9247,-39.02763,lunge,lunge,left,low,24.495743989944458
1,1776689922575,402.221,0.4,0.565685,0.916515,1.542725,0.707107,0.707107,1.216552,0.632456,111.7197,355.3368,108.5543,-71.13304,lunge,lunge,left,low,24.495743989944458
1,1776689922575,402.321,0.447214,0.52915,0.916515,1.549193,0.707107,0.707107,1.216552,0.632456,97.25745,355.3368,116.2396,-71.13304,lunge,lunge,left,low,24.495743989944458
1,1776689922575,402.421,0.547723,0.547723,0.894427,1.67332,1.157584,0.812404,0.52915,0.632456,86.59616,278.893,121.6758,4.256804,lunge,lunge,left,low,24.495743989944458
1,1776689922575,402.521,0.678233,0.547723,0.678233,1.661325,1.44222,1.048809,0.6,0.860233,84.76753,225.7999,122.8417,54.96497,lunge,lunge,left,low,24.495743989944458
1,1776689922575,402.621,0.707107,0.583095,0.447214,1.708801,1.50333,1.131371,0.509902,0.787401,87.73085,190.9924,121.5835,88.77015,lunge,lunge,left,low,24.495743989944458
1,1776689922575,402.721,0.812404,0.734847,0.316228,1.56205,1.469694,1.16619,0.489898,0.774597,99.21037,169.8128,115.408,109.4018,lunge,lunge,left,low,24.495743989944458
1,1776689922575,402.821,0.894427,0.663325,0.424264,1.714643,1.449138,1.148913,0.489898,0.761577,111.7168,157.6082,108.5455,122.4641,lunge,lunge,left,low,24.495743989944458
1,1776689922575,402.921,0.979796,0.663325,0.678233,2.525866,1.48324,1.077033,0.447214,0.774597,124.8495,153.3582,102.0352,127.9271,lunge,lunge,left,low,24.495743989944458
1,1776689922575,403.021,1.216552,0.663325,0.894427,3.792097,1.303841,1.086278,0.447214,0.761577,137.1019,153.9944,95.80699,130.3265,lunge,lunge,left,low,24.495743989944458
1,1776689922575,403.121,1.191638,0.632456,0.905538,3.813135,0.72111,0.787401,0.316228,0.583095,149.5283,155.7581,89.03156,131.1161,lunge,lunge,left,low,24.495743989944458
1,1776689922575,403.221,1.256981,0.632456,0.87178,4.022437,0.547723,0.663325,0.316228,0.4,159.9554,157.549,84.61812,131.7234,lunge,lunge,left,low,24.495743989944458
1,1776689922575,403.321,1.523155,0.52915,0.860233,4.602173,0.547723,0.69282,0.244949,0.424264,167.3616,158.6422,80.97766,132.0786,lunge,lunge,left,low,24.495743989944458
1,1776689922575,403.421,1.523155,0.52915,0.860233,4.602173,0.583095,0.734847,0.34641,0.424264,167.3616,160.2926,80.97766,131.4966,lunge,lunge,left,low,24.495743989944458
1,1776689922575,403.521,1.606238,0.4,0.83666,5.173007,0.894427,0.748331,0.34641,0.374166,174.2388,162.1457,75.986,130.3379,lunge,lunge,left,low,24.495743989944458
1,1776689922575,403.621,1.612452,0.583095,0.748331,5.772348,0.848528,0.69282,0.34641,0.663325,180.5074,165.317,73.64074,126.8823,lunge,lunge,left,low,24.495743989944458
1,1776689922575,403.721,1.489967,0.583095,0.663325,5.447936,0.860233,0.632456,0.316228,0.824621,182.813,165.8909,73.87981,128.7231,lunge,lunge,left,low,24.495743989944458
1,1776689922575,403.821,1.428286,0.616441,0.774597,5.440588,0.860233,0.6,0.282843,0.848528,180.1077,163.4472,75.76841,130.5858,lunge,lunge,left,low,24.495743989944458
1,1776689922575,403.921,1.407125,0.72111,0.8,5.280151,0.860233,0.6,0.282843,0.848528,175.1494,163.4472,77.58236,130.5858,lunge,lunge,left,low,24.495743989944458
1,1776689922575,404.021,1.2,0.707107,0.8,4.933558,0.87178,0.6,0.959166,0.83666,167.6411,159.6182,81.16544,133.8263,lunge,lunge,left,low,24.495743989944458
1,1776689922575,404.121,0.938083,0.72111,0.848528,4.275512,1.697056,0.52915,0.948683,0.83666,156.6136,151.5464,86.05534,140.1306,lunge,lunge,left,low,24.495743989944458
1,1776689922575,404.221,0.860233,0.583095,0.83666,3.246536,1.549193,0.83666,0.979796,0.848528,145.1452,168.9962,91.59476,120.0868,lunge,lunge,left,low,24.495743989944458
1,1776689922575,404.321,0.69282,0.52915,0.8,2.204541,1.529706,0.948683,0.979796,0.72111,132.0701,230.6935,98.29631,55.95358,lunge,lunge,left,low,24.495743989944458
1,1776689922575,404.421,0.6,0.52915,0.52915,1.822087,1.568439,0.948683,1.019804,0.547723,117.7283,238.7048,105.3513,46.05442,lunge,lunge,left,low,24.495743989944458
1,1776689922575,404.521,0.616441,0.34641,0.6,1.92873,1.574802,0.979796,1.019804,0.509902,101.7833,295.9428,113.1756,-10.96696,lunge,lunge,left,low,24.495743989944458
1,1776689922575,404.621,0.34641,0.2,0.632456,1.843909,1.624808,1.077033,0.469042,0.6,89.72552,293.5487,119.3185,-9.760514,lunge,lunge,left,low,24.495743989944458
1,1776689922575,404.721,0.583095,0.2,0.6,1.772004,1.131371,1.086278,0.6,0.72111,84.7159,235.8195,122.7121,46.36233,lunge,lunge,left,low,24.495743989944458
1,1776689922575,404.821,0.6,0.316228,0.52915,1.679286,1.131371,1.280625,0.565685,0.812404,85.12724,197.6948,122.3496,83.04707,lunge,lunge,left,low,24.495743989944458
1,1776689922575,404.921,0.6,0.316228,0.489898,1.6,1.122497,1.104536,0.547723,0.774597,92.86181,172.5385,117.8331,107.5572,lunge,lunge,left,low,24.495743989944458
1,1776689922575,405.021,0.663325,0.34641,0.489898,1.371131,1.095445,1.131371,0.509902,0.72111,103.3138,158.9027,113.2506,121.1646,lunge,lunge,left,low,24.495743989944458
1,1776689922575,405.121,0.663325,0.34641,0.489898,1.371131,1.104536,1.140175,0.489898,0.678233,103.3138,151.2826,113.2506,130.5215,lunge,lunge,left,low,24.495743989944458
1,1776689922575,405.221,0.787401,0.34641,0.424264,1.296148,1.048809,0.98995,0.489898,0.616441,114.313,148.672,107.4985,135.0055,lunge,lunge,left,low,24.495743989944458
1,1776689922575,405.321,0.824621,0.34641,0.509902,1.655295,0.748331,1.086278,0.424264,0.447214,125.3738,147.8634,101.3837,137.2929,lunge,lunge,left,low,24.495743989944458
1,1776689922575,405.421,0.812404,0.34641,0.52915,1.749286,0.547723,0.927362,0.282843,0.282843,135.5743,149.1502,95.39624,137.0661,lunge,lunge,left,low,24.495743989944458
1,1776689922575,405.521,0.761577,0.244949,0.52915,1.649242,0.52915,0.72111,0.282843,0.2,145.7982,150.6347,89.57949,137.1987,lunge,lunge,left,low,24.495743989944458
1,1776689922575,405.621,0.774597,0.2,0.509902,1.959592,0.52915,0.72111,0.282843,0.2,155.1057,150.6347,84.6926,137.1987,lunge,lunge,left,low,24.495743989944458
1,1776689922575,405.721,0.761577,0.2,0.509902,2.441311,0.489898,0.707107,0.244949,0.2,163.3169,152.9164,80.26237,135.8977,lunge,lunge,left,low,24.495743989944458
1,1776689922575,405.821,0.787401,0.2,0.489898,2.572936,0.447214,0.69282,0.282843,0.34641,170.5216,155.309,76.86279,134.4947,lunge,lunge,left,low,24.495743989944458
1,1776689922575,405.921,0.905538,0.447214,0.424264,2.638181,0.424264,0.72111,0.374166,0.374166,174.0595,159.2182,76.63821,132.4489,lunge,lunge,left,low,24.495743989944458
1,1776689922575,406.021,0.787401,0.469042,0.4,2.529822,0.583095,0.69282,0.374166,0.424264,172.8352,160.2906,76.92762,132.3783,lunge,lunge,left,low,24.495743989944458
1,1776689922575,406.121,0.774597,0.447214,0.4,2.525866,0.52915,0.489898,0.447214,0.469042,168.6005,160.2585,79.01694,133.0699,lunge,lunge,left,low,24.495743989944458
1,1776689922575,406.221,0.734847,0.447214,0.4,2.349468,0.52915,0.52915,0.565685,0.52915,160.2571,153.6112,83.31815,138.9635,lunge,lunge,left,low,24.495743989944458
1,1776689922575,406.321,0.707107,0.447214,0.509902,1.865476,0.72111,0.663325,0.6,0.52915,150.5233,186.2614,87.68748,103.7701,lunge,lunge,left,low,24.495743989944458
1,1776689922575,406.421,0.787401,0.469042,0.52915,1.581139,0.787401,1.67332,0.616441,0.52915,138.0519,243.9588,94.00143,44.26284,lunge,lunge,left,low,24.495743989944458
1,1776689922575,406.521,0.469042,0.282843,0.52915,1.122497,0.8,1.661325,0.774597,0.72111,122.8476,276.5763,100.5997,8.937543,lunge,lunge,left,low,24.495743989944458
1,1776689922575,406.621,0.424264,0.374166,0.4,0.678233,0.748331,1.637071,0.8,0.707107,107.0661,325.0496,107.4731,-40.06128,lunge,lunge,left,low,24.495743989944458
1,1776689922575,406.721,0.447214,0.509902,0.447214,0.824621,0.761577,1.754993,0.774597,0.761577,93.46916,341.7875,114.426,-57.29211,lunge,lunge,left,low,24.495743989944458
1,1776689922575,406.821,0.447214,0.509902,0.447214,0.824621,0.927362,1.766352,0.748331,0.761577,93.46916,269.952,114.426,13.63777,lunge,lunge,left,low,24.495743989944458
1,1776689922575,406.921,0.6,0.509902,0.678233,1.086278,0.98995,1.74356,0.69282,0.98995,85.2037,221.0194,119.5363,61.25672,lunge,lunge,left,low,24.495743989944458
1,1776689922575,407.021,0.69282,0.547723,0.69282,1.240967,1.077033,0.824621,0.707107,1.131371,82.31579,188.423,122.1029,93.35877,lunge,lunge,left,low,24.495743989944458
1,1776689922575,407.121,0.583095,0.547723,0.648074,1.280625,1.077033,0.860233,0.648074,1.148913,86.81514,166.9388,120.4125,114.3438,lunge,lunge,left,low,24.495743989944458
1,1776689922575,407.221,0.616441,0.565685,0.632456,1.371131,1.067708,0.948683,0.469042,1.16619,94.92079,157.4282,116.7026,124.4483,lunge,lunge,left,low,24.495743989944458
1,1776689922575,407.321,0.83666,0.52915,0.632456,1.414214,1.067708,0.948683,0.469042,1.16619,108.7134,157.4282,108.6873,124.4483,lunge,lunge,left,low,24.495743989944458
1,1776689922575,407.421,0.860233,0.447214,0.72111,1.378405,1.03923,0.734847,0.447214,1.113553,122.7937,154.644,101.5805,129.2485,lunge,lunge,left,low,24.495743989944458
1,1776689922575,407.521,0.87178,0.424264,0.489898,1.224745,0.98995,0.69282,0.34641,1.048809,135.707,157.1204,95.40624,129.8883,lunge,lunge,left,low,24.495743989944458
1,1776689922575,407.621,0.787401,0.374166,0.447214,1.086278,0.83666,0.632456,0.374166,0.98995,146.1855,159.3406,90.28043,130.3987,lunge,lunge,left,low,24.495743989944458
1,1776689922575,407.721,0.916515,0.424264,0.4,1.148913,0.648074,0.583095,0.34641,0.734847,155.9217,160.3134,84.2762,130.9377,lunge,lunge,left,low,24.495743989944458
1,1776689922575,407.821,0.948683,0.424264,0.424264,1.462874,0.648074,0.583095,0.244949,0.509902,165.1559,164.3249,80.07307,127.4174,lunge,lunge,left,low,24.495743989944458
1,1776689922575,407.921,1.029563,0.424264,0.469042,1.749286,0.616441,0.424264,0.244949,0.52915,171.8792,171.1447,77.73975,122.3185,lunge,lunge,left,low,24.495743989944458
1,1776689922575,408.021,1.019804,0.4,0.509902,1.944222,0.648074,0.424264,0.244949,0.565685,173.2799,170.26,77.20749,125.6417,lunge,lunge,left,low,24.495743989944458
1,1776689922575,408.121,0.948683,0.4,0.489898,1.959592,0.583095,0.4,0.244949,0.583095,168.3344,166.9577,80.36646,128.3051,lunge,lunge,left,low,24.495743989944458
1,1776689922575,408.221,0.938083,0.447214,0.469042,1.923538,0.52915,0.374166,0.282843,0.616441,161.3146,160.4838,83.55415,133.5502,lunge,lunge,left,low,24.495743989944458
1,1776689922575,408.321,0.916515,0.469042,0.489898,1.892089,0.6,0.447214,0.6,0.6,151.3249,153.02,88.47131,138.8249,lunge,lunge,left,low,24.495743989944458
1,1776689922575,408.421,0.812404,0.469042,0.52915,1.637071,0.583095,0.447214,0.663325,0.469042,138.7646,216.944,94.24399,73.23009,lunge,lunge,left,low,24.495743989944458
1,1776689922575,408.521,0.812404,0.469042,0.52915,1.637071,0.52915,0.509902,0.663325,0.565685,138.7646,262.8252,94.24399,24.74197,lunge,lunge,left,low,24.495743989944458
1,1776689922575,408.621,0.707107,0.424264,0.632456,1.311488,0.489898,0.52915,0.663325,0.583095,126.6897,290.6769,100.165,-5.054321,lunge,lunge,left,low,24.495743989944458
1,1776689922575,408.721,0.489898,0.52915,0.6,0.848528,0.489898,0.509902,0.707107,0.52915,113.8228,334.689,106.0081,-49.23745,lunge,lunge,left,low,24.495743989944458
1,1776689922575,408.821,0.52915,0.509902,0.583095,0.848528,0.489898,0.648074,0.707107,0.565685,100.2636,322.0098,112.0941,-36.92567,lunge,lunge,left,low,24.495743989944458
1,1776689922575,408.921,0.547723,0.509902,0.6,0.959166,0.648074,0.707107,0.72111,0.663325,88.32246,255.7106,117.9657,27.82317,lunge,lunge,left,low,24.495743989944458
1,1776689922575,409.021,0.547723,0.447214,0.648074,1.029563,0.648074,0.707107,0.72111,0.663325,81.7569,255.7106,121.1053,27.82317,lunge,lunge,left,low,24.495743989944458
1,1776689922575,409.121,0.583095,0.489898,0.632456,1.122497,0.678233,1.216552,0.69282,0.860233,79.23862,209.9976,123.5252,72.0214,lunge,lunge,left,low,24.495743989944458
1,1776689922575,409.221,0.678233,0.469042,0.616441,1.56205,0.824621,1.249,0.678233,0.969536,85.48325,180.7551,121.5984,99.6703,lunge,lunge,left,low,24.495743989944458
1,1776689922575,409.321,0.761577,0.4,0.632456,3.052867,0.83666,1.216552,0.69282,0.927362,100.0078,168.489,113.5294,115.7808,lunge,lunge,left,low,24.495743989944458
1,1776689922575,409.421,0.894427,0.489898,0.734847,3.924283,0.83666,1.216552,0.663325,0.948683,115.7857,157.878,108.1085,127.9641,lunge,lunge,left,low,24.495743989944458
1,1776689922575,409.521,1.113553,0.489898,0.734847,3.944617,0.87178,1.272792,0.812404,0.98995,129.6221,161.8125,104.1727,126.9934,lunge,lunge,left,low,24.495743989944458
1,1776689922575,409.621,1.232883,0.447214,0.678233,3.921734,0.748331,1.264911,0.787401,1.067708,139.2602,160.6954,99.97767,128.3074,lunge,lunge,left,low,24.495743989944458
1,1776689922575,409.721,1.216552,0.4,0.69282,3.914077,0.83666,0.824621,0.632456,1.303841,148.0353,160.0271,94.08775,126.0032,lunge,lunge,left,low,24.495743989944458
1,1776689922575,409.821,1.148913,0.489898,0.787401,3.903844,0.916515,0.632456,0.616441,1.2,157.0305,158.6201,87.33038,124.8592,lunge,lunge,left,low,24.495743989944458
1,1776689922575,409.921,1.157584,0.469042,0.83666,3.174901,0.848528,0.648074,0.632456,1.191638,167.2979,158.7787,80.7839,122.1907,lunge,lunge,left,low,24.495743989944458
1,1776689922575,410.021,1.009951,0.34641,0.761577,1.555635,0.87178,0.648074,0.663325,1.191638,175.4183,157.9951,77.45208,121.7814,lunge,lunge,left,low,24.495743989944458
1,1776689922575,410.121,0.938083,0.469042,0.774597,1.509967,0.883176,0.489898,0.52915,1.191638,180.7184,154.6864,75.83768,122.2531,lunge,lunge,left,low,24.495743989944458
1,1776689922575,410.221,0.938083,0.469042,0.774597,1.509967,0.848528,0.509902,0.424264,1.157584,180.7184,155.5346,75.83768,119.6686,lunge,lunge,left,low,24.495743989944458
1,1776689922575,410.321,0.707107,0.509902,0.774597,1.428286,0.83666,0.69282,0.447214,0.72111,184.7555,154.0779,74.44982,117.5434,lunge,lunge,left,low,24.495743989944458
1,1776689922575,410.421,0.565685,0.509902,0.787401,1.385641,0.678233,0.824621,0.565685,0.632456,187.1895,159.3401,76.4087,110.4421,lunge,lunge,left,low,24.495743989944458
1,1776689956870,420.321,0.374166,0.469042,0.424264,0.424264,0.282843,0.374166,0.547723,0.244949,176.493,160.79,82.13028,130.7826,lunge,lunge,left,low,20.940284967422485
1,1776689956870,420.421,0.374166,0.469042,0.424264,0.424264,0.447214,0.374166,0.469042,0.244949,176.493,163.2635,82.13028,128.0664,lunge,lunge,left,low,20.940284967422485
1,1776689956870,420.521,0.424264,0.424264,0.374166,0.4,0.469042,0.4,0.469042,0.282843,178.1589,163.9748,80.36195,128.4478,lunge,lunge,left,low,20.940284967422485
1,1776689956870,420.621,0.424264,0.374166,0.774597,0.244949,0.489898,0.4,0.52915,0.141421,179.6429,164.7911,79.8848,127.3635,lunge,lunge,left,low,20.940284967422485
1,1776689956870,420.721,0.509902,0.374166,103.8708,0.2,0.489898,0.4,0.52915,0.141421,179.9295,164.7911,79.60699,127.3635,lunge,lunge,left,low,20.940284967422485
1,1776689956870,420.821,0.547723,0.34641,156.6032,0.2,0.509902,0.316228,0.547723,0.489898,174.7063,165.6897,82.31158,126.9641,lunge,lunge,left,low,20.940284967422485
1,1776689956870,420.921,0.648074,0.316228,165.9662,0.2,0.616441,0.34641,0.547723,0.52915,171.7216,163.2834,82.93441,129.4866,lunge,lunge,left,low,20.940284967422485
1,1776689956870,421.021,0.663325,0.244949,166.4921,0.316228,0.632456,0.374166,0.52915,0.52915,164.4433,158.8712,85.47206,132.8957,lunge,lunge,left,low,20.940284967422485
1,1776689956870,421.121,0.632456,0.2,167.2765,0.316228,0.509902,0.374166,0.374166,0.565685,156.8138,152.2948,87.9875,137.7882,lunge,lunge,left,low,20.940284967422485
1,1776689956870,421.221,0.616441,0.282843,169.4417,0.316228,0.678233,0.34641,0.4,0.583095,148.9305,145.6001,90.86343,142.9814,lunge,lunge,left,low,20.940284967422485
1,1776689956870,421.321,0.583095,0.34641,226.9503,0.316228,0.663325,0.4,0.374166,0.616441,141.192,138.787,93.89515,147.9803,lunge,lunge,left,low,20.940284967422485
1,1776689956870,421.421,0.678233,0.4,429.229,0.374166,0.648074,0.469042,0.4,0.6,133.6217,131.8013,96.9548,153.0874,lunge,lunge,left,low,20.940284967422485
1,1776689956870,421.521,0.69282,0.469042,543.6567,0.374166,0.748331,0.489898,0.447214,0.424264,125.2257,224.6964,101.1192,59.20352,lunge,lunge,left,low,20.940284967422485
1,1776689956870,421.621,0.6,0.509902,570.8593,0.316228,0.894427,0.469042,0.509902,0.447214,113.9329,288.037,106.8612,-4.248614,lunge,lunge,left,low,20.940284967422485
1,1776689956870,421.721,0.6,0.678233,587.7729,0.282843,0.905538,0.447214,0.52915,0.424264,100.2967,330.2399,114.2219,-47.11707,lunge,lunge,left,low,20.940284967422485
1,1776689956870,421.821,0.583095,0.69282,592.4132,0.316228,0.824621,0.489898,0.547723,0.4,90.1332,260.6406,119.6352,20.90468,lunge,lunge,left,low,20.940284967422485
1,1776689956870,421.921,0.565685,0.648074,584.6785,0.374166,0.83666,0.69282,0.565685,0.52915,86.56364,212.7883,121.7382,67.00697,lunge,lunge,left,low,20.940284967422485
1,1776689956870,422.021,0.469042,0.6,488.4994,0.4,0.83666,0.69282,0.565685,0.565685,89.51869,181.4948,120.1667,98.12792,lunge,lunge,left,low,20.940284967422485
1,1776689956870,422.121,0.469042,0.6,488.4994,0.4,0.8,0.648074,0.565685,0.547723,89.51869,161.9163,120.1667,117.3374,lunge,lunge,left,low,20.940284967422485
1,1776689956870,422.221,0.374166,0.69282,328.896,0.632456,0.509902,0.632456,0.447214,0.52915,99.21492,151.944,114.9543,127.8809,lunge,lunge,left,low,20.940284967422485
1,1776689956870,422.321,0.707107,0.707107,258.54,2.163331,0.616441,0.761577,0.4,0.547723,110.7137,149.7838,109.4514,131.5235,lunge,lunge,left,low,20.940284967422485
1,1776689956870,422.421,0.905538,0.663325,216.1529,9.471008,0.616441,0.761577,0.4,0.547723,123.4929,149.7838,104.3678,131.5235,lunge,lunge,left,low,20.940284967422485
1,1776689956870,422.521,1.03923,0.583095,218.4448,12.26132,0.748331,1.048809,0.4,0.547723,138.3103,152.4283,95.84846,131.6163,lunge,lunge,left,low,20.940284967422485
1,1776689956870,422.621,1.067708,0.583095,217.6178,12.32477,0.707107,1.048809,0.282843,0.469042,155.0446,156.6069,88.40752,130.8933,lunge,lunge,left,low,20.940284967422485
1,1776689956870,422.721,1.067708,0.583095,197.4803,12.59603,0.707107,0.948683,0.316228,0.316228,166.826,159.0709,84.32076,131.1596,lunge,lunge,left,low,20.940284967422485
1,1776689956870,422.821,1.048809,0.547723,145.4837,13.71204,0.734847,0.979796,0.34641,0.316228,176.6141,161.0327,79.43563,130.8616,lunge,lunge,left,low,20.940284967422485
1,1776689956870,422.921,1.019804,0.509902,125.6031,16.2739,0.905538,1.104536,0.374166,0.4,185.471,166.1248,76.10073,126.2407,lunge,lunge,left,low,20.940284967422485
1,1776689956870,423.021,0.761577,0.509902,138.5693,17.3505,1.140175,1.303841,0.4,0.648074,190.0973,171.6896,75.27341,122.7913,lunge,lunge,left,low,20.940284967422485
1,1776689956870,423.121,0.938083,0.509902,151.9405,15.67673,1.319091,1.148913,0.374166,0.938083,187.5766,173.6189,77.4864,122.9028,lunge,lunge,left,low,20.940284967422485
1,1776689956870,423.221,1.0583,0.632456,176.9781,15.60449,1.462874,1.095445,0.374166,1.140175,181.44,168.9749,79.21607,126.6641,lunge,lunge,left,low,20.940284967422485
1,1776689956870,423.321,1.077033,0.632456,214.758,15.49581,1.462874,1.113553,0.316228,1.131371,173.8603,161.8286,81.08212,131.1054,lunge,lunge,left,low,20.940284967422485
1,1776689956870,423.421,1.077033,0.6,246.1617,14.89899,1.667333,1.131371,0.244949,1.131371,163.2566,174.2729,84.88198,114.2109,lunge,lunge,left,low,20.940284967422485
1,1776689956870,423.521,1.03923,0.707107,274.2373,12.84679,1.624808,1.113553,0.2,1.113553,149.9853,211.5515,89.71516,73.30721,lunge,lunge,left,low,20.940284967422485
1,1776689956870,423.621,1.077033,0.69282,291.9842,8.317451,1.428286,0.812404,0.141421,1.0583,135.9282,279.6497,94.91982,2.36139,lunge,lunge,left,low,20.940284967422485
1,1776689956870,423.721,0.938083,0.734847,295.4344,4.981967,1.113553,0.509902,0.141421,0.787401,121.1263,325.7292,101.4156,-44.80178,lunge,lunge,left,low,20.940284967422485
1,1776689956870,423.821,0.938083,0.734847,295.4344,4.981967,0.87178,0.547723,0,0.469042,121.1263,314.7375,101.4156,-34.86946,lunge,lunge,left,low,20.940284967422485
1,1776689956870,423.921,0.83666,0.648074,287.1633,4.591296,1.009951,0.489898,0.244949,0.34641,105.068,248.1719,109.9923,31.13799,lunge,lunge,left,low,20.940284967422485
1,1776689956870,424.021,0.787401,0.69282,270.314,4.758151,1.009951,0.489898,0.244949,0.34641,93.86157,248.1719,115.5482,31.13799,lunge,lunge,left,low,20.940284967422485
1,1776689956870,424.121,0.8,0.69282,248.1472,4.634652,0.663325,0.34641,0.424264,0.4,89.17038,203.3871,117.4,73.98893,lunge,lunge,left,low,20.940284967422485
1,1776689956870,424.221,0.83666,0.663325,223.0022,4.207137,0.648074,0.707107,0.424264,0.547723,94.07761,173.8888,114.2185,102.3589,lunge,lunge,left,low,20.940284967422485
1,1776689956870,424.321,0.860233,0.6,197.3913,3.712142,0.616441,0.707107,0.447214,0.52915,106.5469,156.3214,106.7545,119.6544,lunge,lunge,left,low,20.940284967422485
1,1776689956870,424.421,0.883176,0.648074,173.4299,4.120679,0.648074,0.774597,0.52915,0.565685,117.7926,148.4616,102.2708,127.5447,lunge,lunge,left,low,20.940284967422485
1,1776689956870,424.521,0.883176,0.648074,152.3907,6.201612,0.848528,0.761577,0.547723,0.547723,127.9033,146.1522,98.72231,132.727,lunge,lunge,left,low,20.940284967422485
1,1776689956870,424.621,0.812404,0.6,134.6871,6.932532,1.009951,0.774597,0.52915,0.583095,141.4625,148.1891,91.7112,133.9597,lunge,lunge,left,low,20.940284967422485
1,1776689956870,424.721,0.860233,0.547723,119.8619,6.849817,0.969536,0.774597,0.4,0.6,156.0143,153.296,86.18241,132.4275,lunge,lunge,left,low,20.940284967422485
1,1776689956870,424.821,0.948683,0.52915,107.5959,7.475293,0.979796,0.565685,0.34641,0.447214,166.9168,157.2309,81.70859,131.8892,lunge,lunge,left,low,20.940284967422485
1,1776689956870,424.921,0.98995,0.565685,97.0778,8.86228,1.216552,0.6,0.447214,0.447214,175.603,161.7484,79.21474,129.3855,lunge,lunge,left,low,20.940284967422485
1,1776689956870,425.021,0.959166,0.547723,87.71191,10.37208,1.272792,0.678233,0.447214,0.663325,179.6288,167.2409,79.65759,126.897,lunge,lunge,left,low,20.940284967422485
1,1776689956870,425.121,0.894427,0.447214,79.12585,10.42881,1.249,0.8,0.424264,0.83666,176.8163,166.0979,80.37735,127.7871,lunge,lunge,left,low,20.940284967422485
1,1776689956870,425.221,0.927362,0.83666,71.32559,9.664368,0.883176,0.883176,0.447214,0.959166,173.8203,161.5881,80.36004,130.8319,lunge,lunge,left,low,20.940284967422485
1,1776689956870,425.321,0.905538,0.848528,64.53371,9.62289,0.916515,0.87178,0.469042,0.969536,165.6076,154.3128,82.98239,135.0966,lunge,lunge,left,low,20.940284967422485
1,1776689956870,425.421,0.761577,0.860233,58.38219,9.329523,1.019804,0.894427,0.469042,1.029563,154.5349,199.0817,87.18739,87.9774,lunge,lunge,left,low,20.940284967422485
1,1776689956870,425.521,0.761577,0.860233,58.38219,9.329523,0.83666,0.894427,0.52915,1.03923,154.5349,242.086,87.18739,40.85912,lunge,lunge,left,low,20.940284967422485
1,1776689956870,425.621,0.616441,0.774597,53.20282,8.155979,0.632456,0.748331,0.72111,0.969536,140.1049,284.591,92.1787,-4.206378,lunge,lunge,left,low,20.940284967422485
1,1776689956870,425.721,0.583095,0.761577,48.70832,5.934644,0.632456,0.748331,0.72111,0.969536,124.7857,284.591,97.41518,-4.206378,lunge,lunge,left,low,20.940284967422485
1,1776689956870,425.821,0.52915,0.812404,44.6652,3.44093,0.648074,0.734847,0.678233,0.848528,107.9777,324.4122,104.8721,-45.85549,lunge,lunge,left,low,20.940284967422485
1,1776689956870,425.921,0.469042,0.824621,40.60517,2.81425,0.916515,0.565685,0.648074,0.616441,96.73177,264.7258,110.2771,11.2763,lunge,lunge,left,low,20.940284967422485
1,1776689956870,426.021,0.424264,0.424264,36.61284,3.146426,0.894427,0.734847,0.678233,0.616441,91.38161,213.5728,113.3972,61.49077,lunge,lunge,left,low,20.940284967422485
1,1776689956870,426.121,0.447214,0.424264,32.64935,3.24037,0.848528,0.748331,0.678233,0.489898,95.2826,181.826,111.4761,91.90168,lunge,lunge,left,low,20.940284967422485
1,1776689956870,426.221,0.979796,0.565685,29.09467,3.458323,0.8,0.72111,0.707107,0.469042,105.6717,160.7757,105.9042,113.3702,lunge,lunge,left,low,20.940284967422485
1,1776689956870,426.321,1.264911,0.707107,25.80659,4.534314,0.938083,0.663325,0.424264,0.509902,117.8916,150.706,100.8721,123.9863,lunge,lunge,left,low,20.940284967422485
1,1776689956870,426.421,1.319091,0.707107,22.9482,5.244044,0.959166,0.748331,0.447214,0.509902,129.5559,146.2427,95.73947,129.6241,lunge,lunge,left,low,20.940284967422485
1,1776689956870,426.521,1.28841,0.69282,20.2968,5.180734,0.734847,0.894427,0.469042,0.469042,143.5263,146.4232,88.86828,130.6809,lunge,lunge,left,low,20.940284967422485
1,1776689956870,426.621,1.296148,0.748331,17.85217,5.576737,0.707107,0.824621,0.4,0.447214,156.8232,150.254,83.55553,130.0373,lunge,lunge,left,low,20.940284967422485
1,1776689956870,426.721,1.341641,0.734847,15.69713,7.28423,0.969536,0.87178,0.4,0.424264,168.2143,154.6724,78.57375,128.9951,lunge,lunge,left,low,20.940284967422485
1,1776689956870,426.821,1.216552,0.663325,13.38133,8.264381,1.03923,0.927362,0.244949,0.469042,175.2422,160.1508,77.46135,126.2487,lunge,lunge,left,low,20.940284967422485
1,1776689956870,426.921,1.272792,0.616441,10.95354,8.146165,0.969536,0.927362,0.316228,0.489898,177.4205,162.3933,77.84621,126.2256,lunge,lunge,left,low,20.940284967422485
1,1776689956870,427.021,1.174734,0.489898,8.856636,7.46994,0.905538,0.860233,0.374166,0.72111,173.1162,158.8627,79.75728,130.588,lunge,lunge,left,low,20.940284967422485
1,1776689956870,427.121,1.191638,0.52915,7.181922,7.341662,0.979796,0.648074,0.374166,0.8,166.9567,152.9434,81.06853,133.4444,lunge,lunge,left,low,20.940284967422485
1,1776689956870,427.221,1.191638,0.52915,7.181922,7.341662,1.0583,0.6,0.447214,0.824621,166.9567,169.2136,81.06853,115.1332,lunge,lunge,left,low,20.940284967422485
1,1776689956870,427.321,1.191638,0.489898,6.044833,7.123202,0.916515,0.905538,0.447214,0.927362,156.5714,229.525,84.43336,52.67181,lunge,lunge,left,low,20.940284967422485
1,1776689956870,427.421,1.191638,0.509902,5.370289,5.587486,0.916515,0.905538,0.447214,0.927362,144.147,229.525,89.72089,52.67181,lunge,lunge,left,low,20.940284967422485
1,1776689956870,427.521,1.095445,0.509902,5.002,3.373425,0.734847,0.812404,0.469042,0.927362,129.7032,276.857,94.74068,2.614083,lunge,lunge,left,low,20.940284967422485
1,1776689956870,427.621,0.69282,0.509902,4.732864,1.865476,0.748331,0.905538,0.52915,0.905538,113.7299,320.3725,101.4642,-41.98707,lunge,lunge,left,low,20.940284967422485
1,1776689956870,427.721,0.632456,0.616441,4.606517,1.772004,0.905538,0.927362,0.447214,0.72111,100.5434,250.541,107.5231,26.32239,lunge,lunge,left,low,20.940284967422485
1,1776689956870,427.821,0.648074,0.616441,4.192851,1.892089,0.87178,0.916515,0.509902,0.678233,93.39513,202.4316,111.2268,72.38209,lunge,lunge,left,low,20.940284967422485
1,1776689956870,427.921,0.648074,0.565685,3.768289,2.019901,0.8,0.959166,0.565685,0.774597,94.96763,172.1071,111.375,101.8957,lunge,lunge,left,low,20.940284967422485
1,1776689956870,428.021,0.72111,0.583095,3.292416,2.2,0.761577,0.774597,0.565685,0.648074,103.7335,154.6551,106.2818,118.6262,lunge,lunge,left,low,20.940284967422485
1,1776689956870,428.121,1.009951,0.616441,2.912044,2.533772,0.734847,0.6,0.583095,0.663325,116.4828,146.3224,99.36843,127.8012,lunge,lunge,left,low,20.940284967422485
1,1776689956870,428.221,1,0.632456,2.774887,2.863564,0.72111,0.509902,0.489898,0.72111,129.636,145.5532,93.98137,131.035,lunge,lunge,left,low,20.940284967422485
1,1776689956870,428.321,1.019804,0.52915,2.35372,2.83196,0.547723,0.469042,0.489898,0.72111,142.8101,147.7021,88.25156,132.5678,lunge,lunge,left,low,20.940284967422485
1,1776689956870,428.421,0.979796,0.547723,1.989975,3.11127,0.509902,0.469042,0.469042,0.707107,156.6263,153.3729,82.67811,130.239,lunge,lunge,left,low,20.940284967422485
1,1776689956870,428.521,1.183216,0.6,1.737815,3.509986,0.583095,0.4,0.316228,0.565685,166.452,158.5658,78.97223,128.6102,lunge,lunge,left,low,20.940284967422485
1,1776689956870,428.621,1.407125,0.565685,1.428286,3.72827,0.565685,0.34641,0.34641,0.547723,171.7195,161.6222,77.91376,128.6191,lunge,lunge,left,low,20.940284967422485
1,1776689956870,428.721,1.272792,0.509902,1.256981,3.638681,0.547723,0.374166,0.316228,0.489898,172.7928,161.4503,77.42668,129.716,lunge,lunge,left,low,20.940284967422485
1,1776689956870,428.821,1.249,0.447214,0.948683,3.277194,0.52915,0.316228,0.282843,0.678233,169.2165,156.9649,78.86816,133.5902,lunge,lunge,left,low,20.940284967422485
1,1776689956870,428.921,1.249,0.447214,0.948683,3.277194,0.469042,0.244949,0.282843,0.648074,169.2165,150.7015,78.86816,138.4582,lunge,lunge,left,low,20.940284967422485
1,1776689956870,429.021,1.216552,0.547723,0.469042,3.228003,0.509902,0.316228,0.34641,0.632456,160.9941,166.6735,82.73508,120.3133,lunge,lunge,left,low,20.940284967422485
1,1776689956870,429.121,1.232883,0.469042,0.632456,2.925748,0.509902,0.316228,0.34641,0.632456,149.2546,166.6735,88.15517,120.3133,lunge,lunge,left,low,20.940284967422485
1,1776689956870,429.221,1.113553,0.489898,0.678233,2.35372,0.489898,0.316228,0.34641,0.69282,135.2758,237.3133,93.56101,47.53195,lunge,lunge,left,low,20.940284967422485
1,1776689956870,429.321,0.678233,0.547723,0.678233,1.542725,0.424264,0.4,0.34641,0.69282,120.0372,295.2188,99.72832,-11.51296,lunge,lunge,left,low,20.940284967422485
1,1776689956870,429.421,0.6,0.6,0.707107,0.938083,0.547723,0.4,0.469042,0.648074,104.7275,279.5774,107.3018,2.680979,lunge,lunge,left,low,20.940284967422485
1,1776689956870,429.521,0.616441,0.678233,0.734847,1,0.938083,0.761577,0.678233,0.316228,94.25459,223.4675,112.4809,57.31369,lunge,lunge,left,low,20.940284967422485
1,1776689956870,429.621,0.616441,0.6,0.774597,1.095445,1,0.916515,0.678233,0.316228,91.23834,188.4815,114.3326,89.45634,lunge,lunge,left,low,20.940284967422485
1,1776689956870,429.721,0.648074,0.616441,0.894427,1.311488,1.019804,0.894427,0.678233,0.447214,98.59967,164.4355,109.7279,113.5848,lunge,lunge,left,low,20.940284967422485
1,1776689956870,429.821,0.8,0.6,0.927362,1.581139,1,0.916515,0.72111,0.34641,111.1587,150.5422,102.9319,127.0638,lunge,lunge,left,low,20.940284967422485
1,1776689956870,429.921,1.32665,0.509902,1.048809,2.668333,1.067708,0.894427,0.69282,0.4,123.297,145.443,97.47353,132.8909,lunge,lunge,left,low,20.940284967422485
1,1776689956870,430.021,1.43527,0.489898,1.131371,4.465423,1.113553,0.969536,0.707107,0.424264,136.2181,146.7739,91.45148,133.5351,lunge,lunge,left,low,20.940284967422485
1,1776689956870,430.121,1.456022,0.316228,1.113553,4.816638,0.848528,0.824621,0.52915,0.447214,151.3648,150.7751,84.13544,132.9082,lunge,lunge,left,low,20.940284967422485
1,1776689956870,430.221,1.587451,0.316228,1.256981,6.341924,0.824621,0.894427,0.469042,0.489898,164.5156,155.8056,79.0921,130.4051,lunge,lunge,left,low,20.940284967422485
1,1776689956870,430.321,1.708801,0.282843,1.349074,7.213876,0.787401,0.883176,0.469042,0.424264,174.624,162.4202,75.17062,126.0008,lunge,lunge,left,low,20.940284967422485
1,1776689956870,430.421,1.697056,0.2,1.341641,7.502,0.848528,0.883176,0.447214,0.616441,175.7329,163.7814,76.70991,128.3541,lunge,lunge,left,low,20.940284967422485
1,1776689956870,430.521,1.414214,0.282843,1.319091,7.356629,0.860233,0.894427,1.618641,0.761577,172.9463,161.6232,78.31116,130.4685,lunge,lunge,left,low,20.940284967422485
1,1776689956870,430.621,1.414214,0.282843,1.319091,7.356629,0.83666,0.87178,1.68523,0.761577,172.9463,154.6162,78.31116,136.1783,lunge,lunge,left,low,20.940284967422485
1,1776689956870,430.721,1.131371,0.52915,1.191638,6.374951,0.734847,0.969536,1.714643,0.8,164.8804,195.3959,82.11771,93.37325,lunge,lunge,left,low,20.940284967422485
1,1776689956870,430.821,1.131371,0.648074,1.2,6.153048,0.734847,0.969536,1.714643,0.8,151.6623,195.3959,87.86367,93.37325,lunge,lunge,left,low,20.940284967422485
1,1776689956870,430.921,0.927362,0.663325,1.086278,4.793746,0.678233,0.812404,1.74356,0.8,137.3712,247.9597,93.68317,38.00063,lunge,lunge,left,low,20.940284967422485
1,1776689956870,431.021,0.663325,0.648074,0.860233,3.152776,0.761577,0.748331,1.822087,0.774597,121.3919,291.9864,99.98421,-6.523599,lunge,lunge,left,low,20.940284967422485
1,1776689956870,431.121,0.447214,0.848528,0.69282,1.876166,0.979796,1.03923,1.811077,0.663325,104.9053,265.8628,107.9019,18.35433,lunge,lunge,left,low,20.940284967422485
1,1776689956870,431.221,0.52915,0.938083,0.648074,1.726268,1.363818,1.104536,0.979796,0.648074,92.54364,214.1521,114.8662,69.28743,lunge,lunge,left,low,20.940284967422485
1,1776689956870,431.321,0.583095,0.959166,0.69282,2.059126,1.341641,1.095445,0.848528,0.774597,88.48474,180.7574,117.5329,101.8898,lunge,lunge,left,low,20.940284967422485
1,1776689956870,431.421,0.52915,0.905538,0.734847,2.48596,1.341641,1.03923,0.707107,0.734847,94.16228,159.1124,113.3313,121.8422,lunge,lunge,left,low,20.940284967422485
1,1776689956870,431.521,0.583095,0.905538,0.69282,2.48596,1.334166,0.927362,0.824621,0.83666,108.2298,149.3647,104.9786,129.5482,lunge,lunge,left,low,20.940284967422485
1,1776689956870,431.621,0.6,0.98995,0.663325,2.32379,1.303841,0.969536,0.565685,0.848528,121.5693,147.1266,99.79404,133.4153,lunge,lunge,left,low,20.940284967422485
1,1776689956870,431.721,0.648074,0.948683,0.616441,2.126029,1.174734,0.663325,0.547723,0.83666,134.2143,149.711,94.86092,134.6131,lunge,lunge,left,low,20.940284967422485
1,1776689956870,431.821,0.616441,0.824621,0.565685,2.014944,0.469042,0.565685,0.583095,0.72111,146.0747,152.2195,88.32105,134.5269,lunge,lunge,left,low,20.940284967422485
1,1776689956870,431.921,0.547723,0.678233,0.489898,1.913113,0.547723,0.547723,0.678233,0.583095,158.8053,158.1569,81.49489,129.8195,lunge,lunge,left,low,20.940284967422485
1,1776689956870,432.021,0.69282,0.69282,0.509902,1.618641,0.565685,0.547723,0.69282,0.547723,167.5872,165.4742,79.31065,123.9526,lunge,lunge,left,low,20.940284967422485
1,1776689956870,432.121,0.905538,0.72111,0.547723,1.81659,0.6,0.509902,0.509902,0.469042,171.5321,166.8738,78.19473,126.5527,lunge,lunge,left,low,20.940284967422485
1,1776689956870,432.221,0.860233,0.632456,0.52915,1.897367,0.616441,0.424264,0.52915,0.509902,170.0356,163.9839,79.35542,129.1263,lunge,lunge,left,low,20.940284967422485
1,1776689956870,432.321,0.860233,0.632456,0.52915,1.897367,0.583095,0.424264,0.52915,0.6,170.0356,159.6516,79.35542,132.7803,lunge,lunge,left,low,20.940284967422485
1,1776689956870,432.421,0.87178,0.774597,0.469042,1.881489,0.583095,0.424264,0.52915,0.6,164.5962,159.6516,82.04401,132.7803,lunge,lunge,left,low,20.940284967422485
1,1776689956870,432.521,0.87178,0.860233,0.469042,1.876166,0.616441,0.52915,0.565685,0.616441,153.7017,214.3548,87.36488,77.38982,lunge,lunge,left,low,20.940284967422485
1,1776689956870,432.621,0.860233,0.894427,0.509902,1.754993,0.509902,0.509902,0.447214,0.632456,140.1798,272.919,93.92939,16.92624,lunge,lunge,left,low,20.940284967422485
1,1776689956870,432.721,0.824621,0.927362,0.469042,1.449138,0.6,0.489898,0.424264,0.632456,123.3945,322.8884,100.8225,-34.14633,lunge,lunge,left,low,20.940284967422485
1,1776689956870,432.821,0.509902,0.979796,0.244949,0.860233,0.632456,0.72111,0.447214,0.616441,106.2152,301.8437,108.5038,-14.331,lunge,lunge,left,low,20.940284967422485
1,1776689956870,432.921,0.547723,0.979796,0.244949,0.547723,1.16619,0.8,0.616441,0.583095,94.48748,242.9007,114.6638,43.9856,lunge,lunge,left,low,20.940284967422485
1,1776689956870,433.021,0.469042,0.948683,0.316228,0.69282,1.174734,0.938083,0.565685,0.509902,89.59042,202.6173,118.51,84.4012,lunge,lunge,left,low,20.940284967422485
1,1776689956870,433.121,0.469042,0.69282,0.4,1.095445,1.16619,0.959166,0.52915,0.6,91.82677,176.9981,118.5832,108.6444,lunge,lunge,left,low,20.940284967422485
1,1776689956870,433.221,0.824621,0.812404,0.4,1.954482,1.157584,1.095445,0.509902,0.6,103.4307,162.9273,112.6423,124.7445,lunge,lunge,left,low,20.940284967422485
1,1776689956870,433.321,0.948683,0.848528,0.547723,3.009984,1.157584,1.113553,0.509902,0.959166,117.2441,155.7232,103.9658,130.4004,lunge,lunge,left,low,20.940284967422485
1,1776689956870,433.421,0.938083,0.787401,0.547723,3.059412,1.16619,1.113553,0.489898,0.959166,131.6877,157.0003,97.09927,129.8595,lunge,lunge,left,low,20.940284967422485
1,1776689956870,433.521,0.905538,0.748331,0.547723,3.382307,0.678233,1.0583,0.4,0.905538,144.8589,159.2704,90.31242,130.5568,lunge,lunge,left,low,20.940284967422485
1,1776689956870,433.621,0.969536,0.69282,0.547723,3.602777,0.648074,0.98995,0.244949,0.883176,155.8355,161.4453,85.04969,129.2636,lunge,lunge,left,low,20.940284967422485
1,1776689956870,433.721,0.979796,0.707107,0.632456,3.98748,0.707107,1.019804,0.374166,0.87178,163.2606,165.5244,82.95294,126.7407,lunge,lunge,left,low,20.940284967422485
1,1776689956870,433.821,0.916515,0.72111,0.69282,3.954744,0.707107,0.848528,0.34641,0.824621,165.0516,167.0171,83.0144,127.1622,lunge,lunge,left,low,20.940284967422485
1,1776689956870,433.921,0.748331,0.52915,0.72111,3.120897,0.616441,0.774597,0.447214,0.34641,162.2606,165.5618,84.47073,130.8016,lunge,lunge,left,low,20.940284967422485
1,1776689956870,434.021,0.748331,0.52915,0.72111,3.120897,0.6,0.72111,0.547723,0.34641,162.2606,173.8456,84.47073,122.9616,lunge,lunge,left,low,20.940284967422485
1,1776689956870,434.121,0.663325,0.565685,0.69282,3.043025,0.6,0.72111,0.547723,0.34641,158.2602,173.8456,86.81792,122.9616,lunge,lunge,left,low,20.940284967422485
1,1776689956870,434.221,0.663325,0.565685,0.69282,2.742262,0.616441,0.734847,0.583095,0.374166,149.1674,185.1136,91.74469,109.2953,lunge,lunge,left,low,20.940284967422485
1,1776689956870,434.321,0.565685,0.583095,0.734847,2.387467,0.509902,0.707107,0.583095,0.447214,135.0957,242.3731,98.14578,49.75264,lunge,lunge,left,low,20.940284967422485
1,1776689956870,434.421,0.616441,0.583095,0.69282,1.737815,0.489898,0.489898,0.6,0.424264,119.9012,300.6519,105.055,-10.44251,lunge,lunge,left,low,20.940284967422485
1,1776689956870,434.521,0.509902,0.648074,0.6,0.812404,0.648074,0.509902,0.616441,0.374166,104.724,240.6546,112.5,47.95783,lunge,lunge,left,low,20.940284967422485
1,1776689956870,434.621,0.6,0.565685,0.4,0.72111,1.009951,0.6,0.678233,0.469042,93.817,197.9253,118.8382,89.41553,lunge,lunge,left,low,20.940284967422485
1,1776689956870,434.721,0.678233,0.632456,0.4,1.03923,1.03923,0.761577,0.616441,0.52915,89.95197,170.8835,121.1864,115.1169,lunge,lunge,left,low,20.940284967422485
1,1776689956870,434.821,0.69282,0.663325,0.4,1.183216,1.048809,0.824621,0.648074,0.52915,92.51448,154.1052,121.608,131.9534,lunge,lunge,left,low,20.940284967422485
1,1776689956870,434.921,0.69282,0.707107,0.34641,1.378405,1.0583,0.848528,0.632456,0.52915,101.5057,144.8995,116.4846,142.4293,lunge,lunge,left,low,20.940284967422485
1,1776689956870,435.021,0.616441,0.761577,0.34641,1.356466,1.029563,1.029563,0.632456,0.52915,113.819,143.9152,109.1204,142.6237,lunge,lunge,left,low,20.940284967422485
1,1776689956870,435.121,0.547723,0.6,0.316228,1.28841,1,1.009951,0.583095,0.547723,126.2923,147.8494,103.2443,140.1586,lunge,lunge,left,low,20.940284967422485
1,1776689956870,435.221,0.469042,0.616441,0.282843,1.280625,0.52915,0.979796,0.52915,0.489898,138.1265,153.9456,96.52805,136.2091,lunge,lunge,left,low,20.940284967422485
1,1776689956870,435.321,0.447214,0.707107,0.282843,1.131371,0.547723,0.87178,0.447214,0.424264,149.8247,160.7697,91.10329,131.9727,lunge,lunge,left,low,20.940284967422485
1,1776689956870,435.421,0.52915,0.678233,0.282843,1.048809,0.632456,0.748331,0.374166,0.374166,157.1703,165.9674,88.72304,129.7806,lunge,lunge,left,low,20.940284967422485
1,1776689956870,435.521,0.509902,0.632456,0.424264,0.69282,0.663325,0.734847,0.34641,0.447214,160.3534,164.2159,86.25072,133.1194,lunge,lunge,left,low,20.940284967422485
1,1776689956870,435.621,0.547723,0.52915,0.447214,0.648074,0.883176,0.509902,0.34641,0.424264,158.5806,158.1253,86.7126,136.0603,lunge,lunge,left,low,20.940284967422485
1,1776689956870,435.721,0.547723,0.52915,0.447214,0.648074,0.87178,0.632456,0.374166,0.469042,158.5806,150.3032,86.7126,141.4578,lunge,lunge,left,low,20.940284967422485
1,1776689956870,435.821,0.52915,0.761577,0.4,0.663325,0.87178,0.632456,0.374166,0.469042,150.9197,150.3032,90.61939,141.4578,lunge,lunge,left,low,20.940284967422485
1,1776689956870,435.921,0.547723,0.761577,0.469042,0.632456,0.87178,0.72111,0.648074,0.489898,139.1642,207.2605,96.60255,83.58778,lunge,lunge,left,low,20.940284967422485
1,1776689956870,436.021,0.547723,0.663325,0.509902,0.547723,0.905538,0.707107,0.616441,0.52915,123.1633,276.5965,103.8154,12.99118,lunge,lunge,left,low,20.940284967422485
1,1776689956870,436.121,0.489898,0.6,0.583095,0.565685,0.87178,1,0.69282,0.52915,106.019,307.9434,111.1748,-19.70401,lunge,lunge,left,low,20.940284967422485
1,1776689956870,436.221,0.52915,0.632456,0.648074,0.734847,1.240967,1.077033,0.707107,0.547723,92.99101,245.8871,117.7123,41.06369,lunge,lunge,left,low,20.940284967422485
1,1776689956870,436.321,0.52915,0.648074,0.565685,0.8,1.191638,1.280625,0.748331,0.489898,85.52362,203.8025,121.7978,81.29195,lunge,lunge,left,low,20.940284967422485
1,1776689956870,436.421,0.547723,0.34641,0.565685,0.938083,1.148913,1.272792,0.748331,0.583095,87.78342,176.4363,121.8093,108.8291,lunge,lunge,left,low,20.940284967422485
1,1776689956870,436.521,0.565685,0.4,0.547723,1.303841,1.16619,1.148913,0.52915,0.734847,97.83139,160.3838,117.1699,125.6898,lunge,lunge,left,low,20.940284967422485
1,1776689956870,436.621,0.69282,0.469042,0.52915,1.737815,1.16619,1.157584,0.52915,0.774597,111.4712,152.7523,109.9652,133.8981,lunge,lunge,left,low,20.940284967422485
1,1776689956870,436.721,0.72111,0.424264,0.663325,2.044505,1.148913,0.979796,0.424264,0.774597,126.1768,153.327,101.7365,134.6464,lunge,lunge,left,low,20.940284967422485
1,1776689956870,436.821,0.632456,0.447214,0.547723,2.044505,0.761577,0.860233,0.4,0.761577,139.053,157.3022,95.75587,132.3848,lunge,lunge,left,low,20.940284967422485
1,1776689956870,436.921,0.616441,0.469042,0.52915,2.366432,0.469042,0.489898,0.34641,0.761577,152.13,162.4118,89.05971,130.5276,lunge,lunge,left,low,20.940284967422485
1,1776689956870,437.021,0.648074,0.616441,0.52915,2.712932,0.469042,0.489898,0.374166,0.707107,161.9839,166.9324,84.779,127.1471,lunge,lunge,left,low,20.940284967422485
1,1776689956870,437.121,0.69282,0.663325,0.547723,2.908608,0.509902,0.509902,0.447214,0.616441,168.8038,170.9701,82.96918,125.9985,lunge,lunge,left,low,20.940284967422485
1,1776689956870,437.221,0.663325,0.616441,0.583095,2.993326,0.4,0.52915,0.52915,0.616441,168.8523,167.6145,82.88731,129.3046,lunge,lunge,left,low,20.940284967422485
1,1776689956870,437.321,0.565685,0.6,0.469042,2.785678,1.542725,0.565685,1.086278,0.72111,163.836,160.2119,84.3372,133.3565,lunge,lunge,left,low,20.940284967422485
1,1776689956870,437.421,0.565685,0.6,0.469042,2.785678,1.555635,0.565685,1.122497,0.678233,163.836,178.5578,84.3372,112.785,lunge,lunge,left,low,20.940284967422485
1,1776689956870,437.521,0.547723,0.583095,0.4,2.760435,1.555635,0.565685,1.122497,0.678233,153.3826,178.5578,89.22571,112.785,lunge,lunge,left,low,20.940284967422485
1,1776689956870,437.621,0.547723,0.547723,0.4,2.517936,1.574802,0.734847,1.113553,0.734847,138.4716,243.8477,95.96617,45.62568,lunge,lunge,left,low,20.940284967422485
1,1776689956870,437.721,0.565685,0.489898,0.489898,2.116601,1.574802,0.648074,1.148913,0.748331,121.7518,279.6568,103.1469,8.396624,lunge,lunge,left,low,20.940284967422485
1,1776689956870,437.821,0.547723,0.424264,0.52915,1.74356,1.612452,0.6,1.131371,0.787401,105.6929,258.0026,111.1363,28.51657,lunge,lunge,left,low,20.940284967422485
1,1776689956870,437.921,0.663325,0.678233,0.489898,1.240967,1.726268,0.894427,1.131371,0.648074,94.84725,212.1324,117.2455,72.56412,lunge,lunge,left,low,20.940284967422485
1,1776689956870,438.021,0.616441,0.69282,0.447214,1.191638,0.979796,0.894427,0.565685,0.509902,89.99139,182.4543,119.9113,101.1626,lunge,lunge,left,low,20.940284967422485
1,1776689956870,438.121,0.707107,0.69282,0.469042,1.749286,0.883176,0.979796,0.565685,0.565685,94.97415,163.5199,117.654,119.4996,lunge,lunge,left,low,20.940284967422485
1,1776689956870,438.221,0.787401,0.748331,0.734847,2.949576,0.848528,0.894427,0.52915,0.547723,106.0134,163.6132,112.6007,122.6478,lunge,lunge,left,low,20.940284967422485
1,1776689956870,438.321,1.16619,0.824621,1.067708,4.195235,0.894427,0.938083,0.509902,0.616441,118.7487,164.1365,107.87,127.6766,lunge,lunge,left,low,20.940284967422485
1,1776689956870,438.421,1.516575,0.969536,1.272792,6.813222,0.916515,0.938083,0.469042,0.748331,129.2772,160.0944,103.3424,134.8131,lunge,lunge,left,low,20.940284967422485
1,1776689956870,438.521,1.720465,0.969536,1.296148,7.183314,0.583095,0.748331,0.52915,0.824621,141.299,154.4593,97.53121,140.1756,lunge,lunge,left,low,20.940284967422485
1,1776689956870,438.621,1.749286,0.938083,1.32665,7.288347,0.648074,0.678233,0.761577,0.860233,156.9494,149.7965,91.65277,140.7172,lunge,lunge,left,low,20.940284967422485
1,1776689956870,438.721,1.749286,0.938083,163.9885,7.901898,0.648074,0.663325,0.734847,0.894427,171.8442,152.84,88.47826,134.5022,lunge,lunge,left,low,20.940284967422485
1,1776689956870,438.821,1.74356,1.122497,245.7377,8.581375,0.69282,0.69282,0.748331,0.905538,183.5826,153.7421,85.3551,127.0184,lunge,lunge,left,low,20.940284967422485
1,1776689956870,438.921,1.720465,1.777639,262.2168,8.439195,0.72111,0.616441,0.774597,0.87178,192.1402,158.037,80.89252,119.4194,lunge,lunge,left,low,20.940284967422485
1,1776689956870,439.021,1.892089,1.68523,263.6416,6.587868,0.6,0.616441,0.894427,0.83666,201.0875,165.6708,78.68907,113.9311,lunge,lunge,left,low,20.940284967422485
1,1776689956870,439.121,1.720465,1.618641,264.3113,6.123724,0.6,0.616441,0.894427,0.83666,202.7126,165.6708,84.04657,113.9311,lunge,lunge,left,low,20.940284967422485
1,1776689956870,439.221,1.720465,1.618641,264.3113,6.123724,0.6,0.663325,0.916515,0.663325,202.7126,169.308,84.04657,111.9303,lunge,lunge,left,low,20.940284967422485
1,1776689956870,439.321,1.630951,1.6,267.1726,6.05475,0.824621,0.678233,0.748331,0.632456,192.2547,170.6623,95.47049,109.51,lunge,lunge,left,low,20.940284967422485
1,1776689956870,439.421,1.637071,1.6,243.5856,5.565968,0.761577,0.761577,0.774597,0.663325,177.5134,174.1843,107.7395,105.1829,lunge,lunge,left,low,20.940284967422485
1,1776689956870,439.521,1.630951,1.593738,144.3057,3.527038,0.707107,0.83666,0.774597,0.583095,181.4535,174.6086,101.1685,101.8074,lunge,lunge,left,low,20.940284967422485
1,1776689956870,439.621,1.462874,0.447214,100.7813,3.286335,0.663325,0.824621,0.761577,0.565685,180.9338,177.118,96.02544,97.79732,lunge,lunge,left,low,20.940284967422485
1,1776689956870,439.721,1.009951,0.469042,98.25589,3.741657,0.648074,0.83666,0.52915,0.583095,181.939,177.3564,91.96374,97.10358,lunge,lunge,left,low,20.940284967422485
1,1776689956870,439.821,0.374166,0.447214,101.0755,3.515679,0.648074,0.824621,0.6,0.547723,184.9432,177.9292,89.58941,94.21053,lunge,lunge,left,low,20.940284967422485
1,1776689956870,439.921,0.374166,0.469042,98.0048,3.24037,0.424264,0.8,0.583095,0.447214,186.0126,177.1118,88.87457,93.9939,lunge,lunge,left,low,20.940284967422485
1,1776689956870,440.021,0.34641,0.469042,89.11644,3.246536,0.663325,0.734847,0.509902,0.424264,187.9174,177.6032,88.09665,91.76817,lunge,lunge,left,low,20.940284967422485
1,1776689956870,440.121,0.34641,0.424264,76.94284,3.149603,0.72111,0.4,0.547723,0.6,189.1898,178.2491,87.87261,90.41092,lunge,lunge,left,low,20.940284967422485
1,1776689956870,440.221,0.374166,0.316228,63.55297,2.824889,0.72111,0.4,0.509902,0.52915,189.1974,178.3434,89.30344,90.92478,lunge,lunge,left,low,20.940284967422485
1,1776689956870,440.321,0.34641,0.282843,53.20057,2.083267,0.72111,0.447214,0.489898,0.509902,190.457,178.1264,88.48019,91.5038,lunge,lunge,left,low,20.940284967422485
1,1776689956870,440.421,0.424264,0.282843,46.87729,1.174734,0.72111,0.489898,0.34641,0.469042,191.7686,177.991,88.62239,91.58793,lunge,lunge,left,low,20.940284967422485
1,1776689956870,440.521,0.4,0.316228,40.22189,0.938083,0.663325,0.424264,0.244949,0.509902,191.6211,178.6891,89.17267,91.06313,lunge,lunge,left,low,20.940284967422485
1,1776689956870,440.621,0.4,0.316228,33.86532,1.92873,0.469042,0.469042,0.374166,0.52915,191.7019,179.3375,89.09576,90.24722,lunge,lunge,left,low,20.940284967422485
1,1776689956870,440.721,0.447214,0.316228,28.1741,2.701851,0.34641,0.469042,0.374166,0.4,192.6124,179.4125,88.10606,90.28077,lunge,lunge,left,low,20.940284967422485
1,1776689956870,440.821,0.489898,0.34641,23.37007,2.8,0.34641,0.469042,0.374166,0.4,192.3418,179.4125,88.20321,90.28077,lunge,lunge,left,low,20.940284967422485
1,1776689956870,440.921,0.489898,0.34641,23.37007,2.8,0.316228,0.489898,0.374166,0.4,192.3418,180.0128,88.20321,89.93822,lunge,lunge,left,low,20.940284967422485
1,1776689956870,441.021,0.52915,0.374166,19.43193,2.912044,0.34641,0.509902,0.4,0.4,190.4678,180.7083,89.83951,89.47817,lunge,lunge,left,low,20.940284967422485
1,1776689956870,441.121,0.489898,0.4,16.20247,2.946184,0.34641,0.447214,0.4,0.374166,187.2846,180.7437,91.68669,89.45809,lunge,lunge,left,low,20.940284967422485
1,1776690051549,515.021,0.374166,0.4,0.447214,0.565685,0.34641,1.224745,0.447214,0.374166,164.4617,171.9086,125.9499,80.01665,lunge,lunge,right,low,20.142746448516846
1,1776690051549,515.121,0.4,0.282843,0.4,0.565685,0.34641,1.311488,0.316228,0.316228,164.5204,174.668,126.172,77.76967,lunge,lunge,right,low,20.142746448516846
1,1776690051549,515.221,0.4,0.282843,0.424264,0.509902,0.34641,1.449138,0.282843,0.34641,166.1514,174.1773,125.4771,78.99255,lunge,lunge,right,low,20.142746448516846
1,1776690051549,515.321,0.583095,0.316228,0.52915,0.583095,0.374166,1.549193,0.282843,0.282843,166.174,173.5568,125.9984,78.91633,lunge,lunge,right,low,20.142746448516846
1,1776690051549,515.421,0.583095,0.374166,0.547723,0.547723,0.509902,1.649242,0.244949,0.282843,164.8845,172.3451,127.7571,78.44012,lunge,lunge,right,low,20.142746448516846
1,1776690051549,515.521,0.6,0.374166,0.632456,0.547723,0.52915,1.969772,0.316228,0.447214,164.1171,170.6357,127.9852,78.92841,lunge,lunge,right,low,20.142746448516846
1,1776690051549,515.621,0.547723,0.4,0.632456,0.509902,0.52915,1.954482,0.316228,0.509902,164.4883,169.0393,127.4481,80.40474,lunge,lunge,right,low,20.142746448516846
1,1776690051549,515.721,0.565685,0.4,0.616441,0.565685,0.565685,1.865476,0.34641,0.547723,164.8411,168.4431,127.4076,80.89611,lunge,lunge,right,low,20.142746448516846
1,1776690051549,515.821,0.565685,0.4,0.616441,0.565685,0.547723,1.794436,0.34641,0.52915,164.8411,167.67,127.4076,81.62741,lunge,lunge,right,low,20.142746448516846
1,1776690051549,515.921,0.547723,0.424264,0.632456,0.583095,0.565685,1.649242,0.4,0.547723,165.2028,167.4533,127.0038,81.78177,lunge,lunge,right,low,20.142746448516846
1,1776690051549,516.021,0.447214,0.447214,0.547723,0.509902,0.547723,1.630951,0.4,0.547723,165.984,168.0853,126.4407,81.16763,lunge,lunge,right,low,20.142746448516846
1,1776690051549,516.121,0.632456,0.374166,0.583095,0.489898,0.489898,1.232883,0.34641,0.489898,167.2968,170.5078,125.5189,79.72073,lunge,lunge,right,low,20.142746448516846
1,1776690051549,516.221,0.616441,0.374166,0.748331,0.489898,0.565685,0.824621,0.583095,0.69282,168.5861,167.9077,123.7991,81.97797,lunge,lunge,right,low,20.142746448516846
1,1776690051549,516.321,0.707107,0.374166,1.303841,0.34641,0.774597,1.256981,0.87178,0.72111,167.141,164.7535,125.6582,83.81799,lunge,lunge,right,low,20.142746448516846
1,1776690051549,516.421,0.69282,0.4,1.655295,0.282843,0.774597,1.256981,0.87178,0.72111,166.8842,164.7535,124.3227,83.81799,lunge,lunge,right,low,20.142746448516846
1,1776690051549,516.521,0.707107,0.447214,1.732051,0.141421,1.03923,1.489967,0.894427,0.72111,164.8441,159.2494,126.5606,86.51786,lunge,lunge,right,low,20.142746448516846
1,1776690051549,516.621,0.648074,0.424264,1.749286,0,1.140175,1.529706,0.894427,0.69282,157.2955,153.176,133.9292,90.46059,lunge,lunge,right,low,20.142746448516846
1,1776690051549,516.721,0.547723,0.489898,1.754993,0.141421,1.113553,1.536229,0.905538,0.72111,163.3109,145.5667,126.2221,93.71706,lunge,lunge,right,low,20.142746448516846
1,1776690051549,516.821,0.469042,0.509902,1.754993,0.141421,1.086278,1.606238,0.894427,0.734847,179.0952,136.8681,108.7505,97.25611,lunge,lunge,right,low,20.142746448516846
1,1776690051549,516.921,0.316228,0.509902,1.43527,0.316228,1.086278,1.6,0.860233,0.748331,245.2712,126.5119,40.15918,101.4501,lunge,lunge,right,low,20.142746448516846
1,1776690051549,517.021,0.34641,0.489898,1.03923,0.34641,0.948683,1.249,0.34641,0.509902,300.3489,114.3613,-18.12775,105.5494,lunge,lunge,right,low,20.142746448516846
1,1776690051549,517.121,0.374166,0.447214,0.812404,0.424264,0.663325,1.077033,0.34641,0.469042,335.9051,101.7035,-56.22763,109.7741,lunge,lunge,right,low,20.142746448516846
1,1776690051549,517.221,0.4,0.424264,0.848528,0.509902,0.447214,0.979796,0.2,0.509902,273.5598,90.86325,3.473885,114.1342,lunge,lunge,right,low,20.142746448516846
1,1776690051549,517.321,0.447214,0.469042,0.824621,0.489898,0.6,0.979796,0.141421,0.6,220.9685,85.47383,55.09079,117.0009,lunge,lunge,right,low,20.142746448516846
1,1776690051549,517.421,0.447214,0.374166,0.72111,0.52915,0.648074,0.916515,0.141421,0.734847,187.744,87.00195,87.4922,116.9728,lunge,lunge,right,low,20.142746448516846
1,1776690051549,517.521,0.447214,0.374166,0.72111,0.52915,0.648074,0.938083,0.316228,0.905538,187.744,92.61629,87.4922,115.1391,lunge,lunge,right,low,20.142746448516846
1,1776690051549,517.621,0.509902,0.4,0.774597,0.469042,0.663325,0.948683,0.34641,0.860233,170.6828,104.1327,106.3722,109.7677,lunge,lunge,right,low,20.142746448516846
1,1776690051549,517.721,0.547723,0.469042,0.848528,0.509902,0.648074,0.83666,0.316228,0.883176,161.4664,115.7862,117.6839,103.8872,lunge,lunge,right,low,20.142746448516846
1,1776690051549,517.821,0.547723,0.447214,1.048809,0.447214,0.616441,0.707107,0.34641,0.860233,159.9083,127.3537,122.3808,97.69921,lunge,lunge,right,low,20.142746448516846
1,1776690051549,517.921,0.52915,0.469042,0.969536,0.374166,0.547723,0.707107,0.374166,0.824621,160.5948,137.9245,123.739,92.90436,lunge,lunge,right,low,20.142746448516846
1,1776690051549,518.021,0.489898,0.4,1.009951,0.34641,0.547723,0.707107,0.374166,0.824621,163.7712,137.9245,124.4855,92.90436,lunge,lunge,right,low,20.142746448516846
1,1776690051549,518.121,0.583095,0.4,1.303841,0.34641,0.489898,0.734847,0.424264,0.83666,166.0996,146.0557,126.0567,89.02138,lunge,lunge,right,low,20.142746448516846
1,1776690051549,518.221,0.509902,0.583095,1.32665,0.616441,0.4,0.678233,0.424264,0.616441,166.9831,153.8355,127.6072,85.37934,lunge,lunge,right,low,20.142746448516846
1,1776690051549,518.321,0.469042,0.565685,1.349074,0.707107,0.374166,0.663325,0.4,0.565685,166.0756,155.6764,129.3121,85.06616,lunge,lunge,right,low,20.142746448516846
1,1776690051549,518.421,0.447214,0.616441,1.191638,0.748331,0.374166,0.52915,0.4,0.565685,164.6459,156.6735,129.4401,84.4008,lunge,lunge,right,low,20.142746448516846
1,1776690051549,518.521,0.547723,0.648074,1.148913,0.748331,0.374166,0.547723,0.4,0.52915,162.2978,154.2735,131.568,85.88891,lunge,lunge,right,low,20.142746448516846
1,1776690051549,518.621,0.6,0.663325,1.131371,0.748331,0.282843,0.565685,0.424264,0.565685,155.9315,150.0946,137.2861,88.29909,lunge,lunge,right,low,20.142746448516846
1,1776690051549,518.721,0.509902,0.648074,0.848528,0.761577,0.316228,0.6,0.4,0.447214,148.3185,144.9027,142.1447,90.05299,lunge,lunge,right,low,20.142746448516846
1,1776690051549,518.821,0.52915,0.424264,0.72111,0.6,0.4,0.52915,0.34641,0.424264,154.8254,137.8359,133.4958,92.99236,lunge,lunge,right,low,20.142746448516846
1,1776690051549,518.921,0.52915,0.469042,0.774597,0.447214,0.424264,0.547723,0.316228,0.52915,227.0989,129.5815,59.00062,96.21956,lunge,lunge,right,low,20.142746448516846
1,1776690051549,519.021,0.583095,0.4,0.748331,0.34641,0.447214,0.583095,0.316228,0.648074,289.3225,119.5802,-4.90859,100.533,lunge,lunge,right,low,20.142746448516846
1,1776690051549,519.121,0.509902,0.34641,0.8,0.34641,0.509902,0.583095,0.374166,0.663325,315.1972,107.4954,-33.61903,105.4668,lunge,lunge,right,low,20.142746448516846
1,1776690051549,519.221,0.509902,0.34641,0.8,0.34641,0.52915,0.52915,0.34641,0.663325,315.1972,96.00011,-33.61903,109.9967,lunge,lunge,right,low,20.142746448516846
1,1776690051549,519.321,0.424264,0.316228,0.83666,0.424264,0.489898,0.52915,0.374166,0.663325,259.1558,88.27759,20.20256,113.9011,lunge,lunge,right,low,20.142746448516846
1,1776690051549,519.421,0.509902,0.374166,0.905538,0.4,0.424264,0.6,0.374166,0.734847,210.8387,86.30348,65.4632,116.7412,lunge,lunge,right,low,20.142746448516846
1,1776690051549,519.521,0.489898,0.374166,1.104536,0.34641,0.424264,0.616441,0.34641,0.774597,188.4742,90.833,89.35255,115.9582,lunge,lunge,right,low,20.142746448516846
1,1776690051549,519.621,0.509902,0.282843,1,0.447214,0.424264,0.648074,0.34641,0.707107,175.9232,101.323,104.1182,110.383,lunge,lunge,right,low,20.142746448516846
1,1776690051549,519.721,0.489898,0.316228,1.296148,0.424264,0.424264,0.648074,0.34641,0.707107,163.9777,101.323,121.021,110.383,lunge,lunge,right,low,20.142746448516846
1,1776690051549,519.821,0.509902,0.316228,1.32665,0.424264,0.34641,0.648074,0.34641,0.734847,156.1514,110.5974,129.2179,106.918,lunge,lunge,right,low,20.142746448516846
1,1776690051549,519.921,0.547723,0.34641,1.618641,0.34641,0.374166,0.663325,0.34641,0.761577,150.3747,117.9892,136.7554,104.0531,lunge,lunge,right,low,20.142746448516846
1,1776690051549,520.021,0.489898,0.374166,1.637071,0.489898,0.424264,0.648074,0.4,0.761577,149.8852,124.9791,137.2256,100.015,lunge,lunge,right,low,20.142746448516846
1,1776690051549,520.121,0.52915,0.34641,1.516575,0.52915,0.489898,0.69282,0.374166,0.707107,153.9139,133.7821,133.8631,94.74554,lunge,lunge,right,low,20.142746448516846
1,1776690051549,520.221,0.6,0.374166,1.449138,0.565685,0.509902,0.648074,0.374166,0.6,159.3956,144.2711,129.6905,89.48891,lunge,lunge,right,low,20.142746448516846
1,1776690051549,520.321,0.616441,0.616441,1.232883,0.761577,0.469042,0.489898,0.424264,0.52915,165.5603,153.7031,126.0192,84.82961,lunge,lunge,right,low,20.142746448516846
1,1776690051549,520.421,0.616441,0.83666,1.140175,1.208305,0.509902,0.509902,0.424264,0.583095,168.2969,159.8833,126.786,83.29783,lunge,lunge,right,low,20.142746448516846
1,1776690051549,520.521,0.663325,0.927362,1.2,1.529706,0.469042,0.469042,0.469042,0.632456,166.9939,161.6374,127.7877,82.78101,lunge,lunge,right,low,20.142746448516846
1,1776690051549,520.621,0.707107,0.894427,1.095445,1.516575,0.489898,0.69282,0.469042,0.6,164.5124,160.027,128.5586,83.48466,lunge,lunge,right,low,20.142746448516846
1,1776690051549,520.721,0.734847,0.894427,1.113553,1.516575,0.424264,0.663325,0.489898,0.616441,168.4712,153.7856,122.9226,86.6601,lunge,lunge,right,low,20.142746448516846
1,1776690051549,520.821,0.734847,0.905538,1.148913,1.516575,0.583095,0.678233,0.509902,0.648074,231.5311,144.5594,56.53901,90.79346,lunge,lunge,right,low,20.142746448516846
1,1776690051549,520.921,0.734847,0.905538,1.148913,1.516575,0.616441,0.69282,0.52915,0.632456,231.5311,133.8546,56.53901,94.66485,lunge,lunge,right,low,20.142746448516846
1,1776690051549,521.021,0.707107,0.848528,1.249,1.414214,0.6,0.678233,0.489898,0.509902,294.9052,121.177,-11.11539,99.11173,lunge,lunge,right,low,20.142746448516846
1,1776690051549,521.121,0.707107,0.6,1.240967,1.421267,0.648074,0.707107,0.447214,0.424264,336.1992,109.16,-55.64555,103.5487,lunge,lunge,right,low,20.142746448516846
1,1776690051549,521.221,0.72111,0.4,1.03923,0.69282,0.616441,0.632456,0.4,0.4,2.667084,97.77729,-83.84786,108.903,lunge,lunge,right,low,20.142746448516846
1,1776690051549,521.321,0.678233,0.447214,0.848528,0.489898,0.616441,0.4,0.424264,0.469042,315.0894,90.56246,-37.74109,113.0579,lunge,lunge,right,low,20.142746448516846
1,1776690051549,521.421,0.748331,0.469042,1.067708,0.565685,0.616441,0.4,0.424264,0.469042,249.9442,90.56246,26.77095,113.0579,lunge,lunge,right,low,20.142746448516846
1,1776690051549,521.521,0.883176,0.447214,1.216552,0.565685,0.447214,0.34641,0.4,0.509902,207.5554,88.76489,67.30308,114.8394,lunge,lunge,right,low,20.142746448516846
1,1776690051549,521.621,0.98995,0.509902,1.157584,0.748331,0.447214,0.4,0.34641,0.583095,181.9917,93.37427,93.83841,112.5328,lunge,lunge,right,low,20.142746448516846
1,1776690051549,521.721,0.916515,0.509902,1.095445,0.787401,0.4,0.469042,0.244949,0.787401,166.6639,102.4492,109.2131,108.0449,lunge,lunge,right,low,20.142746448516846
1,1776690051549,521.821,0.87178,0.489898,1.157584,0.787401,0.424264,0.469042,0.244949,0.774597,163.1274,114.1036,116.5686,102.6777,lunge,lunge,right,low,20.142746448516846
1,1776690051549,521.921,0.87178,0.424264,1.529706,0.787401,0.424264,0.489898,0.244949,0.812404,160.5406,123.4884,122.1974,98.2687,lunge,lunge,right,low,20.142746448516846
1,1776690051549,522.021,0.8,0.4,1.476482,0.774597,0.509902,0.489898,0.34641,0.748331,162.5939,132.9272,123.805,94.16326,lunge,lunge,right,low,20.142746448516846
1,1776690051549,522.121,0.734847,0.447214,1.28841,0.707107,0.547723,0.52915,0.34641,0.734847,165.7505,142.0652,124.05,91.35262,lunge,lunge,right,low,20.142746448516846
1,1776690051549,522.221,0.509902,0.565685,1.476482,1.183216,0.6,0.52915,0.34641,0.616441,168.1553,149.9195,125.5666,88.64305,lunge,lunge,right,low,20.142746448516846
1,1776690051549,522.321,0.489898,0.583095,2.130728,1.280625,0.632456,0.469042,0.547723,0.447214,168.6428,151.7081,125.6955,87.9865,lunge,lunge,right,low,20.142746448516846
1,1776690051549,522.421,0.489898,0.583095,2.181742,1.32665,0.583095,0.632456,0.565685,0.34641,164.5948,152.1411,129.6753,88.12878,lunge,lunge,right,low,20.142746448516846
1,1776690051549,522.521,0.583095,0.616441,1.923538,1.334166,0.583095,0.6,0.6,0.282843,177.366,146.7717,114.648,90.20146,lunge,lunge,right,low,20.142746448516846
1,1776690051549,522.621,0.583095,0.616441,1.923538,1.334166,0.6,0.616441,0.583095,0.282843,177.366,139.6794,114.648,92.42384,lunge,lunge,right,low,20.142746448516846
1,1776690051549,522.721,0.565685,0.616441,2.097618,1.32665,0.583095,0.678233,0.52915,0.316228,182.6776,130.4864,105.4122,95.86706,lunge,lunge,right,low,20.142746448516846
1,1776690051549,522.821,0.565685,0.734847,2.412468,1.349074,0.52915,0.616441,0.648074,0.424264,215.4832,120.3553,69.56528,99.53128,lunge,lunge,right,low,20.142746448516846
1,1776690051549,522.921,0.583095,0.616441,2.61916,0.98995,0.469042,0.616441,0.547723,0.489898,280.3703,109.4037,1.854255,103.4769,lunge,lunge,right,low,20.142746448516846
1,1776690051549,523.021,0.616441,0.616441,2.19089,0.648074,0.469042,0.616441,0.547723,0.489898,323.4647,109.4037,-43.49727,103.4769,lunge,lunge,right,low,20.142746448516846
1,1776690051549,523.121,0.616441,0.583095,2.097618,0.34641,0.469042,0.469042,0.583095,0.469042,338.2041,97.13504,-60.19268,108.6711,lunge,lunge,right,low,20.142746448516846
1,1776690051549,523.221,0.52915,0.52915,2.186321,0.316228,0.489898,0.424264,0.547723,0.509902,264.1743,88.94459,11.85292,112.1562,lunge,lunge,right,low,20.142746448516846
1,1776690051549,523.321,0.6,0.565685,27.0736,0.34641,0.374166,0.447214,0.583095,0.547723,215.6731,85.33963,59.41214,114.6186,lunge,lunge,right,low,20.142746448516846
1,1776690051549,523.421,0.72111,0.469042,85.57266,0.282843,0.4,0.34641,0.648074,0.583095,184.8165,87.25776,91.28969,114.7959,lunge,lunge,right,low,20.142746448516846
1,1776690051549,523.521,0.72111,0.424264,96.64677,0.489898,0.469042,0.4,0.616441,0.52915,166.8203,94.02409,110.9844,112.2459,lunge,lunge,right,low,20.142746448516846
1,1776690051549,523.621,0.8,0.4,97.36878,0.8,0.447214,0.374166,0.565685,0.509902,156.9001,103.2366,122.0163,108.56,lunge,lunge,right,low,20.142746448516846
1,1776690051549,523.721,0.761577,0.316228,97.74303,0.824621,0.509902,0.424264,0.565685,0.489898,152.5705,114.0391,127.5517,102.8717,lunge,lunge,right,low,20.142746448516846
1,1776690051549,523.821,0.748331,0.34641,98.99222,0.860233,0.547723,0.4,0.547723,0.509902,153.8668,125.3714,128.9755,96.77321,lunge,lunge,right,low,20.142746448516846
1,1776690051549,523.921,0.678233,0.374166,100.6067,0.916515,0.565685,0.374166,0.469042,0.469042,158.4033,137.4275,126.7814,91.21954,lunge,lunge,right,low,20.142746448516846
1,1776690051549,524.021,0.52915,0.34641,66.1586,1.067708,0.565685,0.374166,0.424264,0.4,161.1533,147.2544,127.3552,87.67606,lunge,lunge,right,low,20.142746448516846
1,1776690051549,524.121,0.469042,0.547723,38.61477,1.183216,0.52915,0.316228,0.316228,0.4,162.6761,151.6947,127.2121,85.69572,lunge,lunge,right,low,20.142746448516846
1,1776690051549,524.221,0.141421,0.632456,36.71076,1.140175,0.565685,0.374166,0.282843,0.34641,158.0407,150.781,131.309,86.34256,lunge,lunge,right,low,20.142746448516846
1,1776690051549,524.321,0.141421,0.632456,36.71076,1.140175,0.6,0.447214,0.244949,0.316228,158.0407,146.9465,131.309,87.65826,lunge,lunge,right,low,20.142746448516846
1,1776690051549,524.421,0.2,0.632456,37.63615,1.113553,0.678233,0.447214,0.141421,0.2,150.7918,140.3212,136.058,90.45412,lunge,lunge,right,low,20.142746448516846
1,1776690051549,524.521,0.316228,0.616441,35.63762,1.086278,0.6,0.509902,0.282843,0.2,163.7861,131.7328,120.4957,93.3522,lunge,lunge,right,low,20.142746448516846
1,1776690051549,524.621,0.489898,0.663325,31.42929,1.067708,0.648074,0.52915,0.34641,0.316228,235.0061,120.1865,46.80484,97.5681,lunge,lunge,right,low,20.142746448516846
1,1776690051549,524.721,0.616441,0.707107,26.8533,0.959166,0.648074,0.52915,0.34641,0.316228,292.8271,120.1865,-13.89137,97.5681,lunge,lunge,right,low,20.142746448516846
1,1776690051549,524.821,0.616441,0.632456,21.97817,0.648074,0.648074,0.52915,0.34641,0.316228,330.832,107.5465,-53.95391,102.3687,lunge,lunge,right,low,20.142746448516846
1,1776690051549,524.921,0.648074,0.547723,17.276,0.34641,0.616441,0.509902,0.374166,0.316228,303.2125,96.48901,-27.79284,107.7412,lunge,lunge,right,low,20.142746448516846
1,1776690051549,525.021,0.678233,0.509902,13.41044,0.34641,0.547723,0.469042,0.4,0.316228,241.0682,89.84309,32.20055,111.1209,lunge,lunge,right,low,20.142746448516846
1,1776690051549,525.121,0.632456,0.509902,10.57166,0.316228,0.489898,0.469042,0.424264,0.424264,200.1246,88.93249,72.18392,112.2549,lunge,lunge,right,low,20.142746448516846
1,1776690051549,525.221,0.565685,0.6,9.135644,0.648074,0.424264,0.469042,0.4,0.52915,175.4039,93.7746,97.44404,110.269,lunge,lunge,right,low,20.142746448516846
1,1776690051549,525.321,0.4,0.469042,8.105554,1.077033,0.489898,0.469042,0.282843,0.632456,162.2043,103.7212,112.2022,105.9152,lunge,lunge,right,low,20.142746448516846
1,1776690051549,525.421,0.447214,0.447214,7.121798,1.2,0.52915,0.509902,0.244949,0.648074,158.842,116.1731,118.4702,100.0646,lunge,lunge,right,low,20.142746448516846
1,1776690051549,525.521,0.447214,0.4,5.989992,1.216552,0.632456,0.52915,0.282843,0.663325,159.5054,127.6465,122.7932,94.14119,lunge,lunge,right,low,20.142746448516846
1,1776690051549,525.621,0.447214,0.447214,5.201923,1.224745,0.648074,0.52915,0.282843,0.678233,163.0349,139.9374,121.5571,87.8049,lunge,lunge,right,low,20.142746448516846
1,1776690051549,525.721,0.509902,0.565685,44.82299,1.272792,0.648074,0.52915,0.2,0.707107,170.2603,150.5916,119.0363,83.3232,lunge,lunge,right,low,20.142746448516846
1,1776690051549,525.821,0.648074,0.707107,45.8,1.8,0.663325,0.509902,0.2,0.678233,173.6048,158.4545,119.9103,81.24596,lunge,lunge,right,low,20.142746448516846
1,1776690051549,525.921,0.663325,0.72111,45.8107,1.838478,0.6,0.616441,0.316228,0.707107,174.0678,159.1129,122.2408,81.90692,lunge,lunge,right,low,20.142746448516846
1,1776690051549,526.021,0.663325,0.72111,45.8107,1.838478,0.616441,0.748331,0.316228,0.616441,174.0678,158.5947,122.2408,82.50577,lunge,lunge,right,low,20.142746448516846
1,1776690051549,526.121,0.707107,0.824621,46.1296,1.8,0.583095,0.734847,0.282843,0.632456,168.5846,152.7597,127.5504,85.94461,lunge,lunge,right,low,20.142746448516846
1,1776690051549,526.221,0.648074,0.83666,46.45148,1.8,0.616441,0.734847,0.316228,0.632456,159.4692,143.9446,133.6635,89.93073,lunge,lunge,right,low,20.142746448516846
1,1776690051549,526.321,0.663325,0.824621,46.6939,1.794436,0.648074,0.734847,0.34641,0.583095,211.439,132.6065,78.71265,94.6718,lunge,lunge,right,low,20.142746448516846
1,1776690051549,526.421,0.583095,0.848528,19.63568,1.772004,0.648074,0.734847,0.34641,0.583095,258.0805,132.6065,28.35858,94.6718,lunge,lunge,right,low,20.142746448516846
1,1776690051549,526.521,0.447214,0.787401,11.55855,1.28841,0.616441,0.734847,0.34641,0.52915,308.4577,119.0068,-25.76617,99.90508,lunge,lunge,right,low,20.142746448516846
1,1776690051549,526.621,0.4,0.707107,11.94571,0.774597,0.6,0.632456,0.282843,0.469042,330.7317,105.6605,-50.9903,104.7968,lunge,lunge,right,low,20.142746448516846
1,1776690051549,526.721,0.4,0.583095,11.14361,0.282843,0.648074,0.52915,0.244949,0.424264,303.741,94.01192,-25.77413,110.4865,lunge,lunge,right,low,20.142746448516846
1,1776690051549,526.821,0.34641,0.616441,9.777525,0.583095,0.52915,0.509902,0.244949,0.424264,242.0227,87.57504,34.11538,114.4655,lunge,lunge,right,low,20.142746448516846
1,1776690051549,526.921,0.374166,0.8,8.717798,1.029563,0.469042,0.547723,0.316228,0.52915,201.9167,86.68436,73.18031,115.8939,lunge,lunge,right,low,20.142746448516846
1,1776690051549,527.021,0.447214,0.812404,7.8,1.280625,0.374166,0.583095,0.447214,0.72111,176.6449,93.73982,98.46967,111.4225,lunge,lunge,right,low,20.142746448516846
1,1776690051549,527.121,0.565685,0.69282,6.792643,1.32665,0.4,0.565685,0.52915,0.734847,166.0445,107.4645,109.4119,103.394,lunge,lunge,right,low,20.142746448516846
1,1776690051549,527.221,0.616441,0.72111,5.670979,1.32665,0.447214,0.547723,0.52915,0.72111,163.6727,121.8308,115.1993,96.6136,lunge,lunge,right,low,20.142746448516846
1,1776690051549,527.321,0.6,0.734847,4.634652,1.349074,0.374166,0.469042,0.52915,0.678233,163.3705,134.9232,120.7397,89.73516,lunge,lunge,right,low,20.142746448516846
1,1776690051549,527.421,0.616441,0.734847,3.921734,1.32665,0.424264,0.447214,0.547723,0.648074,165.4711,146.4226,120.4015,83.63681,lunge,lunge,right,low,20.142746448516846
1,1776690051549,527.521,0.632456,0.616441,3.417602,1.264911,0.469042,0.489898,0.489898,0.632456,166.1213,155.1365,123.8207,80.70578,lunge,lunge,right,low,20.142746448516846
1,1776690051549,527.621,0.583095,0.8,3.196873,1.303841,0.447214,0.632456,0.4,0.489898,166.6137,161.5191,124.1009,77.53031,lunge,lunge,right,low,20.142746448516846
1,1776690051549,527.721,0.583095,0.8,3.196873,1.303841,0.509902,0.648074,0.489898,0.4,166.6137,160.255,124.1009,78.97751,lunge,lunge,right,low,20.142746448516846
1,1776690051549,527.821,0.509902,0.83666,2.918904,1.407125,0.748331,0.69282,0.547723,0.447214,162.4595,154.8774,127.607,81.73891,lunge,lunge,right,low,20.142746448516846
1,1776690051549,527.921,0.374166,0.824621,2.7313,1.407125,0.72111,0.707107,0.583095,0.489898,168.4408,145.677,120.5382,86.17395,lunge,lunge,right,low,20.142746448516846
1,1776690051549,528.021,0.374166,0.848528,2.634388,1.421267,0.707107,0.761577,0.6,0.565685,252.7566,133.7261,33.63072,91.52824,lunge,lunge,right,low,20.142746448516846
1,1776690051549,528.121,0.447214,0.98995,2.657066,1.385641,0.707107,0.761577,0.6,0.565685,275.2963,133.7261,7.503163,91.52824,lunge,lunge,right,low,20.142746448516846
1,1776690051549,528.221,0.4,1,2.641969,1.224745,0.707107,0.707107,0.616441,0.583095,320.2527,120.7032,-39.96907,96.97887,lunge,lunge,right,low,20.142746448516846
1,1776690051549,528.321,0.52915,0.860233,1.949359,0.959166,0.707107,0.52915,0.632456,0.547723,349.736,107.1226,-71.06381,102.8574,lunge,lunge,right,low,20.142746448516846
1,1776690051549,528.421,0.565685,0.860233,1.581139,0.663325,0.69282,0.547723,0.547723,0.6,281.9918,93.68419,-5.491233,109.5315,lunge,lunge,right,low,20.142746448516846
1,1776690051549,528.521,0.565685,0.87178,1.587451,1.113553,0.316228,0.509902,0.509902,0.632456,224.8351,86.66821,49.68875,113.4129,lunge,lunge,right,low,20.142746448516846
1,1776690051549,528.621,0.678233,0.916515,2.19089,1.661325,0.282843,0.583095,0.547723,0.72111,190.9707,85.82169,83.09816,114.9868,lunge,lunge,right,low,20.142746448516846
1,1776690051549,528.721,0.632456,0.707107,1.949359,1.794436,0.282843,0.583095,0.616441,1.0583,171.1431,98.79044,103.8747,106.3864,lunge,lunge,right,low,20.142746448516846
1,1776690051549,528.821,0.616441,0.663325,1.726268,1.783255,0.489898,0.583095,0.678233,1.0583,164.547,114.9328,112.5297,97.78311,lunge,lunge,right,low,20.142746448516846
1,1776690051549,528.921,0.678233,0.632456,1.714643,1.81659,0.547723,0.52915,0.69282,1.077033,164.1498,128.7509,117.3166,92.10886,lunge,lunge,right,low,20.142746448516846
1,1776690051549,529.021,0.663325,0.565685,1.593738,1.827567,0.565685,0.489898,0.678233,1.0583,165.2921,140.1698,121.049,86.79066,lunge,lunge,right,low,20.142746448516846
1,1776690051549,529.121,0.632456,0.565685,1.6,1.74356,0.616441,0.469042,0.648074,1.067708,167.6317,150.7023,122.9934,80.85542,lunge,lunge,right,low,20.142746448516846
1,1776690051549,529.221,0.565685,0.489898,0.72111,1.679286,0.648074,0.447214,0.707107,1.095445,168.8321,161.6273,123.975,77.6396,lunge,lunge,right,low,20.142746448516846
1,1776690051549,529.321,0.583095,0.547723,0.959166,1.923538,0.734847,0.424264,0.663325,0.938083,168.096,163.2235,124.7886,77.55252,lunge,lunge,right,low,20.142746448516846
1,1776690051549,529.421,0.583095,0.547723,0.959166,1.923538,0.616441,0.678233,0.632456,0.969536,168.096,160.8984,124.7886,79.63458,lunge,lunge,right,low,20.142746448516846
1,1776690051549,529.521,0.632456,0.774597,1.019804,2.019901,0.583095,0.748331,0.583095,0.959166,164.205,154.8982,127.5324,82.55428,lunge,lunge,right,low,20.142746448516846
1,1776690051549,529.621,0.489898,0.774597,1.104536,2,0.565685,0.748331,0.663325,0.98995,156.2066,146.1624,133.995,86.47027,lunge,lunge,right,low,20.142746448516846
1,1776690051549,529.721,0.489898,0.787401,1.264911,1.964688,0.6,0.774597,0.69282,0.959166,199.3185,136.0847,89.31537,90.73729,lunge,lunge,right,low,20.142746448516846
1,1776690051549,529.821,0.509902,0.8,1.462874,1.923538,0.6,0.774597,0.69282,0.959166,227.5576,136.0847,58.32836,90.73729,lunge,lunge,right,low,20.142746448516846
1,1776690051549,529.921,0.509902,0.812404,1.581139,1.726268,0.632456,0.761577,0.565685,0.927362,288.9784,122.7579,-5.918095,97.29873,lunge,lunge,right,low,20.142746448516846
1,1776690051549,530.021,0.547723,0.72111,1.4,0.87178,0.6,0.8,0.583095,0.748331,329.0001,108.4738,-47.19855,103.5476,lunge,lunge,right,low,20.142746448516846
1,1776690051549,530.121,0.4,0.52915,1.28841,0.447214,0.6,0.707107,0.547723,0.565685,290.8741,95.03556,-11.0571,110.2992,lunge,lunge,right,low,20.142746448516846
1,1776690051549,530.221,0.447214,0.424264,1.224745,0.812404,0.761577,0.547723,0.547723,0.583095,234.8525,88.41515,43.54392,113.8425,lunge,lunge,right,low,20.142746448516846
1,1776690051549,530.321,0.447214,0.4,1.249,1.086278,0.774597,0.616441,0.469042,0.52915,199.1581,87.42904,78.84391,115.835,lunge,lunge,right,low,20.142746448516846
1,1776690051549,530.421,0.52915,0.374166,1.555635,1.385641,0.748331,0.6,0.52915,0.565685,178.4,95.14468,100.4672,111.8768,lunge,lunge,right,low,20.142746448516846
1,1776690051549,530.521,0.547723,0.282843,1.536229,1.489967,0.848528,0.583095,0.6,0.565685,168.8434,110.3541,111.6475,102.6866,lunge,lunge,right,low,20.142746448516846
1,1776690051549,530.621,0.489898,0.316228,1.574802,1.509967,0.860233,0.447214,0.6,0.547723,165.4958,123.7933,117.766,96.40028,lunge,lunge,right,low,20.142746448516846
1,1776690051549,530.721,0.565685,0.374166,1.581139,1.509967,0.948683,0.4,0.565685,0.547723,164.2612,135.1367,122.2914,90.48969,lunge,lunge,right,low,20.142746448516846
1,1776690051549,530.821,0.489898,0.447214,5.458938,1.509967,0.83666,0.4,0.583095,0.547723,164.8776,145.4744,124.4698,85.61366,lunge,lunge,right,low,20.142746448516846
1,1776690051549,530.921,0.489898,0.469042,14.5451,1.581139,0.824621,0.447214,0.616441,0.52915,167.1319,153.4864,125.1532,81.73959,lunge,lunge,right,low,20.142746448516846
1,1776690051549,531.021,0.509902,0.489898,15.63394,1.8,0.824621,0.663325,0.509902,0.509902,165.6529,158.0728,126.7861,81.01627,lunge,lunge,right,low,20.142746448516846
1,1776690051549,531.121,0.509902,0.489898,15.63394,1.8,0.860233,0.787401,0.34641,0.489898,165.6529,155.4651,126.7861,82.98735,lunge,lunge,right,low,20.142746448516846
1,1776690051549,531.221,0.374166,0.509902,15.63714,1.679286,0.663325,0.824621,0.34641,0.509902,158.9859,148.6706,132.1948,86.09434,lunge,lunge,right,low,20.142746448516846
1,1776690051549,531.321,0.4,0.489898,15.66333,1.667333,0.678233,0.83666,0.316228,0.469042,190.6627,139.0715,97.96181,90.06978,lunge,lunge,right,low,20.142746448516846
1,1776690051549,531.421,0.374166,0.6,15.75436,1.649242,0.678233,0.83666,0.316228,0.469042,246.8062,139.0715,39.03497,90.06978,lunge,lunge,right,low,20.142746448516846
1,1776690051549,531.521,0.374166,0.52915,15.89906,1.56205,0.565685,0.87178,0.316228,0.489898,303.9203,127.2459,-20.76683,94.86192,lunge,lunge,right,low,20.142746448516846
1,1776690051549,531.621,0.374166,0.616441,8.739565,1.363818,0.6,0.87178,0.244949,0.489898,340.8705,113.6983,-60.18829,100.3757,lunge,lunge,right,low,20.142746448516846
1,1776690051549,531.721,0.282843,0.632456,4.638966,0.616441,0.616441,0.860233,0.316228,0.469042,4.924347,100.2279,-85.87311,105.8264,lunge,lunge,right,low,20.142746448516846
1,1776690051549,531.821,0.4,0.547723,4.690416,0.509902,0.509902,0.787401,0.34641,0.447214,317.396,89.92897,-39.43022,110.7383,lunge,lunge,right,low,20.142746448516846
1,1776690051549,531.921,0.447214,0.547723,4.734976,0.69282,0.547723,0.761577,0.374166,0.424264,253.6966,84.84977,23.26345,114.2601,lunge,lunge,right,low,20.142746448516846
1,1776690051549,532.021,0.447214,0.469042,4.673328,0.948683,0.6,0.774597,0.447214,0.812404,212.3604,85.87121,64.27537,115.4526,lunge,lunge,right,low,20.142746448516846
1,1776690051549,532.121,0.424264,0.424264,4.449719,1.122497,0.565685,0.883176,0.509902,0.883176,187.1026,96.54955,89.80262,109.1738,lunge,lunge,right,low,20.142746448516846
1,1776690051549,532.221,0.565685,0.34641,3.931921,1.140175,0.52915,0.87178,0.547723,0.860233,175.8867,111.8923,102.6271,100.7715,lunge,lunge,right,low,20.142746448516846
1,1776690051549,532.321,0.565685,0.141421,3.088689,1.16619,0.547723,0.83666,0.489898,0.860233,171.0524,126.366,111.0588,94.61315,lunge,lunge,right,low,20.142746448516846
1,1776690051549,532.421,0.547723,0.141421,2.50998,1.157584,0.565685,0.748331,0.547723,0.883176,169.195,139.3361,116.5236,87.64722,lunge,lunge,right,low,20.142746448516846
1,1776690051549,532.521,0.509902,0.374166,10.29174,1.174734,0.583095,0.707107,0.547723,0.905538,168.8987,150.8548,119.0762,81.95492,lunge,lunge,right,low,20.142746448516846
1,1776690051549,532.621,0.509902,0.583095,85.77296,1.4,0.52915,0.678233,0.565685,0.748331,172.2089,161.0436,118.8805,78.14754,lunge,lunge,right,low,20.142746448516846
1,1776690051549,532.721,0.509902,0.616441,105.8476,1.56205,0.663325,0.648074,0.509902,0.565685,170.7867,164.6257,122.1623,77.25568,lunge,lunge,right,low,20.142746448516846
1,1776690051549,532.821,0.509902,0.616441,105.8476,1.56205,0.69282,0.632456,0.52915,0.489898,170.7867,160.9496,122.1623,79.84545,lunge,lunge,right,low,20.142746448516846
1,1776690051549,532.921,0.447214,0.663325,108.0832,1.568439,0.707107,0.678233,0.509902,0.509902,165.3864,153.3736,127.0124,84.01727,lunge,lunge,right,low,20.142746448516846
1,1776690051549,533.021,0.447214,0.734847,108.2459,1.574802,0.72111,0.663325,0.469042,0.52915,176.7048,142.7642,113.5162,88.81018,lunge,lunge,right,low,20.142746448516846
1,1776690051549,533.121,0.469042,0.774597,109.2417,1.529706,0.72111,0.663325,0.469042,0.52915,235.9212,142.7642,51.98753,88.81018,lunge,lunge,right,low,20.142746448516846
1,1776690051549,533.221,0.469042,0.8,110.899,1.529706,0.69282,0.663325,0.447214,0.469042,298.382,131.2607,-13.86756,92.16361,lunge,lunge,right,low,20.142746448516846
1,1776690051549,533.321,0.4,0.6,85.84556,1.249,0.678233,0.648074,0.374166,0.424264,338.7849,118.1621,-56.44893,97.42495,lunge,lunge,right,low,20.142746448516846
1,1776690051549,533.421,0.565685,0.52915,47.7617,0.648074,0.447214,0.6,0.374166,0.34641,350.5964,103.1324,-70.22212,103.2522,lunge,lunge,right,low,20.142746448516846
1,1776690051549,533.521,0.547723,0.565685,40.19005,0.509902,0.424264,0.565685,0.282843,0.616441,310.7311,90.39227,-30.61035,109.5649,lunge,lunge,right,low,20.142746448516846
1,1776690051549,533.621,0.6,0.52915,41.90203,0.761577,0.4,0.52915,0.316228,0.663325,247.8147,83.12317,29.94005,112.9797,lunge,lunge,right,low,20.142746448516846
1,1776690051549,533.721,0.583095,0.469042,41.45648,1.104536,0.374166,0.565685,0.424264,0.663325,205.909,82.60741,68.42347,113.5517,lunge,lunge,right,low,20.142746448516846
1,1776690051549,533.821,0.565685,0.447214,38.29073,1.174734,0.374166,0.72111,0.4,0.848528,181.8687,90.92174,93.60054,110.4207,lunge,lunge,right,low,20.142746448516846
1,1776690051549,533.921,0.583095,0.447214,33.81568,1.216552,0.447214,0.748331,0.4,0.87178,173.5119,105.5577,103.445,104.0071,lunge,lunge,right,low,20.142746448516846
1,1776690051549,534.021,0.447214,0.469042,28.70958,1.216552,0.509902,0.812404,0.469042,0.83666,177.6655,121.1974,103.853,97.24915,lunge,lunge,right,low,20.142746448516846
1,1776690051549,534.121,0.4,0.489898,23.79664,1.208305,0.509902,0.812404,0.489898,0.748331,175.2693,138.8816,110.376,90.08912,lunge,lunge,right,low,20.142746448516846
1,1776690051549,534.221,0.316228,0.469042,19.78181,1.303841,0.678233,0.812404,0.52915,0.663325,166.806,153.9084,121.361,86.01091,lunge,lunge,right,low,20.142746448516846
1,1776690051549,534.321,0.244949,0.489898,16.28312,1.462874,0.69282,0.916515,0.469042,0.632456,167.2576,164.7959,117.0816,84.41118,lunge,lunge,right,low,20.142746448516846
1,1776690051549,534.421,0.2,0.509902,12.96688,1.363818,0.707107,0.938083,0.447214,0.565685,166.8836,172.0448,109.8078,83.38811,lunge,lunge,right,low,20.142746448516846
1,1776690051549,534.521,0.141421,0.489898,10.0777,1.334166,0.678233,0.959166,0.469042,0.447214,166.8836,172.2539,109.8078,87.98336,lunge,lunge,right,low,20.142746448516846
1,1776690051549,534.621,0.141421,0.489898,10.0777,1.334166,0.707107,0.948683,0.489898,0.583095,165.3316,174.6708,106.8493,88.28647,lunge,lunge,right,low,20.142746448516846
1,1776690051549,534.721,0.2,0.489898,8.033679,1.341641,0.734847,0.894427,0.565685,0.565685,170.028,175.4976,100.5451,90.25251,lunge,lunge,right,low,20.142746448516846
1,1776690051549,534.821,0.4,0.52915,6.577233,1.341641,0.734847,0.894427,0.565685,0.565685,176.1788,175.4976,96.40996,90.25251,lunge,lunge,right,low,20.142746448516846
1,1776690051549,534.921,0.4,0.547723,5.4,1.183216,0.648074,0.848528,0.547723,0.6,180.0586,177.1889,94.39405,90.55405,lunge,lunge,right,low,20.142746448516846
1,1776690051549,535.021,0.374166,0.509902,4.261455,0.509902,0.509902,0.69282,0.509902,0.565685,181.9251,178.7394,93.0307,91.65676,lunge,lunge,right,low,20.142746448516846
1,1776690095713,559.121,0.34641,0.4,0.2,0,0.678233,0.616441,0.282843,0.663325,171.6498,169.9321,119.9893,80.2001,lunge,lunge,right,low,14.149981498718262
1,1776690095713,559.221,0.374166,0.4,0.4,0,0.734847,0.565685,0.316228,0.707107,172.2506,174.1918,120.0191,75.87962,lunge,lunge,right,low,14.149981498718262
1,1776690095713,559.321,0.34641,0.447214,0.707107,0,0.734847,0.565685,0.4,0.734847,172.4812,176.7427,119.6416,73.31318,lunge,lunge,right,low,14.149981498718262
1,1776690095713,559.421,0.34641,0.424264,0.734847,0.2,0.72111,0.663325,0.4,0.734847,172.9607,177.749,119.4313,72.26077,lunge,lunge,right,low,14.149981498718262
1,1776690095713,559.521,0.34641,0.424264,0.72111,0.2,0.547723,0.632456,0.4,0.663325,173.0111,178.6908,119.8339,71.95686,lunge,lunge,right,low,14.149981498718262
1,1776690095713,559.621,0.282843,0.4,0.734847,0.2,0.509902,0.6,0.424264,0.509902,172.006,179.3022,121.4025,71.89597,lunge,lunge,right,low,14.149981498718262
1,1776690095713,559.721,0.316228,0.509902,1.191638,0.244949,0.632456,0.52915,0.424264,0.374166,170.0148,178.232,120.3393,71.65171,lunge,lunge,right,low,14.149981498718262
1,1776690095713,559.821,0.244949,0.52915,1.208305,0.616441,0.547723,0.52915,0.424264,0.282843,174.8412,177.5973,115.9173,72.41802,lunge,lunge,right,low,14.149981498718262
1,1776690095713,559.921,0.244949,0.489898,1.280625,1.077033,0.565685,0.509902,0.52915,0.244949,179.1038,176.6132,112.7742,73.49972,lunge,lunge,right,low,14.149981498718262
1,1776690095713,560.021,0.34641,0.469042,1.296148,1.086278,0.565685,0.509902,0.52915,0.244949,181.6473,176.6132,114.8911,73.49972,lunge,lunge,right,low,14.149981498718262
1,1776690095713,560.121,0.34641,0.469042,1.296148,1.086278,0.648074,0.374166,0.52915,0.282843,181.6473,174.9816,114.8911,75.61447,lunge,lunge,right,low,14.149981498718262
1,1776690095713,560.221,0.374166,0.469042,1.296148,1.095445,0.632456,0.424264,0.52915,0.34641,181.4615,172.615,115.9207,77.60358,lunge,lunge,right,low,14.149981498718262
1,1776690095713,560.321,0.4,0.424264,1.319091,1.16619,0.648074,0.52915,0.509902,0.374166,175.0132,169.0811,120.929,79.94247,lunge,lunge,right,low,14.149981498718262
1,1776690095713,560.421,0.4,0.316228,1.048809,1.421267,0.663325,0.52915,0.509902,0.52915,164.8168,157.8827,128.8686,86.05623,lunge,lunge,right,low,14.149981498718262
1,1776690095713,560.521,0.374166,0.282843,0.969536,1.496663,0.678233,0.509902,0.489898,0.938083,154.7997,144.6777,136.1415,92.17667,lunge,lunge,right,low,14.149981498718262
1,1776690095713,560.621,0.374166,0.244949,0.774597,1.264911,0.69282,0.489898,0.244949,0.938083,166.3447,130.9818,121.7493,97.74475,lunge,lunge,right,low,14.149981498718262
1,1776690095713,560.721,0.374166,0.34641,0.6,1.224745,0.734847,0.547723,0.282843,1.019804,245.601,116.698,40.29805,103.6882,lunge,lunge,right,low,14.149981498718262
1,1776690095713,560.821,0.316228,0.34641,0.616441,1.240967,0.748331,0.565685,0.282843,1.191638,242.6562,98.97693,40.65234,111.9479,lunge,lunge,right,low,14.149981498718262
1,1776690095713,560.921,0.547723,0.447214,0.616441,1.240967,0.748331,0.547723,0.316228,1.232883,195.4381,84.51636,84.14095,119.4207,lunge,lunge,right,low,14.149981498718262
1,1776690095713,561.021,0.547723,0.469042,0.52915,1.0583,0.72111,0.583095,0.34641,1.28841,171.9974,82.13142,106.2565,121.9456,lunge,lunge,right,low,14.149981498718262
1,1776690095713,561.121,0.583095,0.447214,0.812404,0.761577,0.69282,0.6,0.374166,1.249,163.62,94.50027,115.9238,113.6987,lunge,lunge,right,low,14.149981498718262
1,1776690095713,561.221,0.583095,0.489898,1.029563,0.583095,0.707107,0.616441,0.34641,1.140175,166.8003,119.1336,118.8139,102.075,lunge,lunge,right,low,14.149981498718262
1,1776690095713,561.321,0.616441,0.748331,1.131371,0.583095,0.761577,0.565685,0.424264,1.122497,175.311,141.2625,112.5019,94.41831,lunge,lunge,right,low,14.149981498718262
1,1776690095713,561.421,0.707107,1.0583,1.157584,0.707107,0.774597,0.469042,0.4,0.916515,178.1034,151.1032,112.7338,90.97945,lunge,lunge,right,low,14.149981498718262
1,1776690095713,561.521,0.565685,1.077033,1.16619,0.648074,0.8,0.424264,0.34641,0.916515,174.7318,149.8136,116.8789,92.26603,lunge,lunge,right,low,14.149981498718262
1,1776690095713,561.621,0.489898,1.131371,1.148913,0.6,0.748331,0.424264,0.316228,0.860233,192.8066,142.7858,99.31812,95.66929,lunge,lunge,right,low,14.149981498718262
1,1776690095713,561.721,0.509902,1.148913,1.029563,0.547723,0.748331,0.424264,0.316228,0.860233,238.0065,142.7858,53.4157,95.66929,lunge,lunge,right,low,14.149981498718262
1,1776690095713,561.821,0.509902,1.148913,1.029563,0.547723,0.748331,0.469042,0.34641,0.707107,238.0065,131.5556,53.4157,100.2547,lunge,lunge,right,low,14.149981498718262
1,1776690095713,561.921,0.489898,1.122497,0.774597,0.547723,0.83666,0.509902,0.374166,0.6,296.1526,115.8697,-8.448188,106.0546,lunge,lunge,right,low,14.149981498718262
1,1776690095713,562.021,0.489898,1.0583,0.374166,0.469042,0.812404,0.52915,0.316228,0.509902,333.8839,99.10016,-49.47775,113.038,lunge,lunge,right,low,14.149981498718262
1,1776690095713,562.121,0.447214,0.583095,0.34641,0.282843,0.8,0.565685,0.316228,0.565685,260.8871,84.99202,20.40432,120.3283,lunge,lunge,right,low,14.149981498718262
1,1776690095713,562.221,0.632456,0.565685,0.316228,0.52915,0.8,0.583095,0.4,0.469042,213.6485,79.35568,66.16161,123.9973,lunge,lunge,right,low,14.149981498718262
1,1776690095713,562.321,0.632456,0.4,0.761577,0.6,0.824621,0.52915,0.4,0.509902,183.9712,82.49374,97.34669,122.4235,lunge,lunge,right,low,14.149981498718262
1,1776690095713,562.421,0.6,0.447214,0.98995,0.632456,0.824621,0.52915,0.34641,0.547723,169.7537,98.38954,110.0258,113.2225,lunge,lunge,right,low,14.149981498718262
1,1776690095713,562.521,0.583095,0.509902,1.029563,0.678233,0.734847,0.447214,0.316228,0.547723,169.688,120.3549,110.8685,102.7643,lunge,lunge,right,low,14.149981498718262
1,1776690095713,562.621,0.583095,0.69282,1.077033,0.748331,0.616441,0.469042,0.34641,0.565685,172.804,136.3639,113.3158,95.94799,lunge,lunge,right,low,14.149981498718262
1,1776690095713,562.721,0.547723,0.72111,1.0583,0.905538,0.469042,0.489898,0.34641,0.52915,171.5779,142.4725,116.6671,93.8652,lunge,lunge,right,low,14.149981498718262
1,1776690095713,562.821,0.316228,0.69282,1.077033,0.860233,0.4,0.469042,0.34641,0.52915,163.4117,139.4522,124.2612,95.4193,lunge,lunge,right,low,14.149981498718262
1,1776690095713,562.921,0.316228,0.69282,1.029563,0.787401,0.282843,0.469042,0.316228,0.616441,227.5618,129.4598,59.55891,99.9,lunge,lunge,right,low,14.149981498718262
1,1776690095713,563.021,0.4,0.678233,0.812404,0.787401,0.34641,0.632456,0.34641,0.565685,288.1254,114.6684,-4.332768,105.8239,lunge,lunge,right,low,14.149981498718262
1,1776690095713,563.121,0.424264,0.632456,0.748331,0.787401,0.282843,0.663325,0.34641,0.565685,326.9156,97.9075,-45.86206,112.175,lunge,lunge,right,low,14.149981498718262
1,1776690095713,563.221,0.469042,0.424264,0.72111,0.774597,0.282843,0.632456,0.447214,0.583095,287.9477,83.94182,-10.41796,118.5288,lunge,lunge,right,low,14.149981498718262
1,1776690095713,563.321,0.678233,0.4,0.72111,0.812404,0.282843,0.632456,0.447214,0.583095,231.1475,83.94182,44.69402,118.5288,lunge,lunge,right,low,14.149981498718262
1,1776690095713,563.421,0.678233,0.374166,0.774597,0.8,0.34641,0.6,0.447214,0.565685,195.8247,78.70934,80.73855,121.7131,lunge,lunge,right,low,14.149981498718262
1,1776690095713,563.521,0.678233,0.374166,0.774597,0.8,0.469042,0.583095,0.4,0.547723,195.8247,82.20709,80.73855,120.3356,lunge,lunge,right,low,14.149981498718262
1,1776690095713,563.621,0.648074,0.34641,0.678233,0.83666,0.424264,0.6,0.52915,0.424264,177.7436,98.19328,98.89199,111.668,lunge,lunge,right,low,14.149981498718262
1,1776690095713,563.721,0.616441,0.316228,70.70163,0.812404,0.509902,0.52915,0.547723,0.4,173.7714,118.8971,104.4145,100.9699,lunge,lunge,right,low,14.149981498718262
1,1776690095713,563.821,0.648074,0.282843,73.95147,0.787401,0.52915,0.282843,0.52915,0.374166,174.9405,136.1361,108.3216,93.89709,lunge,lunge,right,low,14.149981498718262
1,1776690095713,563.921,0.648074,0.282843,74.03931,0.959166,0.565685,0.34641,0.469042,0.4,173.7721,144.004,111.7372,90.25465,lunge,lunge,right,low,14.149981498718262
1,1776690095713,564.021,0.447214,0.316228,74.40282,0.812404,0.547723,0.34641,0.583095,0.424264,193.4606,142.7347,93.69606,91.63722,lunge,lunge,right,low,14.149981498718262
1,1776690095713,564.121,0.4,0.938083,75.08488,0.8,0.424264,0.424264,0.616441,0.424264,226.5185,133.7779,59.04834,96.50438,lunge,lunge,right,low,14.149981498718262
1,1776690095713,564.221,0.469042,0.927362,75.83667,0.632456,0.583095,0.374166,0.583095,0.447214,289.2009,119.1396,-6.271733,103.0234,lunge,lunge,right,low,14.149981498718262
1,1776690095713,564.321,0.583095,0.938083,35.89763,0.678233,0.52915,0.374166,0.509902,0.4,328.1285,101.8521,-47.60978,110.2401,lunge,lunge,right,low,14.149981498718262
1,1776690095713,564.421,0.547723,0.927362,22.32667,0.734847,0.469042,0.4,0.509902,0.469042,312.2627,85.65759,-33.84383,117.7752,lunge,lunge,right,low,14.149981498718262
1,1776690095713,564.521,0.6,0.948683,22.60796,0.489898,0.424264,0.424264,0.547723,0.447214,247.6481,78.06647,28.63084,122.0403,lunge,lunge,right,low,14.149981498718262
1,1776690095713,564.621,0.583095,0.938083,22.60619,0.52915,0.489898,0.447214,0.489898,0.374166,206.6358,80.23142,69.38843,121.116,lunge,lunge,right,low,14.149981498718262
1,1776690095713,564.721,0.583095,0.34641,31.18782,0.69282,0.565685,0.424264,0.424264,0.565685,183.4789,95.59418,91.80938,112.358,lunge,lunge,right,low,14.149981498718262
1,1776690095713,564.821,0.6,0.4,34.21228,0.707107,0.489898,0.489898,0.489898,0.663325,177.0877,117.7749,101.4223,101.329,lunge,lunge,right,low,14.149981498718262
1,1776690095713,564.921,0.509902,0.509902,32.8189,0.787401,0.509902,0.565685,0.469042,0.632456,179.1387,136.4651,103.7974,93.18578,lunge,lunge,right,low,14.149981498718262
1,1776690095713,565.021,0.52915,0.69282,31.77263,0.948683,0.509902,0.565685,0.469042,0.632456,177.1689,136.4651,109.6396,93.18578,lunge,lunge,right,low,14.149981498718262
1,1776690095713,565.121,0.489898,0.69282,31.56359,0.98995,0.52915,0.565685,0.469042,0.583095,170.3452,143.5473,117.901,91.59666,lunge,lunge,right,low,14.149981498718262
1,1776690095713,565.221,0.489898,0.69282,31.56359,0.98995,0.583095,0.52915,0.648074,0.616441,170.3452,141.7177,117.901,93.57887,lunge,lunge,right,low,14.149981498718262
1,1776690095713,565.321,0.509902,1.086278,31.77326,0.959166,0.632456,0.565685,0.663325,0.663325,257.1995,134.0191,30.94043,97.67954,lunge,lunge,right,low,14.149981498718262
1,1776690095713,565.421,0.547723,1.174734,26.02076,0.83666,0.616441,0.509902,0.616441,0.734847,312.6245,120.2639,-26.31964,103.4873,lunge,lunge,right,low,14.149981498718262
1,1776690095713,565.521,0.547723,1.174734,16.0972,0.883176,0.565685,0.489898,0.583095,0.69282,347.752,103.4564,-63.36605,110.1975,lunge,lunge,right,low,14.149981498718262
1,1776690095713,565.621,0.583095,1.148913,15.85812,0.83666,0.509902,0.424264,0.583095,0.69282,315.7957,85.82845,-33.46012,119.0981,lunge,lunge,right,low,14.149981498718262
1,1776690095713,565.721,0.6,1.048809,16.06487,0.678233,0.489898,0.447214,0.565685,0.774597,249.8647,77.12265,30.75213,123.6994,lunge,lunge,right,low,14.149981498718262
1,1776690095713,565.821,0.6,1.03923,15.21512,0.8,0.52915,0.424264,0.489898,0.774597,207.3926,77.2457,72.05965,123.2878,lunge,lunge,right,low,14.149981498718262
1,1776690095713,565.921,0.616441,0.734847,13.85352,0.87178,0.547723,0.447214,0.282843,0.748331,183.6048,93.01015,94.00079,113.6537,lunge,lunge,right,low,14.149981498718262
1,1776690095713,566.021,0.565685,0.6,12.34666,0.916515,0.547723,0.509902,0.282843,0.69282,177.3051,115.9485,99.26173,102.0688,lunge,lunge,right,low,14.149981498718262
1,1776690095713,566.121,0.547723,0.83666,10.74802,0.969536,0.565685,0.6,0.316228,0.616441,181.3292,135.2768,102.9891,94.19285,lunge,lunge,right,low,14.149981498718262
1,1776690095713,566.221,0.489898,0.848528,9.082951,1.029563,0.583095,0.678233,0.316228,0.707107,180.0114,144.6317,109.0583,91.31607,lunge,lunge,right,low,14.149981498718262
1,1776690095713,566.321,0.509902,0.883176,7.957386,1.029563,0.616441,0.69282,0.316228,0.663325,173.1556,143.2117,115.4469,92.84981,lunge,lunge,right,low,14.149981498718262
1,1776690095713,566.421,0.616441,0.883176,7.120393,0.860233,0.6,0.69282,0.34641,0.748331,233.9554,135.7214,54.32549,96.32158,lunge,lunge,right,low,14.149981498718262
1,1776690095713,566.521,0.663325,0.812404,6.178997,0.748331,0.547723,0.632456,0.374166,0.787401,296.7018,121.741,-10.69453,102.5291,lunge,lunge,right,low,14.149981498718262
1,1776690095713,566.621,0.663325,0.87178,5.242137,0.748331,0.447214,0.565685,0.374166,0.8,335.8699,104.4422,-52.04385,109.9803,lunge,lunge,right,low,14.149981498718262
1,1776690095713,566.721,0.734847,0.707107,4.32435,0.707107,0.447214,0.565685,0.374166,0.8,296.3958,104.4422,-14.6336,109.9803,lunge,lunge,right,low,14.149981498718262
1,1776690095713,566.821,0.848528,0.547723,3.261901,0.678233,0.489898,0.469042,0.374166,0.812404,236.6088,88.76307,44.38589,117.1324,lunge,lunge,right,low,14.149981498718262
1,1776690095713,566.921,0.848528,0.547723,3.261901,0.678233,0.678233,0.316228,0.316228,0.787401,236.6088,80.01053,44.38589,121.5222,lunge,lunge,right,low,14.149981498718262
1,1776690095713,567.021,0.83666,0.469042,2.584569,0.648074,0.678233,0.141421,0.316228,0.748331,198.116,79.66707,81.51408,121.6725,lunge,lunge,right,low,14.149981498718262
1,1776690095713,567.121,0.774597,0.447214,2.404163,0.663325,0.678233,0.2,0.282843,0.72111,175.3483,90.08407,103.2208,115.0649,lunge,lunge,right,low,14.149981498718262
1,1776690095713,567.221,0.748331,0.52915,2.213594,0.678233,0.707107,0.2,0.282843,0.734847,167.8517,111.8542,110.802,102.7374,lunge,lunge,right,low,14.149981498718262
1,1776690095713,567.321,0.748331,0.489898,1.994994,0.707107,0.707107,0.282843,0.316228,0.632456,172.8674,133.7549,109.2906,92.37717,lunge,lunge,right,low,14.149981498718262
1,1776690095713,567.421,0.761577,0.547723,1.624808,0.72111,0.734847,0.469042,0.282843,0.69282,174.8137,145.7483,112.2221,88.12115,lunge,lunge,right,low,14.149981498718262
1,1776690095713,567.521,0.69282,0.583095,1.43527,0.734847,0.616441,0.509902,0.509902,0.663325,170.9708,146.4897,117.7802,89.13774,lunge,lunge,right,low,14.149981498718262
1,1776690095713,567.621,0.547723,0.616441,1.407125,0.663325,0.734847,0.509902,0.565685,0.648074,211.1161,139.9843,77.96336,92.479,lunge,lunge,right,low,14.149981498718262
1,1776690095713,567.721,0.547723,0.565685,0.948683,0.632456,0.734847,0.547723,0.547723,0.663325,282.0219,128.3271,4.97714,97.21204,lunge,lunge,right,low,14.149981498718262
1,1776690095713,567.821,0.52915,0.509902,0.547723,0.616441,0.69282,0.52915,0.565685,0.632456,326.5374,112.3873,-41.59074,104.347,lunge,lunge,right,low,14.149981498718262
1,1776690095713,567.921,0.489898,0.52915,0.509902,0.69282,0.707107,0.6,0.565685,0.565685,301.329,95.26173,-19.03925,112.3953,lunge,lunge,right,low,14.149981498718262
1,1776690095713,568.021,0.663325,0.489898,0.489898,0.616441,0.748331,0.489898,0.547723,0.489898,239.7301,83.1318,41.08702,119.104,lunge,lunge,right,low,14.149981498718262
1,1776690095713,568.121,0.648074,0.648074,0.583095,0.547723,0.69282,0.4,0.547723,0.489898,199.4146,79.61122,81.29013,121.6207,lunge,lunge,right,low,14.149981498718262
1,1776690095713,568.221,0.648074,0.748331,0.748331,0.52915,0.547723,0.424264,0.469042,0.52915,176.0378,91.50175,103.0629,112.7082,lunge,lunge,right,low,14.149981498718262
1,1776690095713,568.321,0.663325,0.748331,0.663325,0.547723,0.52915,0.4,0.489898,0.489898,167.2936,115.8649,108.5115,98.77342,lunge,lunge,right,low,14.149981498718262
1,1776690095713,568.421,0.616441,0.787401,0.663325,0.547723,0.52915,0.4,0.489898,0.489898,171.7751,115.8649,109.3725,98.77342,lunge,lunge,right,low,14.149981498718262
1,1776690095713,568.521,0.663325,0.883176,0.8,0.583095,0.565685,0.4,0.565685,0.424264,177.9771,138.7293,110.5601,89.55935,lunge,lunge,right,low,14.149981498718262
1,1776690095713,568.621,0.663325,0.883176,0.8,0.583095,0.663325,0.34641,0.565685,0.4,177.9771,151.2635,110.5601,84.96774,lunge,lunge,right,low,14.149981498718262
1,1776690095713,568.721,0.469042,0.959166,0.8,0.547723,0.69282,0.374166,0.547723,0.316228,175.7638,152.0443,114.315,85.82615,lunge,lunge,right,low,14.149981498718262
1,1776690095713,568.821,0.447214,1.077033,0.894427,0.547723,0.707107,0.424264,0.52915,0.282843,253.1659,144.9728,38.11444,89.89475,lunge,lunge,right,low,14.149981498718262
1,1776690095713,568.921,0.489898,0.959166,0.894427,0.6,0.734847,0.72111,0.424264,0.34641,312.0217,129.6375,-22.15,97.89388,lunge,lunge,right,low,14.149981498718262
1,1776690095713,569.021,0.424264,0.98995,0.905538,0.678233,0.734847,0.787401,0.447214,0.374166,347.5489,110.4777,-60.30203,106.0723,lunge,lunge,right,low,14.149981498718262
1,1776690095713,569.121,0.424264,1.029563,0.894427,0.69282,0.72111,0.8,0.374166,0.424264,318.1771,92.49172,-33.02623,114.3477,lunge,lunge,right,low,14.149981498718262
1,1776690095713,569.221,0.447214,0.894427,0.883176,0.616441,0.678233,0.761577,0.34641,0.447214,251.2595,79.23403,33.60831,121.4518,lunge,lunge,right,low,14.149981498718262
1,1776690095713,569.321,0.547723,0.8,0.812404,0.583095,0.565685,0.787401,0.4,0.469042,207.0557,74.97646,76.62656,124.2424,lunge,lunge,right,low,14.149981498718262
1,1776690095713,569.421,0.565685,0.663325,0.927362,0.565685,0.547723,0.812404,0.447214,0.616441,179.8024,84.1411,102.0984,117.2641,lunge,lunge,right,low,14.149981498718262
1,1776690095713,569.521,0.52915,0.469042,0.774597,0.52915,0.632456,0.812404,0.52915,0.734847,166.9166,107.6943,111.0014,102.3268,lunge,lunge,right,low,14.149981498718262
1,1776690095713,569.621,0.707107,0.424264,1.923538,0.424264,0.6,0.774597,0.509902,0.707107,170.4182,135.2406,109.2401,89.94316,lunge,lunge,right,low,14.149981498718262
1,1776690095713,569.721,0.824621,0.860233,5.05569,0.4,0.663325,0.83666,0.52915,0.69282,176.7584,152.3848,108.3499,83.45946,lunge,lunge,right,low,14.149981498718262
1,1776690095713,569.821,0.787401,1.140175,5.591064,0.424264,0.648074,1.03923,0.489898,0.707107,176.7963,154.9626,112.9145,84.04023,lunge,lunge,right,low,14.149981498718262
1,1776690095713,569.921,0.734847,1.140175,5.6,0.34641,0.648074,1.077033,0.469042,0.69282,168.0816,149.3686,121.9914,86.90498,lunge,lunge,right,low,14.149981498718262
1,1776690095713,570.021,0.72111,1.256981,5.582114,0.447214,0.648074,1.077033,0.469042,0.69282,253.9381,149.3686,35.48392,86.90498,lunge,lunge,right,low,14.149981498718262
1,1776690095713,570.121,0.734847,1.256981,5.6,0.69282,0.663325,1.019804,0.34641,0.616441,294.9142,136.539,-7.875007,93.0832,lunge,lunge,right,low,14.149981498718262
1,1776690095713,570.221,0.663325,1.264911,5.678028,0.69282,0.583095,0.948683,0.244949,0.4,333.6469,119.1911,-48.86723,100.815,lunge,lunge,right,low,14.149981498718262
1,1776690095713,570.321,0.663325,1.264911,5.678028,0.69282,0.616441,0.860233,0.244949,0.374166,333.6469,100.1433,-48.86723,109.1331,lunge,lunge,right,low,14.149981498718262
1,1776690095713,570.421,0.4,1.191638,3.417602,0.678233,0.52915,0.8,0.141421,0.447214,294.6945,84.62883,-12.4197,116.803,lunge,lunge,right,low,14.149981498718262
1,1776690095713,570.521,0.509902,0.8,2.009975,0.678233,0.547723,0.707107,0.141421,0.447214,235.8182,78.88678,44.53749,120.0032,lunge,lunge,right,low,14.149981498718262
1,1776690095713,570.621,0.648074,0.87178,2.163331,0.69282,0.547723,0.707107,0.244949,0.469042,199.6167,79.505,81.20259,120.0069,lunge,lunge,right,low,14.149981498718262
1,1776690095713,570.721,0.632456,0.748331,2.641969,0.663325,0.469042,0.707107,0.282843,0.469042,179.6455,97.44147,99.98881,108.6511,lunge,lunge,right,low,14.149981498718262
1,1776690095713,570.821,0.632456,0.787401,2.720294,0.374166,0.616441,0.69282,0.34641,0.4,174.5748,120.4261,106.0237,97.38453,lunge,lunge,right,low,14.149981498718262
1,1776690095713,570.921,0.648074,1.03923,2.584569,0.374166,0.632456,0.663325,0.316228,0.424264,177.1721,138.1365,109.0715,89.70541,lunge,lunge,right,low,14.149981498718262
1,1776690095713,571.021,0.632456,1.148913,2.222611,0.52915,0.663325,0.678233,0.4,0.489898,176.8374,146.7577,113.1177,87.31991,lunge,lunge,right,low,14.149981498718262
1,1776690095713,571.121,0.6,1.104536,2.149419,0.52915,0.774597,0.583095,0.469042,0.424264,171.1543,145.9998,118.7401,89.07095,lunge,lunge,right,low,14.149981498718262
1,1776690095713,571.221,0.469042,1.148913,1.989975,0.469042,0.774597,0.424264,0.447214,0.632456,174.8694,138.3728,114.2882,92.56493,lunge,lunge,right,low,14.149981498718262
1,1776690095713,571.321,0.424264,1.086278,1.240967,0.583095,0.787401,0.469042,0.469042,0.707107,251.5692,123.507,35.45338,98.96432,lunge,lunge,right,low,14.149981498718262
1,1776690095713,571.421,0.469042,1.0583,0.83666,0.583095,0.8,0.447214,0.424264,0.787401,294.0634,105.8466,-8.230879,105.633,lunge,lunge,right,low,14.149981498718262
1,1776690095713,571.521,0.565685,1.131371,0.87178,0.583095,0.761577,0.447214,0.424264,0.787401,290.7516,88.24496,-5.612798,112.6215,lunge,lunge,right,low,14.149981498718262
1,1776690095713,571.621,0.52915,0.916515,0.916515,0.509902,0.787401,0.489898,0.4,0.748331,231.655,76.19641,52.44545,117.867,lunge,lunge,right,low,14.149981498718262
1,1776690095713,571.721,0.583095,1.148913,0.905538,0.447214,0.787401,0.489898,0.4,0.748331,193.5964,76.19641,88.96583,117.867,lunge,lunge,right,low,14.149981498718262
1,1776690095713,571.821,0.565685,1.077033,1.385641,0.489898,0.734847,0.883176,0.374166,0.761577,173.9093,73.4136,107.5669,121.0297,lunge,lunge,right,low,14.149981498718262
1,1776690095713,571.921,0.547723,1.067708,1.421267,0.616441,0.707107,0.938083,0.374166,0.748331,175.0481,80.85536,107.6744,118.3597,lunge,lunge,right,low,14.149981498718262
1,1776690095713,572.021,0.547723,1.067708,1.421267,0.616441,0.707107,0.98995,0.34641,0.663325,175.0481,98.6462,107.6744,108.8859,lunge,lunge,right,low,14.149981498718262
1,1776690095713,572.121,0.632456,1.067708,1.43527,1.009951,0.748331,1,0.469042,0.72111,175.224,117.0896,112.5756,100.4318,lunge,lunge,right,low,14.149981498718262
1,1776690095713,572.221,0.707107,1.067708,1.371131,1.009951,0.616441,1.029563,0.489898,0.860233,175.2919,133.5356,117.0975,94.56645,lunge,lunge,right,low,14.149981498718262
1,1776690095713,572.321,0.707107,0.969536,1.341641,1.019804,0.69282,1.03923,0.469042,0.927362,167.4882,148.1668,123.3922,90.63333,lunge,lunge,right,low,14.149981498718262
1,1776690095713,572.421,0.69282,0.509902,1.32665,1.009951,1.43527,0.905538,0.447214,0.927362,165.0605,157.9609,118.3386,89.58855,lunge,lunge,right,low,14.149981498718262
1,1776690095713,572.521,0.787401,0.489898,0.69282,1.009951,1.496663,0.761577,0.447214,0.894427,164.3833,167.5188,112.859,87.20089,lunge,lunge,right,low,14.149981498718262
1,1776690095713,572.621,0.787401,0.509902,0.316228,0.979796,1.496663,0.663325,0.547723,0.824621,167.5444,173.862,107.192,85.11496,lunge,lunge,right,low,14.149981498718262
1,1776690095713,572.721,0.761577,0.616441,0.34641,0.469042,1.489967,0.616441,0.52915,0.761577,167.7407,178.5295,105.0192,83.76914,lunge,lunge,right,low,14.149981498718262
1,1776690095713,572.821,0.509902,0.616441,0.316228,0.424264,1.476482,0.565685,0.4,0.509902,167.5167,178.6863,103.2509,87.83232,lunge,lunge,right,low,14.149981498718262
1,1776690095713,572.921,0.69282,0.583095,0.316228,0.4,1.44222,0.583095,0.4,0.424264,168.0668,172.7176,101.6161,95.40593,lunge,lunge,right,low,14.149981498718262
1,1776690095713,573.021,0.648074,0.547723,0.316228,0.4,1.009951,0.316228,0.34641,0.34641,170.3242,169.0815,99.82458,98.67728,lunge,lunge,right,low,14.149981498718262
1,1776690095713,573.121,0.489898,0.547723,0.316228,0.374166,0.616441,0.34641,0.4,0.316228,171.9191,169.5154,99.77306,99.76363,lunge,lunge,right,low,14.149981498718262
1,1776690095713,573.221,0.489898,0.547723,0.316228,0.469042,0.648074,0.374166,0.374166,0.316228,173.028,174.6845,98.7207,96.95866,lunge,lunge,right,low,14.149981498718262
1,1776690126181,589.621,0.6,0.52915,0.244949,0.141421,0.316228,0.489898,0.374166,0.565685,189.1585,174.7637,98.28117,94.66537,leg_lift,leg_lift,right,low,17.36823868751526
1,1776690126181,589.721,0.632456,0.632456,0.244949,0.141421,0.34641,0.4,0.374166,0.424264,188.957,175.6456,98.30907,93.65703,leg_lift,leg_lift,right,low,17.36823868751526
1,1776690126181,589.821,0.583095,0.616441,0.244949,0.141421,0.282843,0.424264,0.34641,0.374166,188.9727,178.208,98.34477,91.57536,leg_lift,leg_lift,right,low,17.36823868751526
1,1776690126181,589.921,0.6,0.616441,0.282843,0.4,0.469042,0.489898,0.4,0.489898,188.65,185.7578,98.70384,86.46834,leg_lift,leg_lift,right,low,17.36823868751526
1,1776690126181,590.021,0.583095,0.52915,0.316228,0.565685,0.663325,0.663325,0.52915,0.734847,188.9219,188.6649,98.73968,84.97648,leg_lift,leg_lift,right,low,17.36823868751526
1,1776690126181,590.121,0.583095,0.424264,0.4,0.774597,0.648074,0.824621,0.52915,0.69282,188.3732,189.9393,99.1787,84.80595,leg_lift,leg_lift,right,low,17.36823868751526
1,1776690126181,590.221,0.52915,0.678233,0.424264,0.938083,0.648074,0.824621,0.52915,0.69282,187.5303,189.9393,98.2252,84.80595,leg_lift,leg_lift,right,low,17.36823868751526
1,1776690126181,590.321,0.469042,0.916515,53.36516,1.095445,0.72111,0.824621,0.547723,0.748331,187.1604,182.932,97.53974,91.02851,leg_lift,leg_lift,right,low,17.36823868751526
1,1776690126181,590.421,0.316228,0.948683,110.9416,1.131371,0.824621,0.948683,0.616441,0.748331,187.4454,175.4633,96.8404,95.06513,leg_lift,leg_lift,right,low,17.36823868751526
1,1776690126181,590.521,0.374166,0.959166,122.6577,1.16619,0.87178,1.067708,0.616441,0.774597,187.9839,162.7935,95.99266,99.62527,leg_lift,leg_lift,right,low,17.36823868751526
1,1776690126181,590.621,0.374166,0.959166,123.594,1.240967,0.860233,1.067708,0.583095,0.707107,188.5358,147.1758,95.62279,100.9331,leg_lift,leg_lift,right,low,17.36823868751526
1,1776690126181,590.721,0.424264,0.959166,123.9338,1.2,0.648074,0.948683,0.489898,0.707107,189.0106,134.5838,95.01978,96.51501,leg_lift,leg_lift,right,low,17.36823868751526
1,1776690126181,590.821,0.424264,0.959166,123.9338,1.2,0.678233,0.774597,0.469042,0.761577,189.0106,118.2569,95.01978,91.69945,leg_lift,leg_lift,right,low,17.36823868751526
1,1776690126181,590.921,0.489898,0.916515,125.2978,1.140175,0.678233,0.824621,0.374166,0.707107,188.5117,94.12724,95.50092,99.6381,leg_lift,leg_lift,right,low,17.36823868751526
1,1776690126181,591.021,0.509902,0.6,146.9036,1.009951,0.489898,0.787401,0.141421,1.140175,186.9529,77.99689,96.04105,105.9075,leg_lift,leg_lift,right,low,17.36823868751526
1,1776690126181,591.121,0.509902,0.547723,176.0698,1.341641,0.469042,0.632456,0.141421,1.232883,186.8713,73.29418,95.36973,108.7248,leg_lift,leg_lift,right,low,17.36823868751526
1,1776690126181,591.221,0.424264,0.52915,180.0686,1.319091,0.424264,0.632456,0.141421,1.240967,185.9291,77.76997,95.69898,108.3902,leg_lift,leg_lift,right,low,17.36823868751526
1,1776690126181,591.321,0.4,0.565685,179.7863,1.216552,0.489898,0.678233,0.282843,1.157584,186.8946,88.75822,95.40962,105.387,leg_lift,leg_lift,right,low,17.36823868751526
1,1776690126181,591.421,0.374166,0.583095,180.6385,1.232883,0.489898,0.761577,0.282843,1.140175,187.9021,101.4414,95.70017,101.2545,leg_lift,leg_lift,right,low,17.36823868751526
1,1776690126181,591.521,0.282843,0.6,183.2052,1.2,0.489898,0.734847,0.316228,1.122497,188.2971,113.6208,95.94704,97.42312,leg_lift,leg_lift,right,low,17.36823868751526
1,1776690126181,591.621,0.282843,0.663325,184.2693,1.183216,0.469042,0.648074,0.424264,0.848528,188.8169,126.9427,96.06686,93.40672,leg_lift,leg_lift,right,low,17.36823868751526
1,1776690126181,591.721,0.316228,0.509902,121.0296,0.707107,0.583095,0.565685,0.447214,0.509902,189.665,145.8697,96.54681,86.41093,leg_lift,leg_lift,right,low,17.36823868751526
1,1776690126181,591.821,0.282843,0.52915,88.02977,0.72111,0.583095,0.565685,0.447214,0.509902,189.335,145.8697,97.74894,86.41093,leg_lift,leg_lift,right,low,17.36823868751526
1,1776690126181,591.921,0.282843,0.69282,90.015,1.16619,0.824621,0.6,0.565685,0.489898,188.9064,162.9735,98.13761,81.93624,leg_lift,leg_lift,right,low,17.36823868751526
1,1776690126181,592.021,0.4,0.774597,94.11971,1.536229,0.979796,1.2,0.774597,0.52915,187.9359,168.117,98.56779,87.03255,leg_lift,leg_lift,right,low,17.36823868751526
1,1776690126181,592.121,0.374166,0.824621,90.8239,1.865476,0.969536,1.702939,0.860233,0.447214,186.6379,176.7929,97.44472,86.78004,leg_lift,leg_lift,right,low,17.36823868751526
1,1776690126181,592.221,0.34641,0.848528,81.62463,1.876166,1.048809,2.024846,0.860233,0.52915,188.5787,176.1085,95.91036,88.60771,leg_lift,leg_lift,right,low,17.36823868751526
1,1776690126181,592.321,0.424264,0.969536,69.49417,1.92873,1.113553,2.054264,0.824621,0.52915,189.7988,159.489,94.92696,90.89561,leg_lift,leg_lift,right,low,17.36823868751526
1,1776690126181,592.421,0.4,0.938083,57.39547,1.964688,1.104536,2.063977,0.787401,0.565685,190.603,141.5652,93.92764,89.69801,leg_lift,leg_lift,right,low,17.36823868751526
1,1776690126181,592.521,0.4,0.938083,57.39547,1.964688,0.98995,2.059126,0.761577,0.632456,190.603,118.6425,93.92764,90.39416,leg_lift,leg_lift,right,low,17.36823868751526
1,1776690126181,592.621,0.447214,0.87178,46.26662,1.805547,0.787401,1.892089,0.509902,0.632456,189.6751,106.362,94.91286,86.16185,leg_lift,leg_lift,right,low,17.36823868751526
1,1776690126181,592.721,0.316228,0.761577,37.11172,1.469694,0.812404,1.50333,0.282843,0.6,187.6621,97.2728,96.41042,83.99261,leg_lift,leg_lift,right,low,17.36823868751526
1,1776690126181,592.821,0.4,0.648074,31.8873,0.883176,0.734847,0.632456,0.469042,0.663325,186.907,87.03418,96.0471,87.82916,leg_lift,leg_lift,right,low,17.36823868751526
1,1776690126181,592.921,0.547723,0.616441,349.6126,1.131371,0.648074,0.547723,0.565685,0.678233,187.3289,81.8867,96.12357,91.2135,leg_lift,leg_lift,right,low,17.36823868751526
1,1776690126181,593.021,0.6,0.509902,478.0222,1.378405,0.8,0.547723,0.948683,0.812404,186.611,83.50065,95.79533,94.15891,leg_lift,leg_lift,right,low,17.36823868751526
1,1776690126181,593.121,0.678233,0.583095,508.3442,1.32665,0.787401,0.52915,1.272792,0.812404,186.8241,94.56095,95.15619,89.78585,leg_lift,leg_lift,right,low,17.36823868751526
1,1776690126181,593.221,0.663325,0.6,512.5762,1.303841,0.774597,0.4,1.407125,0.948683,187.0897,108.728,95.62568,84.37272,leg_lift,leg_lift,right,low,17.36823868751526
1,1776690126181,593.321,0.774597,0.648074,512.5612,1.280625,0.748331,0.424264,1.4,0.969536,187.0488,120.4958,95.87065,81.6081,leg_lift,leg_lift,right,low,17.36823868751526
1,1776690126181,593.421,0.787401,0.663325,514.4481,1.28841,0.678233,0.4,1.385641,0.948683,186.8272,126.7031,95.79542,83.33196,leg_lift,leg_lift,right,low,17.36823868751526
1,1776690126181,593.521,0.707107,0.648074,437.7412,1.140175,0.678233,0.4,1.385641,0.948683,187.2921,126.7031,95.78548,83.33196,leg_lift,leg_lift,right,low,17.36823868751526
1,1776690126181,593.621,0.648074,0.6,255.6182,0.489898,0.69282,0.469042,1.349074,0.894427,188.1823,134.9865,96.33961,82.0631,leg_lift,leg_lift,right,low,17.36823868751526
1,1776690126181,593.721,0.565685,0.424264,171.6476,0.761577,0.632456,0.4,1.174734,0.774597,188.5414,153.1684,97.34266,77.03868,leg_lift,leg_lift,right,low,17.36823868751526
1,1776690126181,593.821,0.565685,0.489898,168.258,1.224745,0.583095,0.547723,0.774597,1.009951,187.8139,168.9052,97.1313,74.32305,leg_lift,leg_lift,right,low,17.36823868751526
1,1776690126181,593.921,0.6,0.424264,183.7359,2.222611,0.565685,0.616441,0.4,1.009951,187.1576,172.5444,97.1547,79.49534,leg_lift,leg_lift,right,low,17.36823868751526
1,1776690126181,594.021,0.616441,0.583095,192.0556,2.61916,0.565685,0.6,0.565685,1.272792,186.2726,170.3604,96.2664,86.50633,leg_lift,leg_lift,right,low,17.36823868751526
1,1776690126181,594.121,0.616441,0.734847,186.3513,2.645751,0.69282,0.583095,0.748331,1.760682,187.7525,169.623,94.55074,88.50689,leg_lift,leg_lift,right,low,17.36823868751526
1,1776690126181,594.221,0.616441,0.734847,186.3513,2.645751,0.948683,0.648074,0.774597,1.838478,187.7525,164.2957,94.55074,88.66166,leg_lift,leg_lift,right,low,17.36823868751526
1,1776690126181,594.321,0.648074,0.748331,173.1445,2.657066,0.883176,0.616441,0.787401,1.838478,188.541,152.949,94.29275,86.93396,leg_lift,leg_lift,right,low,17.36823868751526
1,1776690126181,594.421,0.69282,0.734847,155.9277,2.698148,0.959166,0.583095,0.894427,1.74356,189.8244,137.8738,93.87254,83.81036,leg_lift,leg_lift,right,low,17.36823868751526
1,1776690126181,594.521,0.69282,0.707107,136.3678,2.668333,1.104536,0.469042,0.916515,1.649242,190.1414,119.715,94.27116,83.35246,leg_lift,leg_lift,right,low,17.36823868751526
1,1776690126181,594.621,0.583095,0.748331,116.5188,2.2,1.140175,0.632456,0.83666,1.549193,189.6146,102.1555,94.84516,87.7118,leg_lift,leg_lift,right,low,17.36823868751526
1,1776690126181,594.721,0.52915,0.69282,97.45481,1.363818,1.131371,0.648074,0.616441,0.8,189.4367,88.30479,94.92959,93.22501,leg_lift,leg_lift,right,low,17.36823868751526
1,1776690126181,594.821,0.565685,0.648074,208.1389,1.264911,0.894427,0.648074,0.824621,0.583095,189.6862,78.03195,95.27444,99.2708,leg_lift,leg_lift,right,low,17.36823868751526
1,1776690126181,594.921,0.583095,0.547723,278.9175,1.303841,0.938083,0.583095,1.208305,1.067708,188.9655,80.32678,95.46841,101.2942,leg_lift,leg_lift,right,low,17.36823868751526
1,1776690126181,595.021,0.565685,0.6,290.4907,1.183216,0.927362,0.583095,1.865476,1.469694,188.9121,90.73286,94.54603,97.48097,leg_lift,leg_lift,right,low,17.36823868751526
1,1776690126181,595.121,0.509902,0.648074,289.1157,0.678233,0.8,0.616441,1.979899,1.48324,189.8406,103.7225,94.42847,92.19923,leg_lift,leg_lift,right,low,17.36823868751526
1,1776690126181,595.221,0.52915,0.616441,288.1545,0.547723,0.8,0.616441,1.979899,1.48324,190.195,103.7225,93.89725,92.19923,leg_lift,leg_lift,right,low,17.36823868751526
1,1776690126181,595.321,0.509902,0.69282,290.1159,0.565685,0.707107,0.469042,2.04939,1.48324,191.6713,115.0385,93.45803,88.27364,leg_lift,leg_lift,right,low,17.36823868751526
1,1776690126181,595.421,0.469042,0.6,256.3874,0.648074,0.678233,0.489898,2.04939,1.489967,191.8924,125.9603,93.82738,84.30043,leg_lift,leg_lift,right,low,17.36823868751526
1,1776690126181,595.521,0.34641,0.547723,151.7945,0.6,0.583095,0.424264,1.959592,1.50333,191.8227,131.9871,93.81982,84.10983,leg_lift,leg_lift,right,low,17.36823868751526
1,1776690126181,595.621,0.4,0.52915,115.7698,0.547723,0.424264,0.469042,1.854724,1.516575,190.7133,145.3562,94.7076,80.17221,leg_lift,leg_lift,right,low,17.36823868751526
1,1776690126181,595.721,0.374166,0.447214,120.6653,0.72111,0.374166,0.469042,1.256981,0.916515,190.2456,159.99,95.39079,76.70061,leg_lift,leg_lift,right,low,17.36823868751526
1,1776690126181,595.821,0.374166,0.469042,127.5733,1.630951,0.316228,0.509902,0.860233,0.824621,189.506,174.4088,95.54844,72.76575,leg_lift,leg_lift,right,low,17.36823868751526
1,1776690126181,595.921,0.374166,0.469042,127.5733,1.630951,0.734847,1.03923,0.632456,0.812404,189.506,179.9885,95.54844,74.2915,leg_lift,leg_lift,right,low,17.36823868751526
1,1776690126181,596.021,0.4,0.316228,127.158,2.853069,0.927362,1.113553,0.860233,1.2,189.2977,185.6342,95.65313,74.59353,leg_lift,leg_lift,right,low,17.36823868751526
1,1776690126181,596.121,0.424264,0.316228,120.3249,3.117692,1,1.140175,0.927362,1.737815,188.6233,178.7992,95.55669,82.15049,leg_lift,leg_lift,right,low,17.36823868751526
1,1776690126181,596.221,0.447214,0.374166,108.2561,3.174901,1.095445,1.232883,1.280625,1.8,188.3946,164.1243,95.09979,90.61559,leg_lift,leg_lift,right,low,17.36823868751526
1,1776690126181,596.321,0.469042,0.447214,93.87534,3.206244,1.140175,1.249,1.356466,1.805547,188.9398,146.7264,94.13992,94.3154,leg_lift,leg_lift,right,low,17.36823868751526
1,1776690126181,596.421,0.469042,0.424264,80.25248,3.361547,1.131371,1.232883,1.319091,1.805547,190.66,127.6236,92.98851,94.96684,leg_lift,leg_lift,right,low,17.36823868751526
1,1776690126181,596.521,0.469042,0.374166,68.05071,3.228003,1.03923,0.8,1.319091,1.83303,191.3027,109.569,93.43299,95.55205,leg_lift,leg_lift,right,low,17.36823868751526
1,1776690126181,596.621,0.374166,0.34641,57.05857,2.473863,0.734847,0.69282,1.208305,1.708801,191.084,96.45302,93.4696,95.9759,leg_lift,leg_lift,right,low,17.36823868751526
1,1776690126181,596.721,0.316228,0.4,47.6783,1.691153,0.787401,0.69282,1.157584,1.296148,190.9427,84.33653,94.25722,100.0196,leg_lift,leg_lift,right,low,17.36823868751526
1,1776690126181,596.821,0.374166,0.469042,39.12518,1.714643,0.979796,0.616441,0.774597,0.905538,189.9602,77.75695,94.49435,103.1691,leg_lift,leg_lift,right,low,17.36823868751526
1,1776690126181,596.921,0.469042,0.52915,36.23866,1.697056,0.979796,0.616441,0.774597,0.905538,189.9674,77.75695,94.74752,103.1691,leg_lift,leg_lift,right,low,17.36823868751526
1,1776690126181,597.021,0.509902,0.583095,33.59881,1.428286,0.938083,0.663325,0.663325,1.131371,189.9387,82.85432,94.70606,102.2557,leg_lift,leg_lift,right,low,17.36823868751526
1,1776690126181,597.121,0.547723,0.6,30.99903,1.029563,0.948683,0.69282,1.113553,1.43527,190.2316,94.25608,94.07165,97.53156,leg_lift,leg_lift,right,low,17.36823868751526
1,1776690126181,597.221,0.565685,0.632456,28.37464,0.883176,1.009951,0.648074,1.549193,1.574802,191.0584,104.2734,93.61642,93.81667,leg_lift,leg_lift,right,low,17.36823868751526
1,1776690126181,597.321,0.734847,0.616441,24.97919,0.905538,1.019804,0.616441,1.56205,1.630951,190.7492,116.4174,93.98746,88.70451,leg_lift,leg_lift,right,low,17.36823868751526
1,1776690126181,597.421,0.69282,0.509902,26.15225,0.969536,1.140175,0.748331,1.56205,1.593738,191.2553,127.1881,94.07327,84.16769,leg_lift,leg_lift,right,low,17.36823868751526
1,1776690126181,597.521,0.69282,0.447214,27.88655,0.707107,0.860233,0.748331,1.555635,1.542725,191.4112,138.8829,94.2115,79.83756,leg_lift,leg_lift,right,low,17.36823868751526
1,1776690126181,597.621,0.69282,0.447214,27.88655,0.707107,0.748331,0.761577,1.523155,1.392839,191.4112,155.3775,94.2115,74.52756,leg_lift,leg_lift,right,low,17.36823868751526
1,1776690126181,597.721,0.69282,0.4,28.22339,0.812404,0.72111,0.707107,1.249,1.077033,191.7027,170.8605,94.5108,69.63278,leg_lift,leg_lift,right,low,17.36823868751526
1,1776690126181,597.821,0.8,0.447214,27.04404,1.174734,0.979796,1.048809,0.489898,0.663325,191.9039,179.5187,95.20201,69.222,leg_lift,leg_lift,right,low,17.36823868751526
1,1776690126181,597.921,0.883176,0.489898,25.02998,1.881489,1.086278,1.363818,0.469042,0.69282,191.1837,177.8019,95.44986,75.97075,leg_lift,leg_lift,right,low,17.36823868751526
1,1776690126181,598.021,0.812404,0.547723,22.53042,2.336664,1.009951,1.311488,0.812404,1.183216,190.183,174.9677,95.46204,80.87138,leg_lift,leg_lift,right,low,17.36823868751526
1,1776690126181,598.121,0.824621,0.616441,20.42645,2.796426,0.959166,1.264911,1.048809,1.280625,190.5239,167.5068,95.39864,85.52144,leg_lift,leg_lift,right,low,17.36823868751526
1,1776690126181,598.221,0.812404,0.6,18.8016,2.792848,0.969536,1.240967,1.077033,1.272792,190.4643,154.9158,94.62579,88.41053,leg_lift,leg_lift,right,low,17.36823868751526
1,1776690126181,598.321,0.812404,0.565685,16.35909,2.946184,0.969536,1.216552,1.113553,1.240967,191.7238,140.3569,93.59041,84.85038,leg_lift,leg_lift,right,low,17.36823868751526
1,1776690126181,598.421,0.734847,0.509902,14.21478,2.973214,0.734847,1.113553,1.104536,1.264911,193.2358,124.364,93.73625,80.87566,leg_lift,leg_lift,right,low,17.36823868751526
1,1776690126181,598.521,0.663325,0.447214,12.61586,2.782085,0.734847,1.113553,1.104536,1.264911,191.4549,124.364,94.43063,80.87566,leg_lift,leg_lift,right,low,17.36823868751526
1,1776690126181,598.621,0.6,0.34641,12.44106,2.218107,0.374166,0.489898,1.148913,1.224745,190.9433,108.089,94.21019,82.90086,leg_lift,leg_lift,right,low,17.36823868751526
1,1776690126181,598.721,0.648074,0.447214,246.9585,1.618641,0.34641,0.4,0.98995,0.774597,190.9782,95.79015,94.28955,84.95377,leg_lift,leg_lift,right,low,17.36823868751526
1,1776690126181,598.821,0.648074,0.424264,400.9996,1.469694,0.547723,0.4,0.761577,0.6,189.4249,90.14748,94.2712,86.63731,leg_lift,leg_lift,right,low,17.36823868751526
1,1776690126181,598.921,0.6,0.424264,438.2326,1.334166,0.547723,0.4,0.938083,0.761577,189.6158,89.41608,93.64154,89.2003,leg_lift,leg_lift,right,low,17.36823868751526
1,1776690126181,599.021,0.489898,0.509902,444.3297,0.734847,0.565685,0.424264,1.131371,1.067708,190.4379,98.07265,93.30418,86.9685,leg_lift,leg_lift,right,low,17.36823868751526
1,1776690126181,599.121,0.469042,0.509902,444.5632,0.583095,0.6,0.424264,1.272792,1.303841,190.5798,109.8963,93.56573,83.22827,leg_lift,leg_lift,right,low,17.36823868751526
1,1776690126181,599.221,0.469042,0.509902,446.0785,0.6,0.72111,0.34641,1.249,1.296148,191.0094,120.6243,94.3854,81.3007,leg_lift,leg_lift,right,low,17.36823868751526
1,1776690126181,599.321,0.469042,0.509902,446.0785,0.6,0.774597,0.4,1.191638,1.264911,191.0094,135.7771,94.3854,76.87989,leg_lift,leg_lift,right,low,17.36823868751526
1,1776690126181,599.421,0.547723,0.316228,419.3037,0.648074,0.678233,0.4,1.140175,1.256981,190.7874,153.775,95.53663,71.10683,leg_lift,leg_lift,right,low,17.36823868751526
1,1776690126181,599.521,0.52915,0.282843,251.6967,0.6,0.678233,0.374166,1.03923,1.392839,190.9094,169.2484,96.20857,68.08285,leg_lift,leg_lift,right,low,17.36823868751526
1,1776690126181,599.621,0.52915,0.447214,157.0716,0.812404,0.734847,0.4,0.72111,1.334166,190.3972,175.4116,96.91492,71.36212,leg_lift,leg_lift,right,low,17.36823868751526
1,1776690126181,599.721,0.52915,0.547723,143.3287,1.92873,1.077033,1.095445,0.959166,1.428286,189.3724,175.4865,97.25755,76.25076,leg_lift,leg_lift,right,low,17.36823868751526
1,1776690126181,599.821,0.547723,0.959166,151.576,2.517936,1.048809,1.113553,1.280625,1.892089,189.4768,173.9016,96.30167,79.12565,leg_lift,leg_lift,right,low,17.36823868751526
1,1776690126181,599.921,0.565685,1.029563,152.0942,2.572936,1.009951,1.095445,1.428286,2.088061,189.7079,163.6205,95.16412,81.6462,leg_lift,leg_lift,right,low,17.36823868751526
1,1776690126181,600.021,0.469042,1.03923,146.4674,2.664582,0.98995,1.086278,1.449138,2.068816,190.1926,145.21,94.38961,83.55116,leg_lift,leg_lift,right,low,17.36823868751526
1,1776690126181,600.121,0.447214,1.0583,135.0127,2.723968,0.969536,1.122497,1.449138,1.969772,191.317,125.0703,93.90994,83.42014,leg_lift,leg_lift,right,low,17.36823868751526
1,1776690126181,600.221,0.424264,1.03923,119.2574,2.720294,0.969536,1.122497,1.449138,1.969772,191.5015,125.0703,94.58626,83.42014,leg_lift,leg_lift,right,low,17.36823868751526
1,1776690126181,600.321,0.424264,1.048809,100.9616,2.209072,0.916515,1.140175,1.43527,1.838478,191.6728,110.7994,94.59103,82.4101,leg_lift,leg_lift,right,low,17.36823868751526
1,1776690126181,600.421,0.374166,0.707107,84.68884,1.542725,0.734847,0.707107,1.2,1.624808,191.7447,96.58856,94.76463,84.53449,leg_lift,leg_lift,right,low,17.36823868751526
1,1776690126181,600.521,0.244949,0.447214,87.30247,1.113553,0.469042,0.489898,0.883176,1.095445,191.0069,83.75243,94.76293,91.20813,leg_lift,leg_lift,right,low,17.36823868751526
1,1776690126181,600.621,0.2,0.469042,84.52349,1.0583,0.678233,0.509902,0.812404,0.761577,190.6522,82.212,94.28693,93.35326,leg_lift,leg_lift,right,low,17.36823868751526
1,1776690126181,600.721,0.2,0.509902,75.98066,0.8,0.83666,0.583095,1.378405,1.0583,190.373,91.38571,93.83878,89.71219,leg_lift,leg_lift,right,low,17.36823868751526
1,1776690126181,600.821,0.2,0.469042,68.80363,0.734847,0.894427,0.6,1.714643,1.232883,191.22,102.7551,93.61474,85.33865,leg_lift,leg_lift,right,low,17.36823868751526
1,1776690126181,600.921,0.2,0.4,64.38074,0.748331,0.905538,0.632456,1.854724,1.456022,191.6074,116.4149,93.99797,81.24876,leg_lift,leg_lift,right,low,17.36823868751526
1,1776690126181,601.021,0.2,0.4,64.38074,0.748331,0.87178,0.678233,1.83303,1.476482,191.6074,130.4572,93.99797,77.13055,leg_lift,leg_lift,right,low,17.36823868751526
1,1776690126181,601.121,0.244949,0.4,62.09138,0.8,0.824621,0.678233,1.827567,1.469694,192.1531,147.933,95.47976,71.75162,leg_lift,leg_lift,right,low,17.36823868751526
1,1776690126181,601.221,0.282843,0.424264,56.64203,0.72111,0.69282,0.678233,1.8,1.43527,191.5144,162.5515,96.54266,69.45511,leg_lift,leg_lift,right,low,17.36823868751526
1,1776690126181,601.321,0.282843,0.447214,49.67333,0.69282,0.489898,0.616441,1.456022,1.208305,191.687,168.436,97.05822,73.38614,leg_lift,leg_lift,right,low,17.36823868751526
1,1776690126181,601.421,0.282843,0.424264,52.6627,1.606238,0.489898,0.72111,1.334166,1.574802,190.3714,173.8131,96.96876,74.9912,leg_lift,leg_lift,right,low,17.36823868751526
1,1776690126181,601.521,0.244949,0.707107,53.527,2.19545,0.469042,0.678233,1.714643,1.777639,190.9124,172.5515,96.57402,78.42995,leg_lift,leg_lift,right,low,17.36823868751526
1,1776690126181,601.621,0.244949,0.748331,50.83463,2.345208,0.547723,0.632456,1.811077,1.897367,190.2468,161.3261,95.68939,82.00977,leg_lift,leg_lift,right,low,17.36823868751526
1,1776690126181,601.721,0.2,0.748331,46.22402,2.420744,0.565685,0.616441,1.860108,1.989975,190.1792,141.5894,94.84602,86.78786,leg_lift,leg_lift,right,low,17.36823868751526
1,1776690126181,601.821,0,0.734847,40.92847,2.477902,0.678233,0.6,1.907878,1.984943,192.6475,126.7209,93.35754,81.02971,leg_lift,leg_lift,right,low,17.36823868751526
1,1776690126181,601.921,0.316228,0.748331,35.6146,2.501999,0.678233,0.6,1.907878,1.984943,192.6868,126.7209,94.44615,81.02971,leg_lift,leg_lift,right,low,17.36823868751526
1,1776690126181,602.021,0.34641,0.707107,30.70016,2.111871,0.663325,0.616441,1.907878,1.933908,192.9865,112.2338,94.635,78.86282,leg_lift,leg_lift,right,low,17.36823868751526
1,1776690126181,602.121,0.34641,0.6,26.41136,1.643168,0.734847,0.52915,1.68523,1.726268,192.807,97.10126,94.56138,82.5962,leg_lift,leg_lift,right,low,17.36823868751526
1,1776690126181,602.221,0.4,0.34641,105.3776,1,0.824621,0.469042,1.131371,1.356466,192.2775,86.29729,94.30558,87.89086,leg_lift,leg_lift,right,low,17.36823868751526
1,1776690126181,602.321,0.4,0.4,139.1991,0.883176,0.787401,0.424264,0.812404,1.140175,191.8238,85.31223,92.66168,90.21301,leg_lift,leg_lift,right,low,17.36823868751526
1,1776690126181,602.421,0.447214,0.374166,143.7695,0.52915,0.761577,0.469042,1.256981,1.272792,192.783,93.23154,92.78352,87.71922,leg_lift,leg_lift,right,low,17.36823868751526
1,1776690126181,602.521,0.424264,0.282843,143.6207,0.4,0.663325,0.447214,1.876166,1.428286,191.7917,105.977,93.25037,82.63171,leg_lift,leg_lift,right,low,17.36823868751526
1,1776690126181,602.621,0.34641,0.34641,144.5719,0.469042,0.678233,0.4,2.2,1.509967,191.9604,116.3595,92.97147,79.64379,leg_lift,leg_lift,right,low,17.36823868751526
1,1776690126181,602.721,0.34641,0.34641,144.5719,0.469042,0.632456,0.648074,2.412468,1.777639,191.9604,130.7431,92.97147,75.08838,leg_lift,leg_lift,right,low,17.36823868751526
1,1776690126181,602.821,0.374166,0.316228,146.7879,0.469042,0.52915,0.787401,2.428992,1.777639,192.2084,146.9178,93.26041,69.47416,leg_lift,leg_lift,right,low,17.36823868751526
1,1776690126181,602.921,0.447214,0.424264,125.1025,0.707107,0.812404,0.905538,2.441311,1.959592,192.3418,159.7107,93.93557,67.33867,leg_lift,leg_lift,right,low,17.36823868751526
1,1776690126181,603.021,0.509902,0.616441,72.59435,1.148913,1.048809,1.428286,2.310844,1.838478,191.53,165.3807,94.66132,68.73689,leg_lift,leg_lift,right,low,17.36823868751526
1,1776690126181,603.121,0.565685,0.8,58.46777,1.516575,1.140175,1.43527,1.876166,2.044505,191.5408,167.295,94.03218,72.62164,leg_lift,leg_lift,right,low,17.36823868751526
1,1776690126181,603.221,0.547723,0.87178,60.61337,1.697056,1.157584,1.456022,1.581139,2.126029,191.3437,156.9441,92.94165,80.69054,leg_lift,leg_lift,right,low,17.36823868751526
1,1776690126181,603.321,0.632456,0.848528,61.08273,1.667333,1.2,1.414214,1.232883,1.964688,192.3033,145.9145,92.02688,82.53841,leg_lift,leg_lift,right,low,17.36823868751526
1,1776690126181,603.421,0.678233,0.83666,57.70962,1.8,1.140175,1.421267,1.232883,1.870829,195.248,135.0362,90.80077,76.74891,leg_lift,leg_lift,right,low,17.36823868751526
1,1776690126181,603.521,0.69282,0.824621,51.69023,1.854724,1.140175,1.421267,1.232883,1.870829,195.777,135.0362,92.55828,76.74891,leg_lift,leg_lift,right,low,17.36823868751526
1,1776690126181,603.621,0.616441,0.774597,44.68512,1.67332,0.98995,1.371131,1.157584,1.581139,193.6376,117.4917,93.96819,77.33101,leg_lift,leg_lift,right,low,17.36823868751526
1,1776690126181,603.721,0.6,0.565685,37.8201,1.249,0.916515,0.883176,1.122497,1.568439,194.835,102.9615,94.01656,79.69715,leg_lift,leg_lift,right,low,17.36823868751526
1,1776690126181,603.821,0.509902,0.34641,32.60429,0.927362,0.774597,0.774597,0.979796,1.208305,193.152,91.92179,94.08026,83.73759,leg_lift,leg_lift,right,low,17.36823868751526
1,1776690126181,603.921,0.447214,0.34641,27.32069,0.927362,0.860233,0.761577,0.83666,1.019804,193.0545,87.79955,93.79973,87.59604,leg_lift,leg_lift,right,low,17.36823868751526
1,1776690126181,604.021,0.316228,0.4,22.44103,0.678233,0.824621,0.734847,1.649242,2.172556,193.2141,94.61184,93.82928,86.4003,leg_lift,leg_lift,right,low,17.36823868751526
1,1776690126181,604.121,0.2,0.34641,18.45644,0.34641,0.824621,0.69282,2.48596,2.634388,193.3551,107.1945,92.99026,81.9166,leg_lift,leg_lift,right,low,17.36823868751526
1,1776690126181,604.221,0.141421,0.316228,14.99133,0.469042,0.824621,0.648074,2.824889,2.742262,192.7077,116.9193,92.78249,80.11124,leg_lift,leg_lift,right,low,17.36823868751526
1,1776690126181,604.321,0.282843,0.316228,12.54592,0.616441,0.824621,0.648074,2.824889,2.742262,194.0434,116.9193,92.61378,80.11124,leg_lift,leg_lift,right,low,17.36823868751526
1,1776690126181,604.421,0.282843,0.316228,12.54592,0.616441,0.69282,0.632456,2.898275,2.687006,194.0434,147.2858,92.61378,70.59885,leg_lift,leg_lift,right,low,17.36823868751526
1,1776690126181,604.521,0.282843,0.447214,11.04083,0.6,0.565685,0.583095,2.884441,2.694439,193.9724,164.5873,93.13956,64.50542,leg_lift,leg_lift,right,low,17.36823868751526
1,1776690126181,604.621,0.282843,0.565685,12.03079,1.077033,0.860233,0.583095,2.588436,2.068816,194.034,171.8322,94.31652,65.33995,leg_lift,leg_lift,right,low,17.36823868751526
1,1776690126181,604.721,0.316228,0.69282,12.36123,1.777639,0.98995,0.938083,1.994994,1.449138,192.2309,178.0538,94.67113,67.64868,leg_lift,leg_lift,right,low,17.36823868751526
1,1776690126181,604.821,0.282843,0.948683,11.64302,2.172556,1,1.067708,1.805547,1.606238,192.2365,170.9404,93.96316,75.47072,leg_lift,leg_lift,right,low,17.36823868751526
1,1776690126181,604.921,0.678233,0.938083,10.43743,2.19089,1.019804,1.048809,1.726268,1.822087,192.0489,153.1516,92.81004,85.12408,leg_lift,leg_lift,right,low,17.36823868751526
1,1776690126181,605.021,0.734847,0.948683,8.894942,2.19545,1.086278,1.077033,1.794436,1.90263,195.5551,131.0977,92.04505,91.24841,leg_lift,leg_lift,right,low,17.36823868751526
1,1776690126181,605.121,0.734847,0.916515,7.35527,2.267157,1.140175,1.104536,1.870829,1.918333,195.2635,114.1065,93.21555,87.39297,leg_lift,leg_lift,right,low,17.36823868751526
1,1776690126181,605.221,0.761577,0.860233,5.683309,2.19545,1.140175,1.104536,1.870829,1.918333,194.7028,114.1065,94.18596,87.39297,leg_lift,leg_lift,right,low,17.36823868751526
1,1776690126181,605.321,0.787401,0.748331,4.393177,1.720465,0.969536,1.131371,1.870829,1.881489,194.7393,100.2523,95.38341,86.25005,leg_lift,leg_lift,right,low,17.36823868751526
1,1776690126181,605.421,0.824621,0.52915,178.8975,1.086278,0.905538,0.860233,1.661325,1.865476,191.6388,86.78277,96.16261,92.35294,leg_lift,leg_lift,right,low,17.36823868751526
1,1776690126181,605.521,0.812404,0.565685,188.605,1.131371,0.916515,0.565685,1.549193,1.984943,192.5054,84.76622,94.67864,96.33022,leg_lift,leg_lift,right,low,17.36823868751526
1,1776690126181,605.621,0.52915,0.583095,189.1052,1.122497,0.927362,0.565685,1.777639,2.111871,191.5521,96.29154,95.3994,89.60198,leg_lift,leg_lift,right,low,17.36823868751526
1,1776690126181,605.721,0.678233,0.6,189.5887,0.927362,0.848528,0.52915,1.788854,2.126029,191.2192,111.4767,95.86012,81.80149,leg_lift,leg_lift,right,low,17.36823868751526
1,1776690126181,605.821,0.648074,0.583095,191.0836,0.959166,0.678233,0.447214,1.788854,2.140093,189.4215,130.0908,97.66985,73.75939,leg_lift,leg_lift,right,low,17.36823868751526
1,1776690126181,605.921,0.678233,0.6,192.9949,0.98995,0.678233,0.316228,1.83303,2.289104,190.0908,144.5813,97.34113,69.55817,leg_lift,leg_lift,right,low,17.36823868751526
1,1776690126181,606.021,0.663325,0.469042,95.15345,1,0.547723,0.316228,2.12132,3.181195,188.1013,159.8579,97.6065,65.98334,leg_lift,leg_lift,right,low,17.36823868751526
1,1776690126181,606.121,0.663325,0.469042,95.15345,1,0.469042,0.34641,2.297825,3.249615,188.1013,170.2621,97.6065,67.42448,leg_lift,leg_lift,right,low,17.36823868751526
1,1776690126181,606.221,0.648074,0.469042,56.81109,0.734847,0.374166,0.4,1.913113,3.261901,187.2348,176.8233,95.09657,72.55908,leg_lift,leg_lift,right,low,17.36823868751526
1,1776690126181,606.321,0.678233,0.547723,56.26082,0.761577,0.4,0.4,1.827567,3.184337,187.3512,182.6287,94.25125,76.04684,leg_lift,leg_lift,right,low,17.36823868751526
1,1776690126181,606.421,0.547723,0.52915,57.96671,0.787401,0.469042,0.424264,1.788854,3.159114,188.0352,184.6866,94.9677,80.99342,leg_lift,leg_lift,right,low,17.36823868751526
1,1776690126181,606.521,0.583095,0.469042,55.42923,0.774597,0.424264,0.509902,1.749286,3.08545,186.7471,184.1478,95.3357,85.16812,leg_lift,leg_lift,right,low,17.36823868751526
1,1776690126181,606.621,0.616441,0.447214,49.77087,0.761577,0.469042,0.860233,1.593738,2.584569,188.329,183.158,94.50507,89.12035,leg_lift,leg_lift,right,low,17.36823868751526
1,1776690126181,606.721,0.583095,0.447214,43.05531,0.761577,0.565685,0.905538,1.048809,1.667333,188.6425,181.9058,94.68561,92.14065,leg_lift,leg_lift,right,low,17.36823868751526
1,1776690126181,606.821,0.583095,0.4,36.32933,0.632456,0.6,0.860233,0.927362,1.536229,189.424,180.9159,95.03963,94.17955,leg_lift,leg_lift,right,low,17.36823868751526
1,1776690126181,606.921,0.547723,0.244949,30.15891,0.509902,0.6,0.860233,0.927362,1.536229,189.4905,180.9159,95.58356,94.17955,leg_lift,leg_lift,right,low,17.36823868751526
1,1776690147873,611.321,0.52915,0.509902,0.282843,0.141421,0.678233,0.583095,0.489898,0.547723,190.0538,179.7095,98.09248,84.15711,leg_lift,leg_lift,right,low,15.510132551193237
1,1776690147873,611.421,0.509902,0.509902,0.244949,0,0.69282,0.469042,0.447214,0.547723,190.118,180.0316,98.06432,84.2533,leg_lift,leg_lift,right,low,15.510132551193237
1,1776690147873,611.521,0.4,0.374166,0.2,0.141421,0.707107,0.447214,0.447214,0.469042,189.5038,179.4195,98.25818,84.48771,leg_lift,leg_lift,right,low,15.510132551193237
1,1776690147873,611.621,0.316228,0.34641,0.34641,0.282843,0.69282,0.447214,0.447214,0.469042,189.7212,180.4245,97.49998,82.60868,leg_lift,leg_lift,right,low,15.510132551193237
1,1776690147873,611.721,0.282843,0.282843,0.374166,0.316228,0.734847,0.469042,0.34641,0.509902,190.4284,188.366,97.07302,77.03925,leg_lift,leg_lift,right,low,15.510132551193237
1,1776690147873,611.821,0.316228,0.316228,0.374166,0.316228,0.72111,0.616441,0.282843,0.52915,189.4115,190.6091,98.40705,77.55757,leg_lift,leg_lift,right,low,15.510132551193237
1,1776690147873,611.921,0.282843,0.244949,0.4,0.424264,0.72111,0.616441,0.282843,0.52915,188.9089,190.6091,98.27963,77.55757,leg_lift,leg_lift,right,low,15.510132551193237
1,1776690147873,612.021,0.34641,0.141421,0.469042,0.663325,0.6,0.69282,0.244949,0.509902,187.4462,191.1398,98.5685,81.18234,leg_lift,leg_lift,right,low,15.510132551193237
1,1776690147873,612.121,0.34641,0.489898,265.1843,0.87178,0.565685,0.72111,0.244949,0.547723,185.9531,189.6092,98.95081,85.15472,leg_lift,leg_lift,right,low,15.510132551193237
1,1776690147873,612.221,0.447214,0.616441,503.8047,1.148913,0.72111,0.8,0.244949,0.547723,184.639,181.3253,99.30273,90.09118,leg_lift,leg_lift,right,low,15.510132551193237
1,1776690147873,612.321,0.469042,0.663325,562.5344,1.630951,0.894427,0.8,0.244949,0.565685,184.7317,163.7886,98.42802,96.34545,leg_lift,leg_lift,right,low,15.510132551193237
1,1776690147873,612.421,0.509902,0.678233,574.4678,1.655295,0.848528,0.83666,0.34641,0.565685,185.2797,132.6373,99.03766,106.9561,leg_lift,leg_lift,right,low,15.510132551193237
1,1776690147873,612.521,0.489898,0.678233,575.3957,1.637071,1.03923,0.812404,0.374166,0.547723,184.8345,115.972,98.92516,101.5818,leg_lift,leg_lift,right,low,15.510132551193237
1,1776690147873,612.621,0.489898,0.678233,590.14,1.606238,1.067708,0.734847,0.509902,0.761577,183.3586,116.5338,98.64359,86.84436,leg_lift,leg_lift,right,low,15.510132551193237
1,1776690147873,612.721,0.547723,0.565685,598.767,1.469694,1.077033,0.69282,1.256981,1.086278,181.9111,124.0455,98.06541,73.395,leg_lift,leg_lift,right,low,15.510132551193237
1,1776690147873,612.821,0.52915,0.52915,406.0421,1.392839,0.959166,0.565685,1.679286,1.113553,183.6909,130.3264,96.85162,65.59416,leg_lift,leg_lift,right,low,15.510132551193237
1,1776690147873,612.921,0.52915,0.52915,406.0421,1.392839,0.8,0.6,1.68523,1.131371,183.6909,135.4869,96.85162,62.95227,leg_lift,leg_lift,right,low,15.510132551193237
1,1776690147873,613.021,0.509902,0.489898,282.1446,0.648074,0.812404,0.648074,1.679286,1.131371,184.3867,141.5853,97.30715,62.71299,leg_lift,leg_lift,right,low,15.510132551193237
1,1776690147873,613.121,0.583095,0.447214,248.0069,0.447214,0.648074,0.509902,1.679286,1.216552,184.4655,151.5666,98.18475,62.44185,leg_lift,leg_lift,right,low,15.510132551193237
1,1776690147873,613.221,0.52915,0.447214,256.6356,0.424264,0.547723,0.547723,1.679286,1.191638,185.8515,159.3851,98.0228,66.32264,leg_lift,leg_lift,right,low,15.510132551193237
1,1776690147873,613.321,0.52915,0.509902,261.184,0.4,0.509902,0.509902,1.208305,0.860233,187.3704,164.4899,98.0227,72.99576,leg_lift,leg_lift,right,low,15.510132551193237
1,1776690147873,613.421,0.469042,0.469042,206.1853,0.489898,0.52915,0.52915,0.707107,0.761577,188.3612,165.4672,98.00014,82.65332,leg_lift,leg_lift,right,low,15.510132551193237
1,1776690147873,613.521,0.424264,0.424264,206.2914,0.883176,0.509902,0.509902,0.374166,0.748331,188.3822,162.8536,98.61642,90.81238,leg_lift,leg_lift,right,low,15.510132551193237
1,1776690147873,613.621,0.424264,0.447214,217.2845,0.905538,0.509902,0.509902,0.374166,0.748331,188.1383,162.8536,98.26263,90.81238,leg_lift,leg_lift,right,low,15.510132551193237
1,1776690147873,613.721,0.316228,0.469042,226.5443,0.905538,0.469042,0.469042,0.52915,0.72111,188.8332,157.1798,96.43317,96.89056,leg_lift,leg_lift,right,low,15.510132551193237
1,1776690147873,613.821,0.282843,0.489898,227.2462,0.938083,0.469042,0.282843,0.489898,0.565685,191.0347,148.1629,96.03836,97.50135,leg_lift,leg_lift,right,low,15.510132551193237
1,1776690147873,613.921,0.374166,0.447214,219.0239,0.959166,0.374166,0.244949,0.648074,0.447214,190.6236,130.6327,96.35966,94.45159,leg_lift,leg_lift,right,low,15.510132551193237
1,1776690147873,614.021,0.52915,0.4,203.5537,0.938083,0.282843,0.282843,0.761577,0.4,189.9324,117.1858,96.67723,88.77725,leg_lift,leg_lift,right,low,15.510132551193237
1,1776690147873,614.121,0.565685,0.34641,181.1341,0.69282,0.316228,0.34641,0.761577,0.316228,188.0508,114.3448,96.13628,78.4697,leg_lift,leg_lift,right,low,15.510132551193237
1,1776690147873,614.221,0.547723,0.374166,161.4995,0.374166,0.316228,0.424264,1.612452,1.264911,187.77,120.4398,94.80664,68.09624,leg_lift,leg_lift,right,low,15.510132551193237
1,1776690147873,614.321,0.565685,0.34641,144.9554,0.374166,0.282843,0.447214,2.213594,1.68523,188.1429,127.6462,94.70868,61.16018,leg_lift,leg_lift,right,low,15.510132551193237
1,1776690147873,614.421,0.959166,0.509902,125.6825,0.34641,0.509902,0.509902,2.271563,1.766352,187.636,133.3876,94.45509,58.20017,leg_lift,leg_lift,right,low,15.510132551193237
1,1776690147873,614.521,0.927362,0.509902,106.6133,0.282843,0.583095,0.632456,2.240536,1.805547,187.8764,140.8321,94.95929,57.42357,leg_lift,leg_lift,right,low,15.510132551193237
1,1776690147873,614.621,0.927362,0.509902,106.6133,0.282843,0.616441,0.663325,2.186321,1.849324,187.8764,149.3925,94.95929,58.86415,leg_lift,leg_lift,right,low,15.510132551193237
1,1776690147873,614.721,0.87178,0.52915,88.75111,0.374166,0.761577,0.87178,2.19089,1.849324,188.0919,157.9117,96.18938,62.5931,leg_lift,leg_lift,right,low,15.510132551193237
1,1776690147873,614.821,0.927362,0.69282,72.38688,0.72111,1.191638,1.03923,1.838478,1.549193,188.0738,161.7993,96.48068,70.69348,leg_lift,leg_lift,right,low,15.510132551193237
1,1776690147873,614.921,0.938083,0.648074,78.167,0.848528,1.462874,1.095445,0.83666,1.048809,188.1824,161.5397,97.04996,81.62395,leg_lift,leg_lift,right,low,15.510132551193237
1,1776690147873,615.021,0.959166,0.774597,79.9865,0.87178,1.536229,1.113553,0.616441,0.787401,187.9013,158.2054,96.71363,91.98036,leg_lift,leg_lift,right,low,15.510132551193237
1,1776690147873,615.121,0.616441,0.883176,77.32968,0.905538,1.568439,1.191638,0.734847,0.707107,188.542,146.7661,95.6055,101.0509,leg_lift,leg_lift,right,low,15.510132551193237
1,1776690147873,615.221,0.648074,0.83666,72.07677,0.883176,1.574802,1.174734,0.969536,0.565685,188.9187,124.0274,94.44013,108.6439,leg_lift,leg_lift,right,low,15.510132551193237
1,1776690147873,615.321,0.663325,0.83666,66.02924,0.883176,1.574802,1.174734,0.969536,0.565685,190.2758,124.0274,94.28094,108.6439,leg_lift,leg_lift,right,low,15.510132551193237
1,1776690147873,615.421,0.52915,0.707107,59.77224,0.734847,1.555635,1.048809,1.029563,0.648074,188.6122,111.1973,95.33574,100.8378,leg_lift,leg_lift,right,low,15.510132551193237
1,1776690147873,615.521,0.648074,0.663325,53.76486,0.447214,1.280625,0.812404,1.148913,0.616441,187.6278,109.8652,95.55704,86.67135,leg_lift,leg_lift,right,low,15.510132551193237
1,1776690147873,615.621,0.6,0.616441,47.62604,0.424264,0.948683,0.707107,1.174734,0.678233,186.2459,113.8702,95.18606,72.93783,leg_lift,leg_lift,right,low,15.510132551193237
1,1776690147873,615.721,0.583095,0.316228,41.41208,0.374166,0.663325,0.678233,1.48324,0.916515,184.6498,122.5523,95.11228,63.20734,leg_lift,leg_lift,right,low,15.510132551193237
1,1776690147873,615.821,0.52915,0.447214,36.4173,0.4,0.52915,0.374166,1.649242,1.183216,185.4677,129.6738,94.91107,58.1787,leg_lift,leg_lift,right,low,15.510132551193237
1,1776690147873,615.921,0.509902,0.469042,32.0025,0.447214,0.812404,0.69282,1.536229,1.2,185.4994,137.6498,95.16286,56.50472,leg_lift,leg_lift,right,low,15.510132551193237
1,1776690147873,616.021,0.509902,0.469042,28.10943,0.469042,0.969536,0.927362,1.489967,1.216552,186.4323,143.7221,95.09946,58.43051,leg_lift,leg_lift,right,low,15.510132551193237
1,1776690147873,616.121,0.316228,0.469042,24.68603,0.469042,0.959166,0.959166,1.385641,1.32665,187.4297,151.3953,95.72372,60.71656,leg_lift,leg_lift,right,low,15.510132551193237
1,1776690147873,616.221,0.316228,0.509902,22.04813,0.6,1,1.095445,1.392839,1.311488,188.1783,158.0711,96.14175,65.09241,leg_lift,leg_lift,right,low,15.510132551193237
1,1776690147873,616.321,0.316228,0.509902,22.04813,0.6,1.03923,1.280625,1.113553,1.131371,188.1783,161.9839,96.14175,73.58266,leg_lift,leg_lift,right,low,15.510132551193237
1,1776690147873,616.421,0.316228,0.547723,23.00782,0.848528,1.341641,1.341641,0.52915,0.812404,188.136,160.1064,96.28121,86.01331,leg_lift,leg_lift,right,low,15.510132551193237
1,1776690147873,616.521,0.244949,0.547723,22.936,1.067708,1.469694,1.311488,0.6,0.860233,187.8826,153.4008,95.64909,96.47827,leg_lift,leg_lift,right,low,15.510132551193237
1,1776690147873,616.621,0.2,0.632456,21.51836,1.029563,1.449138,1.131371,0.72111,0.8,186.2466,140.3554,94.47656,106.0162,leg_lift,leg_lift,right,low,15.510132551193237
1,1776690147873,616.721,0.2,0.663325,19.68654,1.009951,1.456022,1.077033,0.787401,0.565685,188.9933,152.0206,94.2654,70.96749,leg_lift,leg_lift,right,low,15.510132551193237
1,1776690147873,616.821,0.424264,0.707107,17.66578,1,1.469694,0.98995,0.8,0.616441,188.7929,129.4901,95.63682,73.98492,leg_lift,leg_lift,right,low,15.510132551193237
1,1776690147873,616.921,0.678233,0.8,15.74039,0.927362,1.469694,0.98995,0.8,0.616441,188.1419,129.4901,96.2945,73.98492,leg_lift,leg_lift,right,low,15.510132551193237
1,1776690147873,617.021,0.707107,0.774597,39.50393,0.824621,1.456022,0.648074,0.787401,0.648074,187.1788,124.9509,96.49139,65.39373,leg_lift,leg_lift,right,low,15.510132551193237
1,1776690147873,617.121,0.734847,0.69282,123.562,0.282843,1.311488,0.447214,1.148913,1.16619,185.4377,128.8349,95.28644,57.50483,leg_lift,leg_lift,right,low,15.510132551193237
1,1776690147873,617.221,0.748331,0.632456,142.0137,0.34641,0.916515,0.374166,1.529706,1.6,185.9517,134.3689,95.80708,53.29115,leg_lift,leg_lift,right,low,15.510132551193237
1,1776690147873,617.321,0.748331,0.648074,143.7798,0.565685,0.8,0.4,1.81659,1.587451,184.2534,140.3026,96.30031,51.67124,leg_lift,leg_lift,right,low,15.510132551193237
1,1776690147873,617.421,0.648074,0.616441,143.9648,0.565685,0.8,0.489898,1.783255,1.587451,185.3967,147.5823,95.55606,51.513,leg_lift,leg_lift,right,low,15.510132551193237
1,1776690147873,617.521,0.4,0.509902,145.4164,0.565685,0.812404,0.509902,1.772004,1.587451,185.9675,155.5458,96.02978,53.65493,leg_lift,leg_lift,right,low,15.510132551193237
1,1776690147873,617.621,0.424264,0.52915,147.748,0.547723,0.748331,0.565685,1.8,1.574802,186.8903,159.7319,95.44345,60.47823,leg_lift,leg_lift,right,low,15.510132551193237
1,1776690147873,617.721,0.4,0.616441,101.1259,0.69282,0.72111,0.565685,1.876166,1.469694,187.8478,160.375,95.9873,72.17116,leg_lift,leg_lift,right,low,15.510132551193237
1,1776690147873,617.821,0.424264,1.009951,60.83864,0.812404,0.678233,0.547723,1.697056,0.883176,187.2164,156.3904,95.69573,86.35567,leg_lift,leg_lift,right,low,15.510132551193237
1,1776690147873,617.921,0.424264,1.148913,55.3413,0.72111,0.6,0.509902,1.469694,1.216552,188.485,147.8944,95.01647,97.35574,leg_lift,leg_lift,right,low,15.510132551193237
1,1776690147873,618.021,0.424264,1.148913,55.3413,0.72111,0.547723,0.447214,1.496663,1.216552,188.485,130.4872,95.01647,104.2908,leg_lift,leg_lift,right,low,15.510132551193237
1,1776690147873,618.121,0.424264,1.183216,57.81955,0.734847,0.583095,0.374166,1.536229,1.191638,189.5573,106.5672,95.57874,108.0571,leg_lift,leg_lift,right,low,15.510132551193237
1,1776690147873,618.221,0.424264,1.183216,56.93312,0.734847,0.632456,0.447214,1.509967,1.183216,187.6519,106.8605,96.80696,93.55241,leg_lift,leg_lift,right,low,15.510132551193237
1,1776690147873,618.321,0.282843,1.157584,52.52904,0.761577,0.860233,0.469042,1.421267,1.44222,187.4522,114.6456,96.25436,77.23916,leg_lift,leg_lift,right,low,15.510132551193237
1,1776690147873,618.421,0.244949,1.216552,46.47666,0.860233,0.860233,0.424264,1.827567,1.783255,186.3416,124.3651,96.2273,66.34586,leg_lift,leg_lift,right,low,15.510132551193237
1,1776690147873,618.521,0.2,1.122497,39.61792,0.678233,0.83666,0.6,1.783255,1.624808,185.4336,132.1308,96.80587,61.18776,leg_lift,leg_lift,right,low,15.510132551193237
1,1776690147873,618.621,0.2,0.707107,33.97087,0.72111,0.83666,0.6,1.783255,1.624808,185.6031,132.1308,96.43073,61.18776,leg_lift,leg_lift,right,low,15.510132551193237
1,1776690147873,618.721,0.2,0.69282,29.1012,0.761577,0.83666,0.678233,1.838478,1.624808,187.63,138.7202,94.67461,59.71608,leg_lift,leg_lift,right,low,15.510132551193237
1,1776690147873,618.821,0.2,0.648074,24.8415,0.774597,0.787401,0.678233,1.805547,1.643168,188.6718,146.0742,94.7854,59.80841,leg_lift,leg_lift,right,low,15.510132551193237
1,1776690147873,618.921,0.2,0.663325,21.14048,0.734847,0.824621,0.678233,1.811077,1.691153,189.3249,154.2469,95.31656,61.27069,leg_lift,leg_lift,right,low,15.510132551193237
1,1776690147873,619.021,0.282843,0.583095,17.65446,0.583095,0.632456,0.83666,1.783255,1.50333,189.2096,159.4797,95.96279,66.41375,leg_lift,leg_lift,right,low,15.510132551193237
1,1776690147873,619.121,0.282843,0.509902,14.36802,0.583095,0.848528,1.009951,1.28841,0.938083,189.4713,162.5686,95.98137,74.69006,leg_lift,leg_lift,right,low,15.510132551193237
1,1776690147873,619.221,0.282843,0.52915,12.08139,0.52915,0.905538,1.095445,0.894427,0.565685,189.1379,160.0731,95.91553,86.34999,leg_lift,leg_lift,right,low,15.510132551193237
1,1776690147873,619.321,0.34641,0.734847,9.960924,0.6,0.927362,1.077033,0.72111,0.565685,180.0362,152.9573,95.15828,96.15311,leg_lift,leg_lift,right,low,15.510132551193237
1,1776690147873,619.421,0.4,0.787401,8.117882,0.748331,0.938083,1.095445,0.824621,0.72111,184.9659,142.66,94.32021,102.4105,leg_lift,leg_lift,right,low,15.510132551193237
1,1776690147873,619.521,0.4,0.8,6.681317,0.787401,0.916515,1.086278,0.87178,0.616441,186.1038,119.828,95.42561,102.73,leg_lift,leg_lift,right,low,15.510132551193237
1,1776690147873,619.621,0.316228,0.774597,5.429549,0.824621,0.969536,1.03923,0.927362,0.547723,186.8608,103.8635,95.69022,98.1943,leg_lift,leg_lift,right,low,15.510132551193237
1,1776690147873,619.721,0.316228,0.774597,5.429549,0.824621,0.787401,0.83666,0.916515,0.648074,186.8608,107.1346,95.69022,83.42889,leg_lift,leg_lift,right,low,15.510132551193237
1,1776690147873,619.821,0.282843,0.812404,4.543127,0.83666,0.72111,0.72111,1.509967,1.208305,186.8516,115.7327,95.7582,71.17138,leg_lift,leg_lift,right,low,15.510132551193237
1,1776690147873,619.921,0.282843,0.787401,3.717526,0.848528,0.663325,0.648074,2.222611,1.624808,186.2881,125.4891,95.25949,62.69306,leg_lift,leg_lift,right,low,15.510132551193237
1,1776690147873,620.021,0.316228,0.509902,3.438023,0.848528,0.72111,0.848528,2.332381,1.6,186.1277,135.3143,94.66143,58.18368,leg_lift,leg_lift,right,low,15.510132551193237
1,1776690147873,620.121,0.282843,0.4,3.298485,0.761577,0.8,0.883176,2.302173,1.6,187.9404,144.7742,93.48217,55.87583,leg_lift,leg_lift,right,low,15.510132551193237
1,1776690147873,620.221,0.316228,0.34641,3.114482,0.707107,0.678233,0.979796,2.275961,1.612452,189.1489,153.7082,93.99345,56.45321,leg_lift,leg_lift,right,low,15.510132551193237
1,1776690147873,620.321,0.34641,0.316228,2.839014,0.663325,0.678233,0.979796,2.275961,1.612452,189.2664,153.7082,94.65851,56.45321,leg_lift,leg_lift,right,low,15.510132551193237
1,1776690147873,620.421,0.374166,0.316228,2.513961,0.632456,0.761577,1.03923,2.284732,1.612452,189.4398,159.6662,94.78616,61.6331,leg_lift,leg_lift,right,low,15.510132551193237
1,1776690147873,620.521,0.374166,0.447214,1.8,0.632456,0.894427,1.157584,2.04939,1.356466,189.4141,163.1049,95.4854,70.83132,leg_lift,leg_lift,right,low,15.510132551193237
1,1776690147873,620.621,0.374166,0.583095,1.549193,0.4,0.905538,1.208305,1.334166,0.616441,188.8894,161.055,95.34543,84.1993,leg_lift,leg_lift,right,low,15.510132551193237
1,1776690147873,620.721,0.282843,0.748331,1.249,0.316228,0.83666,1.104536,0.748331,0.787401,189.1185,151.6156,94.14087,97.12101,leg_lift,leg_lift,right,low,15.510132551193237
1,1776690147873,620.821,0.244949,0.761577,1.077033,0.316228,0.812404,1.048809,1.356466,0.948683,191.1012,133.3395,93.85883,107.4759,leg_lift,leg_lift,right,low,15.510132551193237
1,1776690147873,620.921,0.447214,0.824621,0.979796,0.282843,0.87178,1.009951,1.726268,0.948683,189.7734,134.4326,95.40949,79.40173,leg_lift,leg_lift,right,low,15.510132551193237
1,1776690147873,621.021,0.4,0.860233,0.812404,0.282843,0.824621,0.860233,1.772004,0.959166,188.7497,118.2697,95.90501,79.22849,leg_lift,leg_lift,right,low,15.510132551193237
1,1776690147873,621.121,0.469042,0.787401,28.52332,0.374166,0.748331,0.678233,1.8,0.979796,186.3046,118.1494,95.5218,67.52832,leg_lift,leg_lift,right,low,15.510132551193237
1,1776690147873,621.221,0.447214,0.734847,64.3506,0.374166,0.707107,0.4,1.827567,1.183216,186.2885,125.6698,96.16484,58.27349,leg_lift,leg_lift,right,low,15.510132551193237
1,1776690147873,621.321,0.509902,0.547723,70.36334,0.424264,0.734847,0.244949,2.310844,1.67332,184.704,134.5084,95.89394,53.56579,leg_lift,leg_lift,right,low,15.510132551193237
1,1776690147873,621.421,0.509902,0.547723,70.36334,0.424264,0.72111,0.469042,2.328089,1.606238,184.704,141.6358,95.89394,52.15439,leg_lift,leg_lift,right,low,15.510132551193237
1,1776690147873,621.521,0.6,0.565685,70.68324,0.469042,0.72111,0.632456,2.073644,1.6,186.985,146.1918,93.99825,54.44208,leg_lift,leg_lift,right,low,15.510132551193237
1,1776690147873,621.621,0.469042,0.509902,71.03815,0.469042,0.812404,0.734847,1.994994,1.618641,187.7488,150.9856,94.02676,58.13542,leg_lift,leg_lift,right,low,15.510132551193237
1,1776690147873,621.721,0.6,0.469042,72.01597,0.447214,0.959166,0.905538,1.989975,1.606238,188.1028,157.1689,94.99011,61.83744,leg_lift,leg_lift,right,low,15.510132551193237
1,1776690147873,621.821,0.632456,0.565685,72.41008,0.424264,0.959166,0.916515,2,1.496663,188.7731,163.6594,95.08653,66.92384,leg_lift,leg_lift,right,low,15.510132551193237
1,1776690147873,621.921,0.6,0.469042,43.94497,0.34641,0.938083,0.938083,1.549193,0.916515,189.7721,164.9019,95.53054,75.41599,leg_lift,leg_lift,right,low,15.510132551193237
1,1776690147873,622.021,0.583095,0.648074,107.1829,0.509902,0.938083,0.938083,1.549193,0.916515,188.7049,164.9019,95.78117,75.41599,leg_lift,leg_lift,right,low,15.510132551193237
1,1776690147873,622.121,0.565685,0.72111,656.7988,0.883176,0.938083,0.87178,0.812404,0.616441,189.2885,162.6696,95.39632,84.14917,leg_lift,leg_lift,right,low,15.510132551193237
1,1776690147873,622.221,0.583095,0.8,798.0421,1.067708,0.87178,0.761577,0.583095,0.938083,189.5024,151.2913,93.39192,93.73111,leg_lift,leg_lift,right,low,15.510132551193237
1,1776690147873,622.321,0.565685,0.8,832.5703,1.174734,0.72111,0.72111,0.547723,1.048809,191.3754,132.6678,93.79916,100.9271,leg_lift,leg_lift,right,low,15.510132551193237
1,1776690147873,622.421,0.547723,0.748331,838.0471,1.16619,0.509902,0.374166,0.547723,1.104536,190.9331,117.5023,94.55952,97.23119,leg_lift,leg_lift,right,low,15.510132551193237
1,1776690147873,622.521,0.547723,0.748331,838.1915,1.208305,0.489898,0.489898,0.509902,1.140175,190.5382,114.7718,94.62231,85.71276,leg_lift,leg_lift,right,low,15.510132551193237
1,1776690147873,622.621,0.52915,0.69282,839.0063,1.240967,0.447214,0.489898,0.69282,1.224745,188.3966,120.2617,94.98402,71.92906,leg_lift,leg_lift,right,low,15.510132551193237
1,1776690147873,622.721,0.469042,0.678233,610.1966,1.086278,0.489898,0.469042,1.593738,1.661325,187.7672,127.6479,94.29605,62.68229,leg_lift,leg_lift,right,low,15.510132551193237
1,1776690147873,622.821,0.447214,0.547723,334.692,0.824621,0.489898,0.547723,1.939072,2.054264,187.2466,135.4456,94.68762,56.9143,leg_lift,leg_lift,right,low,15.510132551193237
1,1776690147873,622.921,0.52915,0.565685,207.9,0.663325,0.52915,0.707107,2.167948,2.073644,187.6651,141.5319,94.66895,55.05522,leg_lift,leg_lift,right,low,15.510132551193237
1,1776690147873,623.021,0.6,0.583095,201.5664,0.648074,0.774597,0.761577,2.209072,2.014944,187.7738,147.6061,94.84576,56.33287,leg_lift,leg_lift,right,low,15.510132551193237
1,1776690147873,623.121,0.6,0.583095,201.5664,0.648074,0.72111,0.734847,2.204541,1.989975,187.7738,154.6552,94.84576,58.09917,leg_lift,leg_lift,right,low,15.510132551193237
1,1776690147873,623.221,0.72111,0.6,230.4868,0.565685,0.787401,0.905538,2.19089,2.004994,188.7978,161.2407,94.55321,61.41041,leg_lift,leg_lift,right,low,15.510132551193237
1,1776690147873,623.321,0.72111,0.565685,254.1146,0.424264,0.8,0.979796,1.805547,1.81659,189.1515,163.8052,95.1514,69.65003,leg_lift,leg_lift,right,low,15.510132551193237
1,1776690147873,623.421,0.774597,0.489898,268.9484,0.374166,0.812404,0.948683,1.414214,1.50333,189.2963,162.2437,95.61197,80.07687,leg_lift,leg_lift,right,low,15.510132551193237
1,1776690147873,623.521,0.812404,0.774597,294.7138,0.424264,0.8,0.883176,1.131371,1.208305,189.0268,156.0523,96.02614,90.71502,leg_lift,leg_lift,right,low,15.510132551193237
1,1776690147873,623.621,0.748331,0.894427,319.9695,0.489898,0.8,0.883176,1.131371,1.208305,189.0894,156.0523,94.10544,90.71502,leg_lift,leg_lift,right,low,15.510132551193237
1,1776690147873,623.721,0.616441,0.87178,306.9558,0.547723,0.69282,0.83666,1.148913,1.264911,190.4056,137.4471,93.24972,102.9326,leg_lift,leg_lift,right,low,15.510132551193237
1,1776690147873,623.821,0.447214,0.948683,284.5453,0.648074,0.616441,0.848528,1.148913,1.296148,189.5558,123.793,94.49266,94.69447,leg_lift,leg_lift,right,low,15.510132551193237
1,1776690147873,623.921,0.447214,0.938083,265.0882,0.734847,0.6,0.663325,1.131371,1.272792,188.0917,116.2287,95.56495,83.95733,leg_lift,leg_lift,right,low,15.510132551193237
1,1776690147873,624.021,0.447214,0.948683,249.1649,0.824621,0.761577,0.787401,1.113553,1.095445,187.8331,116.3312,93.91746,72.5015,leg_lift,leg_lift,right,low,15.510132551193237
1,1776690147873,624.121,0.4,0.83666,227.9302,0.812404,0.707107,0.787401,1.256981,1.272792,188.2816,123.5367,94.83908,61.47606,leg_lift,leg_lift,right,low,15.510132551193237
1,1776690147873,624.221,0.424264,0.52915,159.8621,0.812404,0.734847,0.761577,1.624808,1.766352,185.401,131.1258,95.30353,55.43869,leg_lift,leg_lift,right,low,15.510132551193237
1,1776690147873,624.321,0.424264,0.547723,152.5965,0.812404,0.707107,0.812404,1.979899,1.969772,185.4818,137.9745,95.24043,52.66908,leg_lift,leg_lift,right,low,15.510132551193237
1,1776690147873,624.421,0.4,0.4,167.792,0.734847,0.707107,0.905538,1.949359,1.949359,186.2183,143.1226,94.06084,53.31174,leg_lift,leg_lift,right,low,15.510132551193237
1,1776690147873,624.521,0.34641,0.4,175.861,0.632456,0.748331,0.905538,1.944222,1.954482,187.1207,150.0147,94.33463,53.77089,leg_lift,leg_lift,right,low,15.510132551193237
1,1776690147873,624.621,0.4,0.374166,175.0556,0.6,0.616441,0.748331,1.939072,2.019901,187.8112,158.7577,93.91111,55.50352,leg_lift,leg_lift,right,low,15.510132551193237
1,1776690147873,624.721,0.374166,0.316228,171.2787,0.447214,0.509902,0.707107,1.886796,1.881489,188.3854,161.4991,94.20109,63.8168,leg_lift,leg_lift,right,low,15.510132551193237
1,1776690147873,624.821,0.374166,0.316228,171.2787,0.447214,0.509902,0.707107,1.56205,1.4,188.3854,162.1121,94.20109,74.82256,leg_lift,leg_lift,right,low,15.510132551193237
1,1776690147873,624.921,0.316228,0.316228,159.0759,0.748331,0.509902,0.632456,0.98995,0.98995,190.2499,158.8199,93.51181,86.66837,leg_lift,leg_lift,right,low,15.510132551193237
1,1776690147873,625.021,0.316228,0.489898,388.5054,0.927362,0.509902,0.469042,1.009951,1.334166,191.5526,149.9817,94.17147,96.65177,leg_lift,leg_lift,right,low,15.510132551193237
1,1776690147873,625.121,0.316228,0.69282,468.6439,0.979796,0.469042,0.34641,1.319091,1.319091,189.491,130.1062,94.27646,105.1634,leg_lift,leg_lift,right,low,15.510132551193237
1,1776690147873,625.221,0.316228,0.748331,481.849,1.048809,0.447214,0.34641,1.48324,1.2,189.6213,152.7453,95.15129,58.39418,leg_lift,leg_lift,right,low,15.510132551193237
1,1776690147873,625.321,0.2,0.748331,479.5703,1.067708,0.447214,0.34641,1.48324,1.2,188.0612,152.7453,96.4025,58.39418,leg_lift,leg_lift,right,low,15.510132551193237
1,1776690147873,625.421,0.141421,0.774597,477.7014,1.077033,0.52915,0.34641,1.523155,1.208305,186.825,130.6507,96.89491,61.12641,leg_lift,leg_lift,right,low,15.510132551193237
1,1776690147873,625.521,0.141421,0.8,481.1847,1.03923,0.489898,0.4,1.496663,1.140175,182.2444,131.334,97.77704,52.33249,leg_lift,leg_lift,right,low,15.510132551193237
1,1776690147873,625.621,0.141421,0.824621,374.6103,0.8,0.447214,0.509902,1.732051,1.536229,180.5065,137.8135,98.34854,44.43591,leg_lift,leg_lift,right,low,15.510132551193237
1,1776690147873,625.721,0.2,0.632456,209.6721,0.812404,0.4,0.69282,1.83303,1.581139,182.0459,144.9914,98.04108,42.54707,leg_lift,leg_lift,right,low,15.510132551193237
1,1776690147873,625.821,0.2,0.583095,140.0311,0.787401,0.4,0.69282,1.702939,1.581139,183.0886,150.9912,100.1675,45.65451,leg_lift,leg_lift,right,low,15.510132551193237
1,1776690147873,625.921,0.374166,0.583095,147.5801,0.8,0.4,0.734847,1.542725,1.587451,182.3783,151.6496,102.0398,55.3674,leg_lift,leg_lift,right,low,15.510132551193237
1,1776690147873,626.021,0.374166,0.648074,171.0472,1.048809,0.316228,0.69282,1.516575,1.637071,181.2874,151.1359,99.15112,62.96406,leg_lift,leg_lift,right,low,15.510132551193237
1,1776690147873,626.121,0.374166,0.632456,186.9448,0.969536,0.509902,0.663325,1.649242,2.004994,183.4954,151.4165,96.30464,69.07472,leg_lift,leg_lift,right,low,15.510132551193237
1,1776690147873,626.221,0.424264,0.6,184.6979,1.067708,0.616441,0.616441,1.456022,1.777639,186.042,160.0875,94.01291,69.72791,leg_lift,leg_lift,right,low,15.510132551193237
1,1776690147873,626.321,0.424264,0.663325,200.8898,1.077033,0.648074,0.469042,1.095445,1.48324,188.3299,167.8315,92.49844,70.90784,leg_lift,leg_lift,right,low,15.510132551193237
1,1776690147873,626.421,0.424264,0.707107,213.1854,1.067708,0.678233,0.374166,1.303841,1.516575,190.324,172.9532,91.2114,72.577,leg_lift,leg_lift,right,low,15.510132551193237
1,1776690147873,626.521,0.424264,0.707107,213.1854,1.067708,0.648074,0.244949,1.414214,1.568439,190.324,176.2101,91.2114,73.92039,leg_lift,leg_lift,right,low,15.510132551193237
1,1776690147873,626.621,0.282843,0.707107,214.0216,1.03923,0.707107,0.316228,1.624808,1.630951,191.5515,178.3512,90.41663,75.60004,leg_lift,leg_lift,right,low,15.510132551193237
1,1776690147873,626.721,0.34641,0.616441,205.0913,0.761577,0.6,0.282843,1.587451,1.311488,192.7982,180.0464,89.43021,76.33776,leg_lift,leg_lift,right,low,15.510132551193237
1,1776690176387,639.821,0.565685,0.244949,0.141421,0.4,0.565685,0.34641,0.316228,0.2,197.5355,179.9577,85.77454,99.42422,leg_lift,leg_lift,left,low,17.45692729949951
1,1776690176387,639.921,0.565685,0.316228,0.141421,0.34641,0.547723,0.374166,0.282843,0.282843,198.42,179.5015,85.75363,100.1057,leg_lift,leg_lift,left,low,17.45692729949951
1,1776690176387,640.021,0.6,0.34641,0,0.374166,0.547723,0.4,0.316228,0.424264,195.7778,179.0843,86.58886,100.2679,leg_lift,leg_lift,left,low,17.45692729949951
1,1776690176387,640.121,0.6,0.34641,0,0.374166,0.52915,0.469042,0.469042,0.424264,195.7778,178.4049,86.58886,100.4804,leg_lift,leg_lift,left,low,17.45692729949951
1,1776690176387,640.221,0.509902,0.34641,0,0.4,0.489898,0.469042,0.469042,0.4,191.5899,178.3351,88.00803,99.70505,leg_lift,leg_lift,left,low,17.45692729949951
1,1776690176387,640.321,0.447214,0.34641,0,0.374166,0.547723,0.447214,0.52915,0.4,185.5266,178.6799,89.71178,98.50703,leg_lift,leg_lift,left,low,17.45692729949951
1,1776690176387,640.421,0.4,0.34641,316.4238,0.34641,0.547723,0.447214,0.52915,0.4,177.8774,178.6799,92.47935,98.50703,leg_lift,leg_lift,left,low,17.45692729949951
1,1776690176387,640.521,0.4,0.34641,830.9624,0.489898,0.489898,0.374166,0.547723,0.489898,163.2777,180.0916,97.78317,97.28646,leg_lift,leg_lift,left,low,17.45692729949951
1,1776690176387,640.621,0.4,0.424264,1016.525,0.678233,0.447214,0.424264,0.707107,0.447214,142.4077,180.5495,103.1063,96.48432,leg_lift,leg_lift,left,low,17.45692729949951
1,1776690176387,640.721,0.4,0.34641,1096.321,0.648074,0.848528,0.374166,0.787401,0.469042,121.5286,181.6702,103.2877,95.59931,leg_lift,leg_lift,left,low,17.45692729949951
1,1776690176387,640.821,0.4,0.374166,1139.777,0.632456,0.916515,0.374166,0.707107,0.469042,102.7701,182.5808,102.4552,94.94559,leg_lift,leg_lift,left,low,17.45692729949951
1,1776690176387,640.921,0.424264,0.374166,1144.125,0.648074,0.938083,0.34641,0.72111,0.509902,89.38307,182.981,104.3146,94.69949,leg_lift,leg_lift,left,low,17.45692729949951
1,1776690176387,641.021,0.4,0.424264,1137.776,0.812404,0.948683,0.424264,0.748331,0.52915,86.38105,182.9796,103.2295,94.75626,leg_lift,leg_lift,left,low,17.45692729949951
1,1776690176387,641.121,0.34641,0.489898,874.7522,1.131371,0.948683,0.469042,0.894427,0.52915,91.60281,183.066,100.2374,94.26394,leg_lift,leg_lift,left,low,17.45692729949951
1,1776690176387,641.221,0.4,0.489898,589.1638,1.606238,0.948683,0.4,1.048809,0.489898,99.67364,183.7021,97.25103,93.81364,leg_lift,leg_lift,left,low,17.45692729949951
1,1776690176387,641.321,0.424264,0.583095,441.0654,1.974842,0.663325,0.447214,1,0.34641,111.1123,185.2438,93.63199,93.18497,leg_lift,leg_lift,left,low,17.45692729949951
1,1776690176387,641.421,0.469042,0.565685,279.9019,2.218107,0.489898,0.447214,1.019804,0.374166,127.0149,185.5157,87.69913,93.99323,leg_lift,leg_lift,left,low,17.45692729949951
1,1776690176387,641.521,0.469042,0.616441,284.9603,2.379076,0.424264,0.469042,1.029563,0.374166,144.1753,185.5341,83.02296,95.04578,leg_lift,leg_lift,left,low,17.45692729949951
1,1776690176387,641.621,0.489898,0.648074,319.9568,2.778489,0.6,0.374166,0.969536,0.374166,155.7267,185.5762,83.59804,95.73315,leg_lift,leg_lift,left,low,17.45692729949951
1,1776690176387,641.721,0.616441,0.72111,346.4056,3.029851,0.616441,0.4,0.916515,0.34641,162.8118,184.6737,86.14258,96.47099,leg_lift,leg_lift,left,low,17.45692729949951
1,1776690176387,641.821,0.616441,0.72111,346.4056,3.029851,0.616441,0.509902,0.489898,0.4,162.8118,183.1264,86.14258,96.53215,leg_lift,leg_lift,left,low,17.45692729949951
1,1776690176387,641.921,0.663325,0.87178,514.9999,3.104835,0.583095,0.469042,0.469042,0.489898,165.0815,183.0135,89.5148,95.58214,leg_lift,leg_lift,left,low,17.45692729949951
1,1776690176387,642.021,0.616441,0.916515,649.0558,3.009984,0.6,0.424264,0.4,0.509902,153.0078,183.6413,98.81739,94.50459,leg_lift,leg_lift,left,low,17.45692729949951
1,1776690176387,642.121,0.678233,0.916515,665.3694,2.734959,0.6,0.424264,0.4,0.509902,132.4621,183.6413,102.6003,94.50459,leg_lift,leg_lift,left,low,17.45692729949951
1,1776690176387,642.221,0.663325,0.916515,651.4903,2.657066,0.6,0.424264,0.374166,0.509902,110.0509,184.808,101.9953,93.95437,leg_lift,leg_lift,left,low,17.45692729949951
1,1776690176387,642.321,0.734847,0.894427,635.5128,2.284732,0.509902,0.447214,0.374166,0.52915,94.94027,185.4131,99.06467,93.10764,leg_lift,leg_lift,left,low,17.45692729949951
1,1776690176387,642.421,0.663325,0.848528,624.6993,1.854724,0.316228,0.424264,0.374166,0.469042,81.6897,185.0072,99.07912,92.56959,leg_lift,leg_lift,left,low,17.45692729949951
1,1776690176387,642.521,0.632456,0.583095,548.9237,1.414214,0.282843,0.447214,0.374166,0.424264,78.84184,185.2478,97.98131,92.61794,leg_lift,leg_lift,left,low,17.45692729949951
1,1776690176387,642.621,0.663325,0.52915,348.5679,1.469694,0.316228,0.4,0.2,0.34641,81.71483,184.5691,97.3985,92.4462,leg_lift,leg_lift,left,low,17.45692729949951
1,1776690176387,642.721,0.616441,0.509902,277.2585,2.163331,0.282843,0.509902,0.2,0.244949,86.04059,184.7486,97.66437,91.36448,leg_lift,leg_lift,left,low,17.45692729949951
1,1776690176387,642.821,0.761577,0.489898,312.0819,2.817801,0.34641,0.565685,0.2,0.2,99.21424,184.2111,94.01963,91.83988,leg_lift,leg_lift,left,low,17.45692729949951
1,1776690176387,642.921,0.707107,0.583095,348.5669,2.935984,0.316228,0.583095,0.244949,0.244949,118.3778,185.5936,87.89211,91.66626,leg_lift,leg_lift,left,low,17.45692729949951
1,1776690176387,643.021,0.678233,0.616441,358.3904,2.976575,0.4,0.616441,0.244949,0.316228,136.9574,185.6788,83.21664,92.9436,leg_lift,leg_lift,left,low,17.45692729949951
1,1776690176387,643.121,0.678233,0.616441,341.1653,3.149603,0.469042,0.565685,0.141421,0.316228,151.2292,185.3979,83.24907,93.96995,leg_lift,leg_lift,left,low,17.45692729949951
1,1776690176387,643.221,0.648074,0.583095,311.4261,3.277194,0.469042,0.663325,0.141421,0.316228,159.458,184.6269,86.78248,94.8654,leg_lift,leg_lift,left,low,17.45692729949951
1,1776690176387,643.321,0.648074,0.6,280.3856,3.136878,0.52915,0.632456,0.282843,0.282843,161.0648,182.4986,91.58038,96.15318,leg_lift,leg_lift,left,low,17.45692729949951
1,1776690176387,643.421,0.734847,0.565685,252.0004,2.565151,0.509902,0.565685,0.316228,0.282843,145.6596,181.4731,103.1048,95.74774,leg_lift,leg_lift,left,low,17.45692729949951
1,1776690176387,643.521,0.734847,0.565685,252.0004,2.565151,0.509902,0.52915,0.282843,0.282843,145.6596,181.9407,103.1048,94.71461,leg_lift,leg_lift,left,low,17.45692729949951
1,1776690176387,643.621,0.69282,0.4,226.9324,2.297825,0.509902,0.509902,0.282843,0.244949,125.7387,183.0583,107.6866,94.2235,leg_lift,leg_lift,left,low,17.45692729949951
1,1776690176387,643.721,0.69282,0.509902,220.0639,2.231591,0.509902,0.509902,0.282843,0.244949,104.4729,183.0583,107.8384,94.2235,leg_lift,leg_lift,left,low,17.45692729949951
1,1776690176387,643.821,0.72111,0.565685,239.3027,2.039608,0.489898,0.469042,0.282843,0.282843,90.98056,183.7488,100.826,94.70702,leg_lift,leg_lift,left,low,17.45692729949951
1,1776690176387,643.921,0.72111,0.632456,261.698,1.593738,0.447214,0.244949,0.316228,0.316228,81.61164,183.5835,95.58775,94.81778,leg_lift,leg_lift,left,low,17.45692729949951
1,1776690176387,644.021,0.678233,0.6,271.5564,1.174734,0.489898,0.2,0.469042,0.34641,76.77069,183.8957,95.45792,94.00887,leg_lift,leg_lift,left,low,17.45692729949951
1,1776690176387,644.121,0.916515,0.547723,268.7056,1.303841,0.469042,0.282843,0.447214,0.374166,77.90871,183.5768,94.74284,95.24644,leg_lift,leg_lift,left,low,17.45692729949951
1,1776690176387,644.221,1.067708,0.547723,256.1163,3.052867,0.509902,0.374166,0.424264,0.4,80.35755,183.4513,96.96453,94.36007,leg_lift,leg_lift,left,low,17.45692729949951
1,1776690176387,644.321,1.113553,0.424264,237.0855,4.259108,0.509902,0.374166,0.52915,0.316228,89.48819,184.6234,96.40897,93.28958,leg_lift,leg_lift,left,low,17.45692729949951
1,1776690176387,644.421,1.086278,0.489898,214.5248,4.326662,0.489898,0.374166,0.6,0.316228,104.9357,185.6051,92.92294,93.86507,leg_lift,leg_lift,left,low,17.45692729949951
1,1776690176387,644.521,1.095445,0.509902,190.8921,4.361193,0.489898,0.4,0.583095,0.316228,125.4535,185.8081,85.85751,95.03143,leg_lift,leg_lift,left,low,17.45692729949951
1,1776690176387,644.621,1.104536,0.547723,168.3379,4.551923,0.489898,0.4,0.489898,0.244949,141.4583,184.9813,82.98121,95.98207,leg_lift,leg_lift,left,low,17.45692729949951
1,1776690176387,644.721,0.860233,0.6,148.1274,4.975942,0.734847,0.424264,0.469042,0.34641,152.8914,184.8075,82.40103,96.14962,leg_lift,leg_lift,left,low,17.45692729949951
1,1776690176387,644.821,0.565685,0.583095,130.7295,5.244044,0.761577,0.616441,0.489898,0.489898,160.6231,183.5074,84.41454,97.40299,leg_lift,leg_lift,left,low,17.45692729949951
1,1776690176387,644.921,0.678233,0.6,116.2889,4.610857,0.734847,0.707107,0.424264,0.616441,162.7487,182.3357,89.71015,97.13861,leg_lift,leg_lift,left,low,17.45692729949951
1,1776690176387,645.021,0.69282,0.663325,104.3585,4.340507,0.734847,0.72111,0.244949,0.69282,146.1369,182.2276,97.90433,96.55994,leg_lift,leg_lift,left,low,17.45692729949951
1,1776690176387,645.121,0.648074,0.663325,94.59113,4.328972,0.72111,0.72111,0.244949,0.734847,124.894,183.1098,101.613,95.70512,leg_lift,leg_lift,left,low,17.45692729949951
1,1776690176387,645.221,0.648074,0.663325,94.59113,4.328972,0.678233,0.707107,0.244949,0.774597,124.894,183.9665,101.613,95.46558,leg_lift,leg_lift,left,low,17.45692729949951
1,1776690176387,645.321,0.663325,0.6,86.66787,4.062019,0.447214,0.678233,0.141421,0.761577,104.1289,183.5221,99.88126,95.97478,leg_lift,leg_lift,left,low,17.45692729949951
1,1776690176387,645.421,0.648074,0.583095,80.09694,3.649657,0.447214,0.678233,0.141421,0.761577,93.68657,183.5221,92.44631,95.97478,leg_lift,leg_lift,left,low,17.45692729949951
1,1776690176387,645.521,0.616441,0.547723,74.40739,2.580698,0.4,0.6,0.141421,0.748331,84.24206,182.502,89.63434,95.84013,leg_lift,leg_lift,left,low,17.45692729949951
1,1776690176387,645.621,0.52915,0.52915,69.06953,1.568439,0.469042,0.4,0.141421,0.72111,81.17742,182.6124,91.77036,95.80332,leg_lift,leg_lift,left,low,17.45692729949951
1,1776690176387,645.721,0.424264,0.469042,64.42779,2.262742,0.6,0.374166,0.141421,0.632456,84.81999,182.4068,93.49518,94.23121,leg_lift,leg_lift,left,low,17.45692729949951
1,1776690176387,645.821,0.489898,0.469042,60.17857,4.993997,0.616441,0.509902,0.244949,0.565685,90.69456,184.9471,95.00437,93.34294,leg_lift,leg_lift,left,low,17.45692729949951
1,1776690176387,645.921,0.83666,0.52915,56.07798,5.538953,0.8,0.678233,0.244949,0.547723,104.9704,184.7229,91.68876,93.95571,leg_lift,leg_lift,left,low,17.45692729949951
1,1776690176387,646.021,0.916515,0.734847,51.8357,5.660389,0.774597,0.69282,0.244949,0.52915,116.9918,184.7411,90.68294,94.91632,leg_lift,leg_lift,left,low,17.45692729949951
1,1776690176387,646.121,0.927362,0.787401,48.1186,5.676267,0.812404,0.69282,0.244949,0.547723,134.8755,184.1339,85.49442,96.28101,leg_lift,leg_lift,left,low,17.45692729949951
1,1776690176387,646.221,0.905538,0.8,44.67348,5.765414,0.774597,0.69282,0.244949,0.34641,152.5865,182.6823,80.60435,97.55402,leg_lift,leg_lift,left,low,17.45692729949951
1,1776690176387,646.321,0.916515,0.774597,41.21553,6.654322,0.69282,0.678233,0.282843,0.4,164.7056,182.3594,80.43219,97.64524,leg_lift,leg_lift,left,low,17.45692729949951
1,1776690176387,646.421,0.883176,0.734847,37.63137,7.109149,0.98995,0.848528,0.244949,0.447214,169.115,181.04,85.24627,97.80907,leg_lift,leg_lift,left,low,17.45692729949951
1,1776690176387,646.521,0.632456,0.72111,34.24558,7.156815,0.959166,1.048809,0.34641,0.748331,163.9845,181.1602,93.86826,96.97468,leg_lift,leg_lift,left,low,17.45692729949951
1,1776690176387,646.621,0.583095,0.734847,31.10241,7.165194,0.948683,1.03923,0.34641,0.748331,140.2378,181.0473,104.6606,96.70311,leg_lift,leg_lift,left,low,17.45692729949951
1,1776690176387,646.721,0.761577,0.509902,27.8801,7.120393,0.927362,1.03923,0.316228,0.734847,120.7677,182.138,104.4734,95.8299,leg_lift,leg_lift,left,low,17.45692729949951
1,1776690176387,646.821,0.883176,0.489898,25.3085,7.045566,0.905538,1.03923,0.34641,0.72111,103.5549,182.8727,97.66739,96.25035,leg_lift,leg_lift,left,low,17.45692729949951
1,1776690176387,646.921,0.883176,0.489898,25.3085,7.045566,0.938083,1.029563,0.374166,0.72111,103.5549,183.0831,97.66739,96.12006,leg_lift,leg_lift,left,low,17.45692729949951
1,1776690176387,647.021,0.860233,0.52915,23.29592,6.593936,0.707107,0.969536,0.52915,0.774597,91.48515,184.1523,91.61384,94.06419,leg_lift,leg_lift,left,low,17.45692729949951
1,1776690176387,647.121,0.87178,0.565685,21.15987,4.679744,0.707107,0.969536,0.52915,0.774597,82.94755,184.1523,88.94772,94.06419,leg_lift,leg_lift,left,low,17.45692729949951
1,1776690176387,647.221,0.938083,0.734847,19.17133,3.133688,0.69282,0.565685,0.52915,0.6,78.07487,184.173,92.287,95.25681,leg_lift,leg_lift,left,low,17.45692729949951
1,1776690176387,647.321,0.894427,0.774597,17.43502,3.762978,0.648074,0.565685,0.547723,0.52915,81.69456,183.0641,92.21481,95.13007,leg_lift,leg_lift,left,low,17.45692729949951
1,1776690176387,647.421,0.948683,0.916515,15.67035,4.829079,0.72111,0.583095,0.632456,0.52915,92.56903,181.9843,89.40076,94.25463,leg_lift,leg_lift,left,low,17.45692729949951
1,1776690176387,647.521,0.848528,0.938083,13.76227,6.217717,0.748331,0.616441,0.616441,0.565685,106.6709,184.8674,87.20361,91.89475,leg_lift,leg_lift,left,low,17.45692729949951
1,1776690176387,647.621,1.086278,1.03923,11.74564,6.291264,0.734847,0.616441,0.648074,0.565685,123.5324,185.4968,81.95221,92.94042,leg_lift,leg_lift,left,low,17.45692729949951
1,1776690176387,647.721,1.148913,1.03923,304.1994,6.549809,0.707107,0.565685,0.52915,0.447214,140.5304,186.8683,78.94381,93.25923,leg_lift,leg_lift,left,low,17.45692729949951
1,1776690176387,647.821,1.122497,0.905538,363.8233,7.757577,0.616441,0.469042,0.447214,0.489898,153.5074,186.5938,79.38332,94.34519,leg_lift,leg_lift,left,low,17.45692729949951
1,1776690176387,647.921,1.113553,0.87178,375.3531,8.572048,0.616441,0.565685,0.4,0.489898,162.4999,185.0751,82.32998,95.3905,leg_lift,leg_lift,left,low,17.45692729949951
1,1776690176387,648.021,1.148913,0.632456,376.2047,8.829496,0.905538,0.905538,0.282843,0.489898,162.6532,184.0027,90.2395,95.31644,leg_lift,leg_lift,left,low,17.45692729949951
1,1776690176387,648.121,1.157584,0.663325,376.883,8.006248,0.860233,0.959166,0.282843,0.648074,146.1782,183.8508,99.55135,95.41922,leg_lift,leg_lift,left,low,17.45692729949951
1,1776690176387,648.221,1.122497,0.565685,379.5476,7.747258,0.848528,0.979796,0.244949,0.707107,125.5159,184.6401,102.6971,94.90043,leg_lift,leg_lift,left,low,17.45692729949951
1,1776690176387,648.321,0.860233,0.424264,273.648,7.638062,0.87178,1.03923,0.2,0.734847,105.9389,185.8572,98.41644,95.18349,leg_lift,leg_lift,left,low,17.45692729949951
1,1776690176387,648.421,0.83666,0.6,155.1789,6.525335,0.87178,1.019804,0.2,0.648074,96.24126,184.6742,89.43909,96.46189,leg_lift,leg_lift,left,low,17.45692729949951
1,1776690176387,648.521,0.83666,0.6,155.1789,6.525335,0.87178,1.048809,0.282843,0.69282,96.24126,184.1194,89.43909,96.06296,leg_lift,leg_lift,left,low,17.45692729949951
1,1776690176387,648.621,0.761577,0.6,118.4965,4.781213,0.6,0.848528,0.282843,0.72111,90.45795,184.1748,83.73804,95.82475,leg_lift,leg_lift,left,low,17.45692729949951
1,1776690176387,648.721,0.632456,0.6,122.9574,3.209361,0.469042,0.748331,0.316228,0.648074,85.78049,183.9994,83.27869,95.74763,leg_lift,leg_lift,left,low,17.45692729949951
1,1776690176387,648.821,0.447214,0.565685,129.9663,3.082207,0.469042,0.748331,0.316228,0.648074,89.34175,183.9994,82.19952,95.74763,leg_lift,leg_lift,left,low,17.45692729949951
1,1776690176387,648.921,0.52915,0.565685,129.5163,3.655133,0.469042,0.632456,0.34641,0.509902,93.90166,184.6009,84.05633,94.34827,leg_lift,leg_lift,left,low,17.45692729949951
1,1776690176387,649.021,0.8,0.616441,122.0271,4.084116,0.4,0.52915,0.374166,0.565685,100.961,185.196,84.35951,94.01038,leg_lift,leg_lift,left,low,17.45692729949951
1,1776690176387,649.121,0.848528,0.565685,110.0998,4.014972,0.282843,0.583095,0.4,0.509902,108.5978,185.1818,85.74832,93.93172,leg_lift,leg_lift,left,low,17.45692729949951
1,1776690176387,649.221,0.848528,0.616441,96.46357,3.901282,0.244949,0.489898,0.4,0.469042,119.3976,186.7961,85.0179,92.90032,leg_lift,leg_lift,left,low,17.45692729949951
1,1776690176387,649.321,0.848528,0.583095,83.44615,3.6,0.34641,0.244949,0.4,0.424264,132.5847,186.8771,82.37659,93.89986,leg_lift,leg_lift,left,low,17.45692729949951
1,1776690176387,649.421,0.824621,0.616441,71.19565,3.464102,0.489898,0.282843,0.424264,0.4,143.5209,187.1718,82.83277,94.21245,leg_lift,leg_lift,left,low,17.45692729949951
1,1776690176387,649.521,0.707107,0.583095,60.28665,2.842534,0.489898,0.447214,0.374166,0.374166,151.0487,186.4004,85.7313,95.0975,leg_lift,leg_lift,left,low,17.45692729949951
1,1776690176387,649.621,0.316228,0.565685,50.86708,2.572936,0.489898,0.509902,0.34641,0.374166,151.7459,185.2668,92.42236,95.72342,leg_lift,leg_lift,left,low,17.45692729949951
1,1776690176387,649.721,0.316228,0.469042,43.16364,2.541653,0.447214,0.469042,0.34641,0.489898,143.7484,184.5936,102.272,96.11116,leg_lift,leg_lift,left,low,17.45692729949951
1,1776690176387,649.821,0.374166,0.374166,37.02756,2.592296,0.469042,0.489898,0.282843,0.489898,124.4641,184.6434,106.4176,95.47964,leg_lift,leg_lift,left,low,17.45692729949951
1,1776690176387,649.921,0.424264,0.447214,32.10452,2.39583,0.489898,0.489898,0.374166,0.469042,104.5662,186.5976,105.5621,94.9071,leg_lift,leg_lift,left,low,17.45692729949951
1,1776690176387,650.021,0.447214,0.4,28.03034,2.029778,0.469042,0.509902,0.34641,0.583095,93.81755,185.7963,97.84827,95.54258,leg_lift,leg_lift,left,low,17.45692729949951
1,1776690176387,650.121,0.6,0.469042,24.57519,1.979899,0.583095,0.489898,0.447214,0.707107,88.45723,185.4859,91.43211,95.50149,leg_lift,leg_lift,left,low,17.45692729949951
1,1776690176387,650.221,0.6,0.469042,24.57519,1.979899,0.72111,0.4,0.447214,0.69282,88.45723,184.6341,91.43211,95.25208,leg_lift,leg_lift,left,low,17.45692729949951
1,1776690176387,650.321,0.632456,0.447214,21.53927,1.68523,0.748331,0.424264,0.489898,0.6,88.24129,185.7784,86.81659,94.06267,leg_lift,leg_lift,left,low,17.45692729949951
1,1776690176387,650.421,0.678233,0.4,19.04836,1.655295,0.761577,0.4,0.489898,0.616441,92.6911,186.0978,83.13703,94.1597,leg_lift,leg_lift,left,low,17.45692729949951
1,1776690176387,650.521,0.663325,0.374166,16.69491,2.2,0.761577,0.4,0.489898,0.616441,96.61163,186.0978,84.09057,94.1597,leg_lift,leg_lift,left,low,17.45692729949951
1,1776690176387,650.621,0.748331,0.4,14.37567,2.749545,0.774597,0.447214,0.663325,0.648074,101.6337,185.5265,85.72803,93.87824,leg_lift,leg_lift,left,low,17.45692729949951
1,1776690176387,650.721,0.969536,0.774597,12.05902,2.796426,0.761577,0.509902,0.663325,0.632456,108.3892,186.0123,86.95611,93.16043,leg_lift,leg_lift,left,low,17.45692729949951
1,1776690176387,650.821,0.927362,1.029563,10.30728,2.764055,0.707107,0.489898,0.6,0.447214,115.2577,186.8366,87.61354,92.61753,leg_lift,leg_lift,left,low,17.45692729949951
1,1776690176387,650.921,0.969536,1.019804,8.776104,2.664582,0.663325,0.509902,0.632456,0.469042,123.7927,187.619,88.08291,92.15231,leg_lift,leg_lift,left,low,17.45692729949951
1,1776690176387,651.021,0.948683,1.067708,7.617086,2.537715,0.6,0.447214,0.648074,0.489898,130.5724,187.9281,89.03905,92.99897,leg_lift,leg_lift,left,low,17.45692729949951
1,1776690176387,651.121,0.905538,1.067708,6.769047,2.019901,0.6,0.509902,0.632456,0.447214,136.4875,187.7661,91.21159,93.20416,leg_lift,leg_lift,left,low,17.45692729949951
1,1776690176387,651.221,0.860233,1.048809,6,1.542725,0.663325,0.547723,0.447214,0.424264,147.8867,187.7415,88.48465,93.75933,leg_lift,leg_lift,left,low,17.45692729949951
1,1776690176387,651.321,0.52915,0.894427,5.564171,2.884441,0.6,0.447214,0.424264,0.34641,159.9477,187.531,85.13173,94.4203,leg_lift,leg_lift,left,low,17.45692729949951
1,1776690176387,651.421,0.616441,0.489898,5.035872,4.108528,0.6,0.424264,0.4,0.4,166.6714,185.8373,84.72822,94.44276,leg_lift,leg_lift,left,low,17.45692729949951
1,1776690176387,651.521,0.52915,0.489898,4.779121,6.180615,0.616441,0.447214,0.374166,0.565685,170.2581,185.1952,85.16515,93.84332,leg_lift,leg_lift,left,low,17.45692729949951
1,1776690176387,651.621,0.69282,0.4,4.418144,6.690291,0.678233,0.52915,0.316228,0.547723,152.368,186.1747,89.59692,92.41673,leg_lift,leg_lift,left,low,17.45692729949951
1,1776690176387,651.721,0.69282,0.509902,4.263801,6.718631,0.663325,0.509902,0.282843,0.547723,131.4596,188.0669,84.25561,91.4618,leg_lift,leg_lift,left,low,17.45692729949951
1,1776690176387,651.821,0.69282,0.489898,4,6.70373,0.707107,0.489898,0.2,0.52915,110.4401,189.6837,82.91585,91.26208,leg_lift,leg_lift,left,low,17.45692729949951
1,1776690176387,651.921,0.69282,0.489898,4,6.70373,0.663325,0.648074,0.282843,0.616441,110.4401,188.1172,82.91585,92.31659,leg_lift,leg_lift,left,low,17.45692729949951
1,1776690176387,652.021,0.8,0.424264,3.304542,6.275349,0.774597,0.678233,0.374166,0.648074,95.90039,186.5843,84.53933,92.80862,leg_lift,leg_lift,left,low,17.45692729949951
1,1776690176387,652.121,0.678233,0.489898,2.810694,6.056402,0.774597,0.678233,0.374166,0.648074,88.93935,186.5843,87.77525,92.80862,leg_lift,leg_lift,left,low,17.45692729949951
1,1776690176387,652.221,0.734847,0.583095,2.649528,4.701064,0.83666,0.761577,0.374166,0.489898,88.6831,186.0782,90.40742,92.43546,leg_lift,leg_lift,left,low,17.45692729949951
1,1776690176387,652.321,0.707107,0.663325,2.572936,4.543127,0.824621,0.734847,0.374166,0.489898,93.30595,187.0798,92.03529,91.36121,leg_lift,leg_lift,left,low,17.45692729949951
1,1776690176387,652.421,0.948683,0.707107,2.019901,4.456456,0.761577,0.72111,0.374166,0.489898,98.17495,188.0973,94.87505,91.01684,leg_lift,leg_lift,left,low,17.45692729949951
1,1776690176387,652.521,1.240967,0.787401,1.516575,4.451966,0.761577,0.707107,0.374166,0.509902,104.6566,188.475,96.51336,90.49266,leg_lift,leg_lift,left,low,17.45692729949951
1,1776690176387,652.621,1.191638,0.883176,1.32665,4.395452,0.648074,0.547723,0.34641,0.4,110.9911,188.6485,97.91959,89.79427,leg_lift,leg_lift,left,low,17.45692729949951
1,1776690176387,652.721,1.2,0.905538,1.371131,4.230839,0.616441,0.565685,0.2,0.424264,119.2721,190.8694,97.3709,89.20702,leg_lift,leg_lift,left,low,17.45692729949951
1,1776690176387,652.821,1.216552,0.824621,1.296148,3.518523,0.424264,0.316228,0.141421,0.374166,138.2241,190.3235,89.86546,91.64619,leg_lift,leg_lift,left,low,17.45692729949951
1,1776690176387,652.921,1.157584,0.812404,1.029563,1.496663,0.374166,0.316228,0.141421,0.34641,161.2118,189.4728,82.34893,93.5671,leg_lift,leg_lift,left,low,17.45692729949951
1,1776690176387,653.021,0.979796,0.787401,0.969536,2.163331,0.424264,0.34641,0.244949,0.469042,176.7696,187.6472,80.97005,95.05279,leg_lift,leg_lift,left,low,17.45692729949951
1,1776690176387,653.121,0.69282,0.616441,0.916515,2.48998,0.748331,0.374166,0.34641,0.916515,175.5335,187.0225,86.74129,94.63,leg_lift,leg_lift,left,low,17.45692729949951
1,1776690176387,653.221,0.583095,0.583095,0.812404,3.414674,0.87178,0.489898,0.469042,1.009951,175.6284,185.8563,89.40693,94.94413,leg_lift,leg_lift,left,low,17.45692729949951
1,1776690176387,653.321,0.616441,0.469042,0.678233,5.460769,0.979796,0.565685,0.583095,1.03923,172.2002,185.3427,91.9761,93.45345,leg_lift,leg_lift,left,low,17.45692729949951
1,1776690176387,653.421,0.707107,0.509902,0.489898,5.974948,1.009951,0.616441,0.565685,1.0583,151.3934,186.58,100.4115,91.87106,leg_lift,leg_lift,left,low,17.45692729949951
1,1776690176387,653.521,0.761577,0.648074,0.469042,5.909315,1,0.616441,0.583095,1.113553,124.5002,188.0608,104.3739,90.73351,leg_lift,leg_lift,left,low,17.45692729949951
1,1776690176387,653.621,0.761577,0.648074,0.469042,5.909315,0.98995,0.678233,0.547723,1.104536,124.5002,189.1208,104.3739,90.34798,leg_lift,leg_lift,left,low,17.45692729949951
1,1776690176387,653.721,0.761577,0.648074,0.424264,5.746303,0.927362,0.787401,0.52915,0.959166,103.0516,189.552,103.3376,89.39426,leg_lift,leg_lift,left,low,17.45692729949951
1,1776690176387,653.821,0.69282,0.787401,0.374166,5.59464,0.927362,0.787401,0.52915,0.959166,92.03985,189.552,100.3557,89.39426,leg_lift,leg_lift,left,low,17.45692729949951
1,1776690176387,653.921,0.707107,0.774597,0.34641,5.455273,0.678233,0.812404,0.583095,0.860233,84.2599,190.431,100.3737,89.31721,leg_lift,leg_lift,left,low,17.45692729949951
1,1776690176387,654.021,0.707107,0.774597,0.316228,4.079216,0.583095,0.774597,0.424264,0.812404,87.57768,189.5904,98.96694,89.32488,leg_lift,leg_lift,left,low,17.45692729949951
1,1776690176387,654.121,0.565685,0.824621,0.547723,4.022437,0.489898,0.72111,0.447214,0.787401,92.91325,190.7593,98.91883,88.17494,leg_lift,leg_lift,left,low,17.45692729949951
1,1776690176387,654.221,0.547723,0.707107,0.565685,4.039802,0.469042,0.969536,0.547723,0.848528,100.2834,191.3547,98.18549,88.26118,leg_lift,leg_lift,left,low,17.45692729949951
1,1776690176387,654.321,0.663325,0.905538,0.565685,4.037326,0.632456,1.077033,0.632456,0.883176,111.6577,191.8355,95.46276,87.40488,leg_lift,leg_lift,left,low,17.45692729949951
1,1776690176387,654.421,0.69282,0.83666,0.547723,3.969887,0.678233,1,0.632456,0.812404,126.6432,192.262,90.01659,87.62615,leg_lift,leg_lift,left,low,17.45692729949951
1,1776690176387,654.521,0.69282,0.774597,0.616441,3.8,0.69282,0.916515,0.52915,0.787401,137.2363,192.4297,89.28786,88.02186,leg_lift,leg_lift,left,low,17.45692729949951
1,1776690176387,654.621,0.648074,0.761577,0.6,3.48425,0.678233,0.98995,0.565685,0.734847,151.555,192.6833,86.52713,88.80309,leg_lift,leg_lift,left,low,17.45692729949951
1,1776690176387,654.721,0.616441,0.678233,0.489898,1.907878,0.860233,1.224745,0.734847,0.824621,167.0235,192.1761,83.85669,89.66479,leg_lift,leg_lift,left,low,17.45692729949951
1,1776690176387,654.821,0.632456,0.678233,0.489898,2.35372,1.067708,1.319091,1.009951,1.378405,172.9675,190.8722,85.85649,90.19368,leg_lift,leg_lift,left,low,17.45692729949951
1,1776690176387,654.921,0.678233,0.447214,0.547723,3.069202,1.131371,1.216552,1.334166,1.777639,165.8362,188.785,96.02024,90.39405,leg_lift,leg_lift,left,low,17.45692729949951
1,1776690176387,655.021,0.632456,0.244949,0.616441,3.268027,1.183216,1.174734,1.349074,1.772004,143.5423,188.6481,105.7052,90.27615,leg_lift,leg_lift,left,low,17.45692729949951
1,1776690176387,655.121,0.632456,0.316228,0.616441,3.289377,1.183216,1.2,1.363818,1.822087,120.7797,188.837,104.5227,90.18343,leg_lift,leg_lift,left,low,17.45692729949951
1,1776690176387,655.221,0.678233,0.374166,0.69282,3.301515,1.216552,1.264911,1.356466,1.913113,104.4236,190.7867,97.67861,89.69509,leg_lift,leg_lift,left,low,17.45692729949951
1,1776690176387,655.321,0.678233,0.374166,0.69282,3.301515,1.208305,1.208305,1.264911,1.964688,104.4236,191.7443,97.67861,89.33025,leg_lift,leg_lift,left,low,17.45692729949951
1,1776690176387,655.421,0.72111,0.374166,0.707107,3.039737,1.03923,1.03923,1.16619,1.67332,84.26731,190.2531,98.85337,91.08656,leg_lift,leg_lift,left,low,17.45692729949951
1,1776690176387,655.521,0.663325,0.4,0.648074,3.009984,1.03923,1.03923,1.16619,1.67332,78.40224,190.2531,102.4194,91.08656,leg_lift,leg_lift,left,low,17.45692729949951
1,1776690176387,655.621,0.959166,0.547723,0.83666,5.242137,0.87178,0.894427,0.374166,1.019804,89.98997,189.3548,96.86791,88.55553,leg_lift,leg_lift,left,low,17.45692729949951
1,1776690176387,655.721,1.240967,0.648074,1.104536,5.585696,0.734847,0.905538,0.34641,0.969536,104.0377,191.5148,89.35835,86.70288,leg_lift,leg_lift,left,low,17.45692729949951
1,1776690176387,655.821,1.240967,0.69282,1.174734,5.571355,0.69282,0.87178,0.424264,0.916515,118.1782,191.7308,83.56486,87.14812,leg_lift,leg_lift,left,low,17.45692729949951
1,1776690176387,655.921,1.240967,0.72111,1.157584,5.614267,0.678233,0.761577,0.4,0.648074,129.8161,192.4955,81.22123,87.78828,leg_lift,leg_lift,left,low,17.45692729949951
1,1776690176387,656.021,1.264911,0.72111,1.104536,5.665686,0.489898,0.632456,0.424264,0.424264,139.7359,191.2796,79.57362,89.65859,leg_lift,leg_lift,left,low,17.45692729949951
1,1776690176387,656.121,1.264911,0.8,1.104536,5.621388,0.424264,0.489898,0.424264,0.489898,157.2838,190.0937,71.9878,90.87711,leg_lift,leg_lift,left,low,17.45692729949951
1,1776690176387,656.221,1.113553,0.707107,1.077033,3.671512,0.489898,0.469042,0.447214,0.648074,167.5827,189.9228,72.57066,90.06496,leg_lift,leg_lift,left,low,17.45692729949951
1,1776690176387,656.321,0.707107,0.632456,0.663325,3.03315,0.509902,0.52915,0.447214,0.632456,175.5719,187.7703,74.58996,91.41814,leg_lift,leg_lift,left,low,17.45692729949951
1,1776690176387,656.421,0.547723,0.6,0.509902,3.630427,0.489898,0.509902,0.447214,0.632456,181.842,187.6235,76.02946,90.68012,leg_lift,leg_lift,left,low,17.45692729949951
1,1776690176387,656.521,0.489898,0.52915,0.583095,3.815757,0.583095,0.489898,0.244949,0.616441,184.6048,187.2597,78.91129,90.14876,leg_lift,leg_lift,left,low,17.45692729949951
1,1776690176387,656.621,0.374166,0.52915,0.52915,3.776242,0.6,0.547723,0.34641,0.648074,186.2238,188.1738,80.98845,88.54778,leg_lift,leg_lift,left,low,17.45692729949951
1,1776690176387,656.721,0.316228,0.4,0.52915,3.725587,0.916515,0.489898,0.316228,0.707107,186.9931,188.4015,82.30689,88.14872,leg_lift,leg_lift,left,low,17.45692729949951
1,1776690176387,656.821,0.34641,0.4,0.52915,3.704052,0.979796,0.489898,0.316228,0.6,187.2914,188.9387,83.58578,87.44035,leg_lift,leg_lift,left,low,17.45692729949951
1,1776690176387,656.921,0.282843,0.424264,0.509902,2.884441,0.98995,0.4,0.282843,0.6,186.6988,189.0167,84.882,87.4161,leg_lift,leg_lift,left,low,17.45692729949951
1,1776690176387,657.021,0.282843,0.424264,0.509902,2.884441,0.948683,0.34641,0.316228,0.565685,186.6988,189.3512,84.882,87.41796,leg_lift,leg_lift,left,low,17.45692729949951
1,1776690176387,657.121,0.374166,0.34641,0.374166,1.726268,0.894427,0.4,0.374166,0.52915,185.8777,189.5529,85.86948,87.32034,leg_lift,leg_lift,left,low,17.45692729949951
1,1776690198377,661.821,0.748331,0.34641,0.447214,0.509902,0.282843,0.583095,0.4,0.72111,189.6615,176.4697,93.39163,97.98682,leg_lift,leg_lift,left,low,16.703201293945312
1,1776690198377,661.921,0.72111,0.316228,0.469042,0.469042,0.244949,0.565685,0.509902,0.632456,189.7167,178.6426,92.62302,96.94595,leg_lift,leg_lift,left,low,16.703201293945312
1,1776690198377,662.021,0.648074,0.316228,0.469042,0.469042,0.34641,0.565685,0.583095,0.6,190.5261,179.9535,91.07346,96.8638,leg_lift,leg_lift,left,low,16.703201293945312
1,1776690198377,662.121,0.648074,0.316228,0.469042,0.469042,0.424264,0.282843,0.583095,0.469042,190.5261,181.6218,91.07346,96.01762,leg_lift,leg_lift,left,low,16.703201293945312
1,1776690198377,662.221,0.663325,0.34641,0.447214,0.4,0.424264,0.282843,0.583095,0.469042,193.9163,181.6218,86.94578,96.01762,leg_lift,leg_lift,left,low,16.703201293945312
1,1776690198377,662.321,0.616441,0.282843,0.447214,0.447214,0.447214,0.282843,0.583095,0.565685,201.8818,182.3838,81.9173,96.14754,leg_lift,leg_lift,left,low,16.703201293945312
1,1776690198377,662.421,0.565685,0.374166,0.447214,0.34641,0.424264,0.282843,0.547723,0.565685,201.256,182.4634,84.03716,96.85033,leg_lift,leg_lift,left,low,16.703201293945312
1,1776690198377,662.521,0.4,0.374166,0.34641,0.489898,0.424264,0.244949,0.509902,0.663325,200.257,183.0358,89.09218,96.38802,leg_lift,leg_lift,left,low,16.703201293945312
1,1776690198377,662.621,0.447214,0.424264,0.244949,0.489898,0.424264,0.316228,0.447214,0.678233,194.5782,182.5657,95.8104,97.52569,leg_lift,leg_lift,left,low,16.703201293945312
1,1776690198377,662.721,0.447214,0.424264,0.2,0.52915,0.34641,0.4,0.244949,0.824621,183.2519,180.8281,103.4401,97.75346,leg_lift,leg_lift,left,low,16.703201293945312
1,1776690198377,662.821,0.447214,0.424264,0.2,0.6,0.244949,0.583095,0.2,0.860233,153.9995,180.6962,114.6512,97.52106,leg_lift,leg_lift,left,low,16.703201293945312
1,1776690198377,662.921,0.4,0.4,0,0.678233,0.282843,0.616441,0.316228,0.979796,114.3284,181.8321,123.8896,97.58422,leg_lift,leg_lift,left,low,16.703201293945312
1,1776690198377,663.021,0.4,0.565685,0.141421,0.69282,0.282843,0.632456,0.374166,0.979796,107.6802,181.3244,108.4527,97.24891,leg_lift,leg_lift,left,low,16.703201293945312
1,1776690198377,663.121,0.52915,1,0.141421,0.678233,0.34641,0.678233,0.424264,1,114.7814,180.6567,88.85461,97.06264,leg_lift,leg_lift,left,low,16.703201293945312
1,1776690198377,663.221,1.104536,1.131371,0.2,1.630951,0.489898,0.648074,0.509902,1.019804,123.3259,181.2661,76.09652,95.67822,leg_lift,leg_lift,left,low,16.703201293945312
1,1776690198377,663.321,1.095445,1.174734,0.2,2.742262,0.52915,0.663325,0.52915,1.029563,133.0904,181.3542,66.83822,94.98213,leg_lift,leg_lift,left,low,16.703201293945312
1,1776690198377,663.421,1.077033,1.371131,0.2,3.304542,0.547723,0.469042,0.52915,0.98995,138.5933,182.4259,64.84447,94.13561,leg_lift,leg_lift,left,low,16.703201293945312
1,1776690198377,663.521,1.067708,1.378405,0.2,3.379349,0.52915,0.447214,0.447214,0.927362,140.4119,183.0079,68.53393,93.32648,leg_lift,leg_lift,left,low,16.703201293945312
1,1776690198377,663.621,1.208305,1.319091,0.141421,3.426368,0.489898,0.374166,0.424264,0.83666,144.0779,184.9717,70.06229,92.46922,leg_lift,leg_lift,left,low,16.703201293945312
1,1776690198377,663.721,1.232883,1.113553,0.141421,3.478505,0.447214,0.34641,0.424264,0.748331,157.616,186.9154,66.44659,92.18884,leg_lift,leg_lift,left,low,16.703201293945312
1,1776690198377,663.821,1.232883,1.113553,0.141421,3.478505,0.447214,0.316228,0.4,0.72111,157.616,186.6521,66.44659,93.24696,leg_lift,leg_lift,left,low,16.703201293945312
1,1776690198377,663.921,0.72111,0.948683,0.282843,3.355592,0.447214,0.316228,0.4,0.72111,168.6739,186.6521,67.36206,93.24696,leg_lift,leg_lift,left,low,16.703201293945312
1,1776690198377,664.021,0.69282,0.905538,0.316228,2.949576,0.244949,0.34641,0.316228,0.6,177.3205,187.0854,72.01176,93.42004,leg_lift,leg_lift,left,low,16.703201293945312
1,1776690198377,664.121,0.707107,0.6,0.34641,2.244994,0.282843,0.282843,0.316228,0.648074,180.7669,187.9672,80.83556,95.10832,leg_lift,leg_lift,left,low,16.703201293945312
1,1776690198377,664.221,0.748331,0.632456,0.424264,2.004994,0.34641,0.4,0.34641,0.648074,181.0445,186.8257,89.13223,95.34862,leg_lift,leg_lift,left,low,16.703201293945312
1,1776690198377,664.321,0.648074,0.648074,0.489898,2.218107,0.6,0.489898,0.374166,0.69282,178.4572,185.6424,94.10086,96.9069,leg_lift,leg_lift,left,low,16.703201293945312
1,1776690198377,664.421,0.424264,0.583095,0.52915,2.258318,0.663325,0.547723,0.374166,0.748331,171.1516,184.1281,96.94096,96.87527,leg_lift,leg_lift,left,low,16.703201293945312
1,1776690198377,664.521,0.374166,0.6,0.469042,2.227106,0.69282,0.547723,0.374166,0.734847,145.895,184.6413,105.3743,95.37762,leg_lift,leg_lift,left,low,16.703201293945312
1,1776690198377,664.621,0.374166,0.707107,0.447214,1.805547,0.707107,0.52915,0.374166,0.748331,124.57,185.2201,102.2226,95.66806,leg_lift,leg_lift,left,low,16.703201293945312
1,1776690198377,664.721,0.489898,0.69282,0.424264,1.624808,0.748331,0.509902,0.374166,0.72111,120.4167,183.6588,88.89476,96.04382,leg_lift,leg_lift,left,low,16.703201293945312
1,1776690198377,664.821,0.447214,0.632456,0.34641,1.979899,0.774597,0.509902,0.34641,0.707107,126.1447,182.0314,74.61736,95.78096,leg_lift,leg_lift,left,low,16.703201293945312
1,1776690198377,664.921,0.424264,0.678233,0.34641,2.925748,0.6,0.52915,0.374166,0.648074,131.9287,181.8366,65.78854,94.63079,leg_lift,leg_lift,left,low,16.703201293945312
1,1776690198377,665.021,0.469042,0.774597,0.316228,3.4,0.52915,0.424264,0.316228,0.6,137.8199,183.2196,60.61225,94.30607,leg_lift,leg_lift,left,low,16.703201293945312
1,1776690198377,665.121,0.52915,0.8,0.316228,3.316625,0.489898,0.489898,0.489898,0.787401,143.9872,182.8986,58.46711,94.75562,leg_lift,leg_lift,left,low,16.703201293945312
1,1776690198377,665.221,0.52915,0.678233,0.282843,3.322649,0.489898,0.616441,0.447214,0.774597,149.5492,183.2718,58.80409,94.09475,leg_lift,leg_lift,left,low,16.703201293945312
1,1776690198377,665.321,0.447214,0.774597,0.34641,3.316625,0.469042,0.616441,0.447214,0.707107,157.5054,184.6372,58.99836,92.94408,leg_lift,leg_lift,left,low,16.703201293945312
1,1776690198377,665.421,0.469042,0.774597,0.34641,3.261901,0.547723,0.648074,0.489898,0.69282,165.5264,185.7096,60.96039,92.76898,leg_lift,leg_lift,left,low,16.703201293945312
1,1776690198377,665.521,0.469042,0.774597,0.34641,3.261901,0.547723,0.648074,0.489898,0.69282,165.5264,185.7096,60.96039,92.76898,leg_lift,leg_lift,left,low,16.703201293945312
1,1776690198377,665.621,0.424264,0.734847,0.374166,2.660827,0.583095,0.583095,0.509902,0.648074,171.8101,186.6641,66.34171,93.15051,leg_lift,leg_lift,left,low,16.703201293945312
1,1776690198377,665.721,0.374166,0.648074,0.316228,1.148913,0.979796,0.632456,0.547723,0.787401,176.3937,187.0311,73.88784,93.939,leg_lift,leg_lift,left,low,16.703201293945312
1,1776690198377,665.821,0.4,0.678233,0.316228,1.385641,1.148913,0.616441,0.547723,0.616441,176.0895,185.7021,83.93626,95.50667,leg_lift,leg_lift,left,low,16.703201293945312
1,1776690198377,665.921,0.469042,0.6,0.424264,1.679286,1.264911,0.583095,0.583095,0.69282,167.1048,184.5912,95.39413,95.94193,leg_lift,leg_lift,left,low,16.703201293945312
1,1776690198377,666.021,0.469042,0.447214,0.4,1.8,1.4,0.565685,0.648074,0.761577,138.6464,183.8767,110.1388,96.186,leg_lift,leg_lift,left,low,16.703201293945312
1,1776690198377,666.121,0.509902,0.424264,0.447214,1.766352,1.356466,0.52915,0.663325,0.761577,103.0113,184.3914,120.3662,95.7504,leg_lift,leg_lift,left,low,16.703201293945312
1,1776690198377,666.221,0.509902,0.761577,0.424264,1.624808,1.414214,0.52915,0.663325,0.927362,95.89536,184.4678,105.6844,95.4714,leg_lift,leg_lift,left,low,16.703201293945312
1,1776690198377,666.321,0.509902,0.787401,0.374166,1.783255,1.280625,0.616441,0.69282,0.8,101.3684,183.2147,88.48163,95.6336,leg_lift,leg_lift,left,low,16.703201293945312
1,1776690198377,666.421,0.469042,0.787401,0.374166,2.622975,1.43527,0.8,0.632456,0.860233,111.6639,181.8533,75.30562,95.77934,leg_lift,leg_lift,left,low,16.703201293945312
1,1776690198377,666.521,0.648074,0.812404,0.244949,5.280151,1.385641,0.87178,0.565685,0.860233,124.0595,182.3668,68.00958,93.90681,leg_lift,leg_lift,left,low,16.703201293945312
1,1776690198377,666.621,0.774597,1.086278,0.282843,5.854912,1.232883,0.824621,0.469042,0.761577,132.4211,184.5518,64.9883,93.25337,leg_lift,leg_lift,left,low,16.703201293945312
1,1776690198377,666.721,0.707107,1.272792,0.244949,5.871967,1.2,0.824621,0.447214,0.761577,141.9305,185.0061,62.64885,93.36727,leg_lift,leg_lift,left,low,16.703201293945312
1,1776690198377,666.821,0.734847,1.296148,0.141421,5.871967,1.122497,0.824621,0.424264,0.547723,150.9917,185.4167,62.96775,93.04382,leg_lift,leg_lift,left,low,16.703201293945312
1,1776690198377,666.921,0.761577,1.303841,0.141421,6.133514,1.104536,0.824621,0.282843,0.565685,160.7939,186.1314,64.03011,93.37067,leg_lift,leg_lift,left,low,16.703201293945312
1,1776690198377,667.021,0.824621,1.272792,0.282843,6.437391,0.583095,0.648074,0.244949,0.616441,170.7778,186.2587,66.57794,94.15899,leg_lift,leg_lift,left,low,16.703201293945312
1,1776690198377,667.121,0.632456,1.272792,0.282843,5.388877,0.509902,0.509902,0.244949,0.678233,178.0458,186.507,72.27283,94.45738,leg_lift,leg_lift,left,low,16.703201293945312
1,1776690198377,667.221,0.632456,1.272792,0.282843,5.388877,0.509902,0.509902,0.244949,0.678233,178.0458,186.507,72.27283,94.45738,leg_lift,leg_lift,left,low,16.703201293945312
1,1776690198377,667.321,0.6,1.113553,0.244949,4.192851,0.6,0.509902,0.282843,0.69282,178.1568,185.8496,81.23471,95.21008,leg_lift,leg_lift,left,low,16.703201293945312
1,1776690198377,667.421,0.616441,0.98995,0.244949,4.363485,0.927362,0.648074,0.244949,0.663325,173.0316,184.8451,90.55507,95.21501,leg_lift,leg_lift,left,low,16.703201293945312
1,1776690198377,667.521,0.583095,0.663325,0.244949,4.422669,1.113553,0.72111,0.316228,0.774597,158.5394,183.9063,98.89768,94.67873,leg_lift,leg_lift,left,low,16.703201293945312
1,1776690198377,667.621,0.6,0.447214,0.244949,4.190465,1.174734,0.616441,0.374166,0.812404,127.8595,186.7681,110.6691,92.12806,leg_lift,leg_lift,left,low,16.703201293945312
1,1776690198377,667.721,0.52915,0.6,0.2,3.34664,1.191638,0.616441,0.424264,0.774597,100.5885,186.967,111.9945,92.72812,leg_lift,leg_lift,left,low,16.703201293945312
1,1776690198377,667.821,0.489898,0.678233,0.2,2.641969,1.157584,0.632456,0.469042,0.678233,99.3745,186.3546,95.2751,93.16637,leg_lift,leg_lift,left,low,16.703201293945312
1,1776690198377,667.921,0.509902,0.72111,0.244949,2.424871,1.174734,0.616441,0.583095,0.616441,102.8254,184.6339,81.82674,92.37262,leg_lift,leg_lift,left,low,16.703201293945312
1,1776690198377,668.021,0.424264,0.774597,0.316228,3.065942,1.113553,0.648074,0.565685,0.678233,115.3981,184.4777,69.90772,91.57826,leg_lift,leg_lift,left,low,16.703201293945312
1,1776690198377,668.121,0.447214,0.774597,0.34641,4.451966,0.98995,0.565685,0.509902,0.583095,124.9028,185.8547,65.08527,90.37965,leg_lift,leg_lift,left,low,16.703201293945312
1,1776690198377,668.221,0.6,0.948683,0.34641,4.610857,0.905538,0.547723,0.489898,0.509902,133.8624,186.1344,62.44198,90.7354,leg_lift,leg_lift,left,low,16.703201293945312
1,1776690198377,668.321,0.894427,1.2,0.282843,4.638966,0.87178,0.52915,0.489898,0.509902,139.2349,186.8624,64.1093,90.18855,leg_lift,leg_lift,left,low,16.703201293945312
1,1776690198377,668.421,1.03923,1.157584,0.374166,4.573839,0.905538,0.616441,0.509902,0.583095,147.4078,187.8874,64.44726,90.01167,leg_lift,leg_lift,left,low,16.703201293945312
1,1776690198377,668.521,1.086278,1.183216,0.469042,4.745524,0.761577,0.663325,0.424264,0.748331,162.8992,187.7748,61.4198,91.22913,leg_lift,leg_lift,left,low,16.703201293945312
1,1776690198377,668.621,1.048809,1.131371,0.489898,4.849742,0.663325,0.52915,0.374166,1.019804,174.5385,188.1504,64.22798,91.67408,leg_lift,leg_lift,left,low,16.703201293945312
1,1776690198377,668.721,1.048809,1.131371,0.509902,3.4322,0.787401,0.547723,0.374166,1.131371,181.7256,187.4929,71.04181,92.69853,leg_lift,leg_lift,left,low,16.703201293945312
1,1776690198377,668.821,1.019804,1.067708,0.6,3.221801,1.019804,0.583095,0.374166,1.191638,178.858,186.0482,82.27803,93.35268,leg_lift,leg_lift,left,low,16.703201293945312
1,1776690198377,668.921,1.019804,1.067708,0.6,3.221801,1.019804,0.583095,0.374166,1.191638,178.858,186.0482,82.27803,93.35268,leg_lift,leg_lift,left,low,16.703201293945312
1,1776690198377,669.021,0.748331,0.632456,0.6,3.426368,1.131371,0.632456,0.34641,1.2,169.4632,185.1241,91.74569,93.48155,leg_lift,leg_lift,left,low,16.703201293945312
1,1776690198377,669.121,0.583095,0.489898,0.583095,3.532704,1.113553,0.52915,0.316228,1.157584,150.9286,185.2964,97.33207,93.59538,leg_lift,leg_lift,left,low,16.703201293945312
1,1776690198377,669.221,0.4,0.316228,0.447214,3.206244,1.113553,0.489898,0.4,1.067708,124.6274,185.8327,102.149,92.4986,leg_lift,leg_lift,left,low,16.703201293945312
1,1776690198377,669.321,0.4,0.374166,0.447214,2.383275,1.104536,0.509902,0.509902,1.0583,111.2239,186.3909,92.09493,92.23063,leg_lift,leg_lift,left,low,16.703201293945312
1,1776690198377,669.421,0.469042,0.424264,0.316228,2.271563,1.019804,0.632456,0.509902,0.734847,110.4699,186.281,78.2283,92.87825,leg_lift,leg_lift,left,low,16.703201293945312
1,1776690198377,669.521,0.489898,0.52915,0.244949,2.39583,0.87178,0.6,0.565685,0.69282,116.4581,184.3909,68.23947,92.09433,leg_lift,leg_lift,left,low,16.703201293945312
1,1776690198377,669.621,0.489898,0.547723,0.34641,3.818377,0.663325,0.648074,0.583095,0.707107,124.0101,185.9457,62.96499,89.66785,leg_lift,leg_lift,left,low,16.703201293945312
1,1776690198377,669.721,0.774597,0.87178,0.4,4.808326,0.787401,0.678233,0.547723,0.707107,128.5223,187.2124,62.24721,88.37289,leg_lift,leg_lift,left,low,16.703201293945312
1,1776690198377,669.821,0.824621,0.948683,0.447214,4.864155,0.883176,0.678233,0.489898,0.72111,136.7263,189.3818,61.87469,86.74203,leg_lift,leg_lift,left,low,16.703201293945312
1,1776690198377,669.921,0.979796,1.009951,0.447214,4.880574,0.905538,0.632456,0.316228,0.663325,148.2692,190.6315,60.11069,87.1385,leg_lift,leg_lift,left,low,16.703201293945312
1,1776690198377,670.021,1,0.98995,0.447214,4.911212,0.927362,0.52915,0.282843,0.648074,163.1714,191.3221,57.91372,87.67883,leg_lift,leg_lift,left,low,16.703201293945312
1,1776690198377,670.121,0.979796,0.927362,0.489898,4.905099,1.019804,0.616441,0.4,0.663325,176.7638,191.4478,58.61057,88.3517,leg_lift,leg_lift,left,low,16.703201293945312
1,1776690198377,670.221,1.029563,0.927362,0.6,4.027406,1.095445,0.632456,0.509902,0.632456,186.3069,191.7604,63.73198,88.98091,leg_lift,leg_lift,left,low,16.703201293945312
1,1776690198377,670.321,0.948683,0.748331,0.52915,2.073644,1.148913,0.648074,0.583095,0.632456,184.0543,190.4422,74.369,90.34612,leg_lift,leg_lift,left,low,16.703201293945312
1,1776690198377,670.421,0.83666,0.6,0.565685,2.824889,1.272792,0.69282,0.707107,0.774597,177.7652,188.3026,83.65948,90.47009,leg_lift,leg_lift,left,low,16.703201293945312
1,1776690198377,670.521,0.761577,0.489898,0.52915,3.159114,1.319091,0.72111,0.72111,0.905538,167.3685,188.5412,89.83519,89.50071,leg_lift,leg_lift,left,low,16.703201293945312
1,1776690198377,670.621,0.761577,0.489898,0.52915,3.159114,1.319091,0.72111,0.72111,0.905538,167.3685,188.5412,89.83519,89.50071,leg_lift,leg_lift,left,low,16.703201293945312
1,1776690198377,670.721,0.6,0.469042,0.547723,3.140064,1.28841,0.678233,0.734847,0.824621,146.9439,190.1347,92.62397,89.34676,leg_lift,leg_lift,left,low,16.703201293945312
1,1776690198377,670.821,0.616441,0.52915,0.509902,2.949576,1.148913,0.616441,0.812404,0.83666,127.2648,189.7634,88.76868,90.2851,leg_lift,leg_lift,left,low,16.703201293945312
1,1776690198377,670.921,0.447214,0.509902,0.489898,3.013304,1.029563,0.489898,0.648074,0.787401,122.1907,188.4008,77.51724,90.33873,leg_lift,leg_lift,left,low,16.703201293945312
1,1776690198377,671.021,0.489898,0.447214,0.316228,3.249615,1.216552,0.374166,0.648074,0.848528,122.3894,188.5269,66.5799,89.7782,leg_lift,leg_lift,left,low,16.703201293945312
1,1776690198377,671.121,0.447214,0.447214,0.447214,4.621688,1.131371,0.4,0.707107,1.029563,128.0468,187.7671,58.3455,89.90826,leg_lift,leg_lift,left,low,16.703201293945312
1,1776690198377,671.221,0.547723,0.787401,0.52915,5.605355,0.969536,0.447214,0.72111,0.812404,132.2849,187.8541,54.52511,89.02797,leg_lift,leg_lift,left,low,16.703201293945312
1,1776690198377,671.321,0.583095,1.113553,0.509902,5.693856,0.959166,0.469042,0.72111,0.860233,140.1116,188.079,52.50485,88.68115,leg_lift,leg_lift,left,low,16.703201293945312
1,1776690198377,671.421,0.648074,1.2,0.509902,5.711392,0.959166,0.489898,0.616441,0.824621,146.9003,189.5392,53.92144,87.82925,leg_lift,leg_lift,left,low,16.703201293945312
1,1776690198377,671.521,0.663325,1.249,0.52915,5.991661,1.009951,0.565685,0.678233,0.894427,152.7523,189.9413,57.13943,88.00309,leg_lift,leg_lift,left,low,16.703201293945312
1,1776690198377,671.621,0.707107,1.240967,0.6,6.216108,0.98995,0.616441,0.678233,0.916515,159.7711,190.0158,60.4535,88.39131,leg_lift,leg_lift,left,low,16.703201293945312
1,1776690198377,671.721,0.69282,1.240967,0.565685,5.663921,0.848528,0.616441,0.52915,0.547723,166.6316,190.0659,65.60229,88.78132,leg_lift,leg_lift,left,low,16.703201293945312
1,1776690198377,671.821,0.8,1.104536,0.374166,4.079216,0.812404,0.565685,0.4,0.547723,170.6643,190.1917,73.80492,89.978,leg_lift,leg_lift,left,low,16.703201293945312
1,1776690198377,671.921,0.787401,0.83666,0.4,3.8704,0.979796,0.69282,0.4,0.489898,166.4492,187.3226,87.5042,92.23707,leg_lift,leg_lift,left,low,16.703201293945312
1,1776690198377,672.021,0.72111,0.663325,0.4,4.017462,1.319091,0.848528,0.4,0.83666,148.7525,186.3566,103.785,91.19067,leg_lift,leg_lift,left,low,16.703201293945312
1,1776690198377,672.121,0.72111,0.648074,0.4,3.722902,1.43527,0.83666,0.244949,0.905538,126.878,187.9766,106.9879,90.05797,leg_lift,leg_lift,left,low,16.703201293945312
1,1776690198377,672.221,0.632456,0.860233,0.6,3.146426,1.43527,0.83666,0.244949,0.905538,154.1606,187.9766,50.13131,90.05797,leg_lift,leg_lift,left,low,16.703201293945312
1,1776690198377,672.321,0.632456,0.860233,0.6,3.146426,1.264911,0.812404,0.244949,0.83666,154.1606,188.6101,50.13131,92.01537,leg_lift,leg_lift,left,low,16.703201293945312
1,1776690198377,672.421,0.69282,0.979796,0.6,2.580698,1.240967,0.761577,0.2,0.860233,138.8546,188.1616,47.34919,91.00312,leg_lift,leg_lift,left,low,16.703201293945312
1,1776690198377,672.521,0.583095,0.98995,0.6,2.362202,1.264911,0.883176,0.141421,0.848528,132.846,186.1032,43.13857,91.56382,leg_lift,leg_lift,left,low,16.703201293945312
1,1776690198377,672.621,0.632456,0.938083,0.734847,3.2,1.183216,1.095445,0.141421,0.894427,136.0518,186.0949,41.85415,90.36971,leg_lift,leg_lift,left,low,16.703201293945312
1,1776690198377,672.721,0.663325,0.948683,1.0583,6.238589,0.824621,0.959166,0.282843,0.565685,137.9677,187.0443,43.7144,89.69296,leg_lift,leg_lift,left,low,16.703201293945312
1,1776690198377,672.821,1.019804,1.086278,1.140175,7.148426,0.469042,0.98995,0.282843,0.509902,142.883,188.1073,44.65657,89.65009,leg_lift,leg_lift,left,low,16.703201293945312
1,1776690198377,672.921,1.157584,1.43527,1.048809,7.215262,0.469042,1,0.282843,0.489898,147.8146,188.9009,47.4757,89.31819,leg_lift,leg_lift,left,low,16.703201293945312
1,1776690198377,673.021,1.104536,1.606238,1.03923,7.582875,0.6,1.0583,0.316228,0.447214,150.3182,189.0686,52.5428,90.2403,leg_lift,leg_lift,left,low,16.703201293945312
1,1776690198377,673.121,1.067708,1.637071,1.067708,7.877817,0.663325,1,0.316228,0.565685,158.6852,189.3971,54.66617,90.80276,leg_lift,leg_lift,left,low,16.703201293945312
1,1776690198377,673.221,1.216552,1.643168,1.048809,7.837091,0.707107,0.678233,0.34641,0.489898,170.0388,189.2053,56.06795,91.09119,leg_lift,leg_lift,left,low,16.703201293945312
1,1776690198377,673.321,1.28841,1.624808,0.72111,6.133514,0.734847,0.648074,0.244949,0.509902,177.4093,189.8286,60.90024,92.23416,leg_lift,leg_lift,left,low,16.703201293945312
1,1776690198377,673.421,1.095445,1.6,0.509902,4.25676,0.72111,0.6,0.4,0.489898,177.9288,188.27,70.44981,92.91074,leg_lift,leg_lift,left,low,16.703201293945312
1,1776690198377,673.521,0.860233,1.43527,0.469042,4.356604,0.787401,1.03923,0.4,0.469042,173.5249,186.4685,80.26521,93.20634,leg_lift,leg_lift,left,low,16.703201293945312
1,1776690198377,673.621,0.860233,0.848528,0.374166,4.08901,0.734847,1.104536,0.4,0.509902,156.8544,186.334,91.49265,92.08971,leg_lift,leg_lift,left,low,16.703201293945312
1,1776690198377,673.721,0.848528,0.787401,0.2,3.361547,0.632456,1.104536,0.447214,0.34641,130.0817,189.0044,97.8691,90.73127,leg_lift,leg_lift,left,low,16.703201293945312
1,1776690198377,673.821,0.632456,0.927362,0.374166,2.760435,0.678233,1.122497,0.447214,0.509902,115.5826,188.752,83.54488,91.50169,leg_lift,leg_lift,left,low,16.703201293945312
1,1776690198377,673.921,0.316228,1.019804,0.374166,2.694439,0.678233,1.122497,0.447214,0.509902,107.702,188.752,74.64791,91.50169,leg_lift,leg_lift,left,low,16.703201293945312
1,1776690198377,674.021,0.316228,1.019804,0.374166,2.694439,0.648074,1.077033,0.489898,0.489898,107.702,187.4823,74.64791,91.6456,leg_lift,leg_lift,left,low,16.703201293945312
1,1776690198377,674.121,0.316228,1.067708,0.316228,3.385262,0.774597,1.224745,0.6,0.616441,113.8851,186.0388,61.69825,91.67873,leg_lift,leg_lift,left,low,16.703201293945312
1,1776690198377,674.221,0.316228,1.148913,0.316228,6.034898,0.83666,1.148913,0.6,0.748331,123.1436,186.1324,56.19819,90.2942,leg_lift,leg_lift,left,low,16.703201293945312
1,1776690198377,674.321,0.374166,1.509967,0.4,6.851277,0.883176,0.905538,0.632456,0.748331,132.6865,186.9482,53.27467,90.61555,leg_lift,leg_lift,left,low,16.703201293945312
1,1776690198377,674.421,0.469042,1.56205,0.447214,6.846897,0.87178,0.916515,0.648074,0.761577,138.9795,187.2107,55.19868,90.44651,leg_lift,leg_lift,left,low,16.703201293945312
1,1776690198377,674.521,0.509902,1.496663,0.374166,6.97137,0.812404,0.894427,0.72111,0.72111,145.0167,188.3951,59.17889,89.39964,leg_lift,leg_lift,left,low,16.703201293945312
1,1776690198377,674.621,0.509902,1.414214,7.77303,7.251207,0.883176,0.938083,0.734847,0.761577,155.427,189.8498,60.28357,90.1356,leg_lift,leg_lift,left,low,16.703201293945312
1,1776690198377,674.721,0.489898,1.4,13.88236,7.292462,0.860233,0.824621,0.547723,0.748331,169.5749,189.7857,59.76101,90.768,leg_lift,leg_lift,left,low,16.703201293945312
1,1776690198377,674.821,0.489898,1.385641,46.09187,5.706137,0.72111,0.565685,0.565685,0.616441,178.8399,189.3019,64.70008,91.54461,leg_lift,leg_lift,left,low,16.703201293945312
1,1776690198377,674.921,0.616441,0.905538,67.12451,3.605551,0.678233,0.565685,0.547723,0.632456,178.9292,189.1841,75.38367,91.79668,leg_lift,leg_lift,left,low,16.703201293945312
1,1776690198377,675.021,0.583095,0.616441,69.87475,4.101219,0.72111,0.748331,0.52915,0.69282,172.7679,188.6476,86.9698,92.36471,leg_lift,leg_lift,left,low,16.703201293945312
1,1776690198377,675.121,0.509902,0.72111,69.97728,4.270831,0.83666,0.87178,0.447214,0.87178,162.2318,187.5395,95.4055,92.26886,leg_lift,leg_lift,left,low,16.703201293945312
1,1776690198377,675.221,0.509902,0.707107,70.51312,3.668787,0.787401,0.959166,0.4,0.87178,137.707,187.7398,104.6523,91.27002,leg_lift,leg_lift,left,low,16.703201293945312
1,1776690198377,675.321,0.509902,1.095445,70.70657,3.117692,0.774597,0.979796,0.374166,0.83666,111.4986,189.8695,100.0791,90.80888,leg_lift,leg_lift,left,low,16.703201293945312
1,1776690198377,675.421,0.52915,1.009951,64.96615,2.993326,0.774597,0.959166,0.34641,0.83666,104.063,189.8603,88.52911,90.3483,leg_lift,leg_lift,left,low,16.703201293945312
1,1776690198377,675.521,0.678233,1,36.64669,3.307567,0.72111,1.029563,0.374166,0.98995,109.1181,189.1834,74.13538,90.5368,leg_lift,leg_lift,left,low,16.703201293945312
1,1776690198377,675.621,0.69282,1.009951,27.99929,4.64112,0.72111,1.029563,0.374166,0.98995,117.3509,189.1834,63.64052,90.5368,leg_lift,leg_lift,left,low,16.703201293945312
1,1776690198377,675.721,0.69282,1.009951,27.99929,4.64112,0.812404,1.157584,0.469042,0.98995,117.3509,186.8089,63.64052,91.39076,leg_lift,leg_lift,left,low,16.703201293945312
1,1776690198377,675.821,0.707107,0.959166,29.02826,5.887274,0.761577,1.077033,0.489898,0.916515,127.0337,188.0302,58.62363,90.14443,leg_lift,leg_lift,left,low,16.703201293945312
1,1776690198377,675.921,0.87178,1.16619,28.94996,5.887274,0.748331,0.959166,0.489898,0.8,132.6911,188.1818,58.6612,90.04443,leg_lift,leg_lift,left,low,16.703201293945312
1,1776690198377,676.021,0.959166,0.927362,26.74584,5.984981,0.734847,0.927362,0.489898,0.774597,141.8067,189.2313,58.49979,89.04987,leg_lift,leg_lift,left,low,16.703201293945312
1,1776690198377,676.121,0.959166,0.916515,23.21982,6.187083,0.734847,1.086278,0.447214,0.824621,154.8018,190.2843,57.15443,89.58836,leg_lift,leg_lift,left,low,16.703201293945312
1,1776690198377,676.221,0.83666,0.959166,19.68248,6.259393,0.8,1.232883,0.447214,0.98995,166.8688,190.2825,58.54693,90.1781,leg_lift,leg_lift,left,low,16.703201293945312
1,1776690198377,676.321,0.98995,1.048809,16.62047,5.385165,0.916515,1.16619,0.4,1.009951,178.0924,189.4932,61.06372,91.06979,leg_lift,leg_lift,left,low,16.703201293945312
1,1776690198377,676.421,1.03923,1.113553,146.3302,3.361547,0.927362,1.067708,0.547723,1.03923,184.8396,189.5473,67.94019,91.93834,leg_lift,leg_lift,left,low,16.703201293945312
1,1776690198377,676.521,0.979796,0.894427,220.6478,3.206244,0.938083,1.03923,0.565685,1.086278,178.5385,187.8339,80.11291,93.00489,leg_lift,leg_lift,left,low,16.703201293945312
1,1776690198377,676.621,0.787401,0.860233,235.883,3.660601,0.979796,1.03923,0.547723,1.104536,168.2064,187.2223,90.49086,92.13734,leg_lift,leg_lift,left,low,16.703201293945312
1,1776690198377,676.721,0.787401,0.734847,237.3006,3.646917,0.969536,0.959166,0.565685,1.122497,157.0883,188.2946,95.29292,91.46341,leg_lift,leg_lift,left,low,16.703201293945312
1,1776690198377,676.821,0.72111,0.663325,237.705,3.264966,0.959166,0.894427,0.583095,0.959166,154.6333,187.7886,73.8988,92.2644,leg_lift,leg_lift,left,low,16.703201293945312
1,1776690198377,676.921,0.648074,0.812404,239.8217,3.140064,0.707107,0.663325,0.6,0.916515,157.8932,185.8263,38.91183,93.48709,leg_lift,leg_lift,left,low,16.703201293945312
1,1776690198377,677.021,0.374166,0.632456,219.316,3.209361,0.748331,0.648074,0.374166,0.824621,139.2473,184.3645,39.03688,93.18137,leg_lift,leg_lift,left,low,16.703201293945312
1,1776690198377,677.121,0.4,0.678233,128.5737,4.30581,0.761577,0.734847,0.447214,0.927362,136.3783,184.0638,38.53883,92.22426,leg_lift,leg_lift,left,low,16.703201293945312
1,1776690198377,677.221,0.469042,0.734847,86.74549,6.196774,0.707107,0.883176,0.509902,0.938083,138.373,185.2185,39.12341,90.78226,leg_lift,leg_lift,left,low,16.703201293945312
1,1776690198377,677.321,0.707107,0.979796,85.47842,6.761657,0.707107,0.883176,0.509902,0.938083,141.387,185.2185,42.89191,90.78226,leg_lift,leg_lift,left,low,16.703201293945312
1,1776690198377,677.421,0.707107,0.979796,85.47842,6.761657,0.72111,0.848528,0.489898,0.87178,141.387,186.1516,42.89191,91.55239,leg_lift,leg_lift,left,low,16.703201293945312
1,1776690198377,677.521,0.761577,1.16619,89.90506,6.78233,0.72111,0.860233,0.509902,0.948683,147.3107,185.395,47.24312,91.62896,leg_lift,leg_lift,left,low,16.703201293945312
1,1776690198377,677.621,0.905538,1.104536,88.81419,6.997142,0.734847,0.83666,0.424264,0.938083,152.9878,185.2592,52.08693,92.10927,leg_lift,leg_lift,left,low,16.703201293945312
1,1776690198377,677.721,1.009951,1.0583,82.63522,7.230491,0.648074,0.860233,0.52915,0.848528,156.8606,182.4164,59.94025,91.67184,leg_lift,leg_lift,left,low,16.703201293945312
1,1776690198377,677.821,1.16619,1.122497,73.68229,6.835203,0.616441,0.812404,0.98995,0.69282,163.5309,181.6801,63.94405,91.18755,leg_lift,leg_lift,left,low,16.703201293945312
1,1776690198377,677.921,1.2,1.104536,63.87675,5.067544,0.616441,0.734847,1.104536,0.663325,170.9322,182.3535,67.91459,89.70617,leg_lift,leg_lift,left,low,16.703201293945312
1,1776690198377,678.021,1.113553,1.0583,54.32071,3.289377,0.69282,0.848528,1.131371,0.69282,175.2203,182.1971,72.42254,89.85754,leg_lift,leg_lift,left,low,16.703201293945312
1,1776690198377,678.121,1.067708,0.734847,45.91035,3.039737,0.663325,0.860233,1.131371,0.848528,179.9789,181.1386,76.24869,87.98456,leg_lift,leg_lift,left,low,16.703201293945312
1,1776690198377,678.221,0.979796,0.678233,38.86309,2.690725,0.678233,0.787401,1.122497,0.663325,182.9867,180.8989,78.20403,86.77213,leg_lift,leg_lift,left,low,16.703201293945312
1,1776690198377,678.321,0.824621,0.69282,32.95057,1.897367,0.648074,0.69282,1.095445,0.69282,185.2354,182.0583,79.63531,83.80833,leg_lift,leg_lift,left,low,16.703201293945312
1,1776690198377,678.421,0.632456,0.72111,27.71859,1.407125,0.547723,0.761577,0.761577,0.678233,187.486,182.6439,80.55772,82.01417,leg_lift,leg_lift,left,low,16.703201293945312
1,1776690226457,689.921,0.547723,0.52915,0.316228,0.374166,0.489898,0.469042,0.244949,0.424264,188.6395,184.0958,100.032,91.73253,walking,walking,0,low,20.724968910217285
1,1776690226457,690.021,0.469042,0.52915,0.4,0.374166,0.489898,0.424264,0.244949,0.4,188.291,184.5995,99.65273,92.03156,walking,walking,0,low,20.724968910217285
1,1776690226457,690.121,0.469042,0.509902,0.4,0.447214,0.469042,0.469042,0.2,0.34641,188.4125,185.9124,99.25729,91.92502,walking,walking,0,low,20.724968910217285
1,1776690226457,690.221,0.509902,0.447214,0.583095,1.624808,0.447214,0.424264,0.34641,0.34641,188.3345,187.7707,99.47558,92.80335,walking,walking,0,low,20.724968910217285
1,1776690226457,690.321,0.447214,0.4,0.748331,1.667333,0.424264,0.4,0.374166,0.282843,188.9013,187.5342,98.13777,93.41893,walking,walking,0,low,20.724968910217285
1,1776690226457,690.421,0.374166,0.374166,0.748331,1.68523,0.4,0.424264,0.4,0.244949,184.9173,188.1052,97.81276,93.6837,walking,walking,0,low,20.724968910217285
1,1776690226457,690.521,0.4,0.316228,0.707107,1.854724,0.282843,0.424264,0.6,0.316228,191.1974,186.4187,92.79073,94.50639,walking,walking,0,low,20.724968910217285
1,1776690226457,690.621,0.447214,0.282843,0.678233,1.886796,0.282843,0.469042,0.6,0.316228,187.679,186.5849,93.63596,93.89584,walking,walking,0,low,20.724968910217285
1,1776690226457,690.721,0.565685,0.244949,0.648074,1.876166,0.282843,0.469042,0.6,0.316228,177.5817,186.5849,99.06766,93.89584,walking,walking,0,low,20.724968910217285
1,1776690226457,690.821,0.565685,0.761577,0.632456,1.183216,0.244949,0.424264,0.648074,0.34641,176.3827,187.0281,95.92884,93.19371,walking,walking,0,low,20.724968910217285
1,1776690226457,690.921,0.547723,0.748331,0.34641,1.029563,0.282843,0.447214,0.632456,0.316228,180.7349,187.5748,90.80582,92.22649,walking,walking,0,low,20.724968910217285
1,1776690226457,691.021,0.547723,0.748331,0.34641,1.029563,0.282843,0.583095,0.547723,0.424264,180.7349,190.4341,90.80582,90.42066,walking,walking,0,low,20.724968910217285
1,1776690226457,691.121,0.6,0.787401,0.282843,1.148913,0.244949,0.616441,0.52915,0.447214,179.7869,200.3176,90.71095,84.05819,walking,walking,0,low,20.724968910217285
1,1776690226457,691.221,0.648074,0.774597,0.374166,0.938083,0.2,0.69282,0.282843,0.447214,178.9649,207.2357,89.33698,83.26559,walking,walking,0,low,20.724968910217285
1,1776690226457,691.321,0.663325,0.787401,0.374166,0.787401,0.2,0.87178,0.34641,0.447214,179.6959,198.1949,89.11447,94.06489,walking,walking,0,low,20.724968910217285
1,1776690226457,691.421,0.52915,0.787401,0.447214,0.894427,0.374166,0.848528,0.282843,0.489898,179.2966,179.5879,88.2598,109.7088,walking,walking,0,low,20.724968910217285
1,1776690226457,691.521,0.565685,0.565685,0.374166,0.969536,0.34641,0.860233,0.2,0.509902,182.1718,162.857,86.47196,119.1883,walking,walking,0,low,20.724968910217285
1,1776690226457,691.621,0.6,0.424264,0.374166,0.948683,0.632456,0.860233,0.2,0.447214,184.7508,154.5148,86.4944,118.0383,walking,walking,0,low,20.724968910217285
1,1776690226457,691.721,0.6,0.374166,0.374166,0.848528,0.648074,0.761577,0.282843,0.447214,186.9322,161.7949,86.64009,104.3602,walking,walking,0,low,20.724968910217285
1,1776690226457,691.821,0.509902,0.4,0.316228,1.009951,0.663325,0.894427,0.316228,0.447214,194.2321,166.8497,83.64353,98.34449,walking,walking,0,low,20.724968910217285
1,1776690226457,691.921,0.424264,0.52915,0.547723,1.191638,0.663325,0.72111,0.282843,0.469042,206.8319,169.7785,82.88505,92.48152,walking,walking,0,low,20.724968910217285
1,1776690226457,692.021,0.447214,0.565685,0.761577,1.122497,0.663325,0.774597,0.244949,0.469042,197.1804,170.539,96.41425,90.76451,walking,walking,0,low,20.724968910217285
1,1776690226457,692.121,0.447214,0.632456,1.113553,0.969536,0.678233,0.774597,0.244949,0.52915,179.8834,176.0489,111.3384,86.43987,walking,walking,0,low,20.724968910217285
1,1776690226457,692.221,0.469042,0.547723,1.148913,1.067708,0.469042,0.787401,0.244949,0.52915,164.7504,179.9655,120.1373,85.96592,walking,walking,0,low,20.724968910217285
1,1776690226457,692.321,0.547723,0.6,1.148913,1.122497,0.469042,0.787401,0.244949,0.52915,158.1324,179.9655,118.9394,85.96592,walking,walking,0,low,20.724968910217285
1,1776690226457,692.421,0.583095,0.565685,1.174734,1.067708,0.469042,0.774597,0.141421,0.509902,163.0831,184.8546,106.2326,84.75628,walking,walking,0,low,20.724968910217285
1,1776690226457,692.521,0.6,0.424264,1.113553,0.734847,0.424264,0.707107,0.141421,0.509902,165.6681,188.6791,99.45239,83.08588,walking,walking,0,low,20.724968910217285
1,1776690226457,692.621,0.6,0.469042,0.969536,0.678233,0.447214,0.52915,0.141421,0.469042,168.6621,197.1753,95.51579,77.79848,walking,walking,0,low,20.724968910217285
1,1776690226457,692.721,0.6,0.469042,0.969536,0.678233,0.663325,0.469042,0.282843,0.509902,168.6621,207.4155,95.51579,79.18446,walking,walking,0,low,20.724968910217285
1,1776690226457,692.821,0.707107,0.4,0.616441,1.428286,0.734847,0.916515,0.447214,0.469042,173.0074,203.5117,93.56207,89.62916,walking,walking,0,low,20.724968910217285
1,1776690226457,692.921,0.69282,0.4,0.424264,1.843909,0.72111,1.03923,0.489898,0.489898,176.7361,189.7153,91.33454,107.9544,walking,walking,0,low,20.724968910217285
1,1776690226457,693.021,0.860233,0.4,0.6,1.822087,0.707107,1.131371,0.547723,0.547723,180.9893,168.9559,90.13859,125.3509,walking,walking,0,low,20.724968910217285
1,1776690226457,693.121,0.883176,0.424264,0.632456,1.822087,0.748331,1.191638,0.52915,0.6,182.2084,159.5495,90.24499,129.2233,walking,walking,0,low,20.724968910217285
1,1776690226457,693.221,0.883176,0.469042,0.787401,1.860108,0.787401,1.191638,0.547723,0.824621,183.5148,157.8425,90.16559,122.2777,walking,walking,0,low,20.724968910217285
1,1776690226457,693.321,0.87178,0.447214,0.824621,1.854724,0.6,1.183216,0.547723,0.860233,184.7849,166.6315,88.62118,105.7421,walking,walking,0,low,20.724968910217285
1,1776690226457,693.421,0.787401,0.424264,0.812404,1.788854,0.447214,0.979796,0.583095,0.860233,192.7646,171.9548,84.19174,101.2539,walking,walking,0,low,20.724968910217285
1,1776690226457,693.521,0.748331,0.52915,0.8,1.174734,0.547723,0.616441,0.52915,1.029563,209.9316,175.0379,80.39794,93.79314,walking,walking,0,low,20.724968910217285
1,1776690226457,693.621,0.583095,0.509902,0.774597,1.148913,0.547723,0.509902,0.447214,1.462874,192.1998,175.9188,101.4843,91.57703,walking,walking,0,low,20.724968910217285
1,1776690226457,693.721,0.663325,0.616441,0.812404,1.272792,0.6,0.316228,0.469042,1.523155,171.8218,178.49,116.6327,88.8127,walking,walking,0,low,20.724968910217285
1,1776690226457,693.821,0.707107,0.648074,0.616441,1.865476,0.883176,0.547723,0.648074,1.428286,153.1982,180.3158,124.7078,89.02809,walking,walking,0,low,20.724968910217285
1,1776690226457,693.921,0.72111,0.916515,0.583095,2,1.0583,0.6,0.707107,1.378405,156.995,184.2057,111.47,87.37068,walking,walking,0,low,20.724968910217285
1,1776690226457,694.021,0.748331,0.916515,0.52915,1.959592,1.0583,0.6,0.707107,1.378405,162.5203,184.2057,104.3513,87.37068,walking,walking,0,low,20.724968910217285
1,1776690226457,694.121,0.748331,0.894427,0.6,2.014944,1.086278,0.616441,0.648074,1.371131,166.7673,192.4376,97.27322,82.12175,walking,walking,0,low,20.724968910217285
1,1776690226457,694.221,0.707107,0.905538,0.707107,2.525866,1.0583,0.678233,0.707107,1.414214,171.5818,202.7369,94.43544,83.24246,walking,walking,0,low,20.724968910217285
1,1776690226457,694.321,0.648074,0.848528,0.663325,3.136878,1.086278,0.774597,0.748331,1.03923,174.2769,204.9127,92.7535,89.31873,walking,walking,0,low,20.724968910217285
1,1776690226457,694.421,0.648074,0.848528,0.663325,3.136878,1.048809,0.824621,0.774597,0.774597,174.2769,186.9685,92.7535,110.6015,walking,walking,0,low,20.724968910217285
1,1776690226457,694.521,0.6,0.812404,0.632456,3.364521,1.019804,0.824621,0.69282,0.734847,177.9002,167.1111,91.35176,126.867,walking,walking,0,low,20.724968910217285
1,1776690226457,694.621,0.565685,0.632456,0.938083,3.218695,0.469042,0.748331,0.52915,0.774597,179.5774,157.8467,91.50964,130.3851,walking,walking,0,low,20.724968910217285
1,1776690226457,694.721,0.52915,0.4,1.019804,3.268027,0.447214,0.761577,0.469042,0.8,181.8866,157.5045,90.16121,122.5265,walking,walking,0,low,20.724968910217285
1,1776690226457,694.821,0.52915,0.374166,0.98995,3.271086,0.34641,0.787401,0.4,0.583095,183.6442,166.5379,87.7882,106.2005,walking,walking,0,low,20.724968910217285
1,1776690226457,694.921,0.52915,0.34641,0.894427,2.901724,0.316228,0.774597,0.282843,0.447214,192.0383,171.1257,84.25012,102.0203,walking,walking,0,low,20.724968910217285
1,1776690226457,695.021,0.282843,0.282843,0.969536,2.824889,0.34641,0.8,0.316228,0.489898,207.0034,173.4597,81.606,95.4533,walking,walking,0,low,20.724968910217285
1,1776690226457,695.121,0.4,0.244949,0.969536,1.984943,0.316228,0.748331,0.4,0.663325,189.1814,174.4719,102.1885,92.29644,walking,walking,0,low,20.724968910217285
1,1776690226457,695.221,0.4,0.34641,0.787401,2.029778,0.447214,0.761577,0.565685,0.916515,166.7687,177.5944,119.3014,90.36182,walking,walking,0,low,20.724968910217285
1,1776690226457,695.321,0.565685,0.632456,0.6,1.907878,0.52915,0.905538,0.734847,1.029563,151.7853,179.4959,125.3757,89.69069,walking,walking,0,low,20.724968910217285
1,1776690226457,695.421,0.707107,0.69282,29.95296,1.939072,0.6,0.948683,0.748331,1.009951,154.3751,182.4157,114.3405,88.67257,walking,walking,0,low,20.724968910217285
1,1776690226457,695.521,0.72111,0.72111,65.09547,1.923538,0.6,0.927362,0.83666,1.03923,162.445,190.5248,101.6662,83.56247,walking,walking,0,low,20.724968910217285
1,1776690226457,695.621,0.72111,0.734847,71.23244,1.208305,0.565685,0.959166,0.848528,1.086278,168.2777,204.6969,95.59205,82.13469,walking,walking,0,low,20.724968910217285
1,1776690226457,695.721,0.707107,0.83666,71.66477,2.275961,0.565685,0.959166,0.848528,1.086278,169.9823,204.6969,92.89168,82.13469,walking,walking,0,low,20.724968910217285
1,1776690226457,695.821,0.748331,0.83666,71.93233,3.196873,0.616441,1.077033,0.774597,1.086278,174.1728,198.3698,89.63457,96.01058,walking,walking,0,low,20.724968910217285
1,1776690226457,695.921,0.787401,0.616441,72.86878,3.588872,0.632456,1.086278,0.734847,1.019804,177.8716,179.6738,86.62254,114.5659,walking,walking,0,low,20.724968910217285
1,1776690226457,696.021,0.632456,0.616441,72.94683,3.549648,0.583095,0.959166,0.509902,0.761577,182.5228,160.6367,85.56607,127.8143,walking,walking,0,low,20.724968910217285
1,1776690226457,696.121,0.632456,0.616441,72.94683,3.549648,0.489898,0.860233,0.509902,0.748331,182.5228,148.0966,85.56607,131.0004,walking,walking,0,low,20.724968910217285
1,1776690226457,696.221,0.616441,0.489898,43.92289,3.746999,0.509902,0.83666,0.469042,0.787401,185.139,152.0787,85.44236,118.4816,walking,walking,0,low,20.724968910217285
1,1776690226457,696.321,0.616441,0.509902,26.87303,3.992493,0.52915,0.761577,0.424264,0.632456,189.3907,159.2766,82.30239,106.4171,walking,walking,0,low,20.724968910217285
1,1776690226457,696.421,0.663325,0.244949,25.65775,3.741657,0.52915,0.707107,0.424264,0.52915,198.8086,164.001,83.13486,98.29131,walking,walking,0,low,20.724968910217285
1,1776690226457,696.521,0.52915,0.374166,26.44012,2.884441,0.447214,0.860233,0.565685,0.678233,206.1526,170.4211,86.13119,92.09155,walking,walking,0,low,20.724968910217285
1,1776690226457,696.621,0.447214,0.374166,25.09781,2.258318,0.707107,0.860233,1.048809,0.812404,186.231,173.6744,108.9045,90.78503,walking,walking,0,low,20.724968910217285
1,1776690226457,696.721,0.4,0.4,22.29664,2.213594,1.649242,0.916515,1.407125,1.334166,168.1937,176.9243,122.5345,88.87167,walking,walking,0,low,20.724968910217285
1,1776690226457,696.821,0.447214,0.489898,19.45508,2.073644,1.726268,0.979796,1.697056,1.593738,150.3636,178.6618,129.3301,87.71204,walking,walking,0,low,20.724968910217285
1,1776690226457,696.921,0.509902,0.52915,16.69611,1.363818,1.74356,1.019804,1.68523,1.593738,159.2755,183.6224,112.9946,84.39619,walking,walking,0,low,20.724968910217285
1,1776690226457,697.021,0.489898,0.583095,13.995,1.16619,1.777639,0.938083,1.68523,1.74356,171.193,199.5429,103.2191,79.30738,walking,walking,0,low,20.724968910217285
1,1776690226457,697.121,0.509902,0.547723,11.49957,1.280625,1.788854,0.787401,1.697056,1.74356,173.4805,200.202,97.039,88.40685,walking,walking,0,low,20.724968910217285
1,1776690226457,697.221,0.52915,0.616441,9.296236,3.340659,1.702939,0.812404,1.516575,1.749286,176.0163,183.4971,94.27936,106.7492,walking,walking,0,low,20.724968910217285
1,1776690226457,697.321,0.678233,0.565685,7.585513,3.878144,1.216552,1,1.122497,1.568439,176.9245,162.9388,91.84401,123.0973,walking,walking,0,low,20.724968910217285
1,1776690226457,697.421,0.87178,0.565685,5.978294,3.891015,1.216552,1,1.122497,1.568439,180.0027,162.9388,90.33523,123.0973,walking,walking,0,low,20.724968910217285
1,1776690226457,697.521,0.87178,0.6,4.442972,4.01995,0.632456,0.98995,0.489898,1.249,182.2984,151.2478,89.88344,129.0198,walking,walking,0,low,20.724968910217285
1,1776690226457,697.621,0.824621,0.632456,3.426368,4.649731,0.565685,0.948683,0.509902,1.32665,184.9964,153.7601,88.04855,119.7789,walking,walking,0,low,20.724968910217285
1,1776690226457,697.721,0.812404,0.6,3.255764,4.68188,0.374166,0.969536,0.648074,1.208305,194.5761,165.2777,85.14863,105.0846,walking,walking,0,low,20.724968910217285
1,1776690226457,697.821,0.812404,0.6,3.255764,4.68188,0.244949,0.959166,0.774597,1.095445,194.5761,167.3096,85.14863,99.58372,walking,walking,0,low,20.724968910217285
1,1776690226457,697.921,0.98995,0.509902,2.898275,3.891015,0.4,0.905538,0.774597,1.0583,207.9207,180.6333,82.81862,85.37375,walking,walking,0,low,20.724968910217285
1,1776690226457,698.021,0.948683,0.52915,2.664582,2.824889,0.424264,0.860233,0.883176,0.916515,186.505,183.2359,105.0915,84.0052,walking,walking,0,low,20.724968910217285
1,1776690226457,698.121,0.8,0.489898,2.529822,2.75318,0.583095,0.547723,1.303841,0.774597,172.0258,184.0561,114.2494,85.195,walking,walking,0,low,20.724968910217285
1,1776690226457,698.221,0.72111,0.4,2.481935,2.683281,0.663325,0.52915,1.414214,0.83666,157.7346,184.9913,119.6273,85.61223,walking,walking,0,low,20.724968910217285
1,1776690226457,698.321,0.72111,0.4,2.481935,2.683281,0.663325,0.424264,1.371131,0.72111,157.7346,186.9238,119.6273,85.02169,walking,walking,0,low,20.724968910217285
1,1776690226457,698.421,0.87178,0.663325,2.48998,0.489898,0.72111,0.447214,1.385641,0.748331,162.243,196.217,102.488,78.94322,walking,walking,0,low,20.724968910217285
1,1776690226457,698.521,0.69282,0.663325,2.315167,0.83666,0.678233,0.374166,1.496663,0.938083,168.796,207.7746,96.88103,80.78139,walking,walking,0,low,20.724968910217285
1,1776690226457,698.621,0.774597,0.707107,2.019901,1.643168,0.663325,0.34641,1.476482,0.979796,174.1934,200.0733,93.48684,93.78291,walking,walking,0,low,20.724968910217285
1,1776690226457,698.721,0.748331,0.734847,1.612452,2.537715,0.8,0.707107,1.341641,0.969536,176.5439,184.0524,91.98757,110.9123,walking,walking,0,low,20.724968910217285
1,1776690226457,698.821,0.748331,0.72111,1.0583,2.698148,0.6,0.72111,0.959166,0.948683,179.8127,167.4548,89.70841,125.0749,walking,walking,0,low,20.724968910217285
1,1776690226457,698.921,0.748331,0.69282,0.774597,2.778489,0.6,0.69282,0.98995,1.077033,182.695,157.8586,89.31728,128.9206,walking,walking,0,low,20.724968910217285
1,1776690226457,699.021,0.583095,0.424264,0.509902,2.901724,0.6,0.69282,0.98995,1.077033,184.0133,157.8586,89.98557,128.9206,walking,walking,0,low,20.724968910217285
1,1776690226457,699.121,0.616441,0.469042,0.509902,2.935984,0.565685,0.734847,0.87178,1.067708,185.4944,158.3965,89.89571,120.3039,walking,walking,0,low,20.724968910217285
1,1776690226457,699.221,0.489898,0.447214,0.761577,2.645751,0.547723,0.748331,0.509902,1.077033,191.9384,166.2016,86.80796,105.9029,walking,walking,0,low,20.724968910217285
1,1776690226457,699.321,0.282843,0.34641,0.8,2.44949,0.565685,0.748331,0.374166,1.019804,202.7648,169.0691,87.27602,100.5842,walking,walking,0,low,20.724968910217285
1,1776690226457,699.421,0.282843,0.34641,0.8,2.44949,0.34641,0.583095,0.447214,1.148913,192.7914,176.8695,101.7859,91.02099,walking,walking,0,low,20.724968910217285
1,1776690226457,699.521,0.282843,0.34641,0.8,2.44949,0.316228,0.52915,0.547723,1.140175,192.7914,180.2749,101.7859,88.798,walking,walking,0,low,20.724968910217285
1,1776690226457,699.621,0.316228,0.34641,0.774597,2.420744,0.316228,0.52915,0.509902,1.019804,174.6199,184.3683,113.4642,86.78107,walking,walking,0,low,20.724968910217285
1,1776690226457,699.721,0.583095,0.8,0.761577,2.271563,0.734847,0.509902,0.489898,0.938083,160.9435,186.243,119.4187,86.86012,walking,walking,0,low,20.724968910217285
1,1776690226457,699.821,0.6,0.824621,14.04991,2.2,0.734847,0.489898,0.509902,0.894427,156.3832,187.574,115.0541,87.47966,walking,walking,0,low,20.724968910217285
1,1776690226457,699.921,0.565685,1.122497,18.23678,2.2,0.812404,0.489898,0.72111,0.787401,160.8212,191.2054,102.9618,84.44369,walking,walking,0,low,20.724968910217285
1,1776690226457,700.021,0.616441,1.157584,18.58171,1.714643,0.848528,0.447214,0.905538,0.774597,166.5437,199.6334,98.88293,82.95901,walking,walking,0,low,20.724968910217285
1,1776690226457,700.121,0.632456,1.16619,18.60054,1.737815,0.894427,0.424264,0.948683,0.734847,171.4948,207.8206,93.50203,84.22639,walking,walking,0,low,20.724968910217285
1,1776690226457,700.221,0.632456,1.16619,18.80585,2.687006,0.905538,0.4,1,0.72111,175.5717,194.178,90.75487,100.9387,walking,walking,0,low,20.724968910217285
1,1776690226457,700.321,0.424264,1.048809,19.11178,3.187475,0.72111,0.489898,1.0583,0.748331,179.4004,175.6507,90.14566,118.1646,walking,walking,0,low,20.724968910217285
1,1776690226457,700.421,0.374166,0.883176,15.69777,3.361547,0.6,0.509902,1.067708,0.848528,181.3933,162.0956,90.05859,127.5889,walking,walking,0,low,20.724968910217285
1,1776690226457,700.521,0.469042,0.565685,8.034924,3.367492,0.69282,0.616441,0.959166,0.905538,184.2857,156.9431,90.1657,125.8774,walking,walking,0,low,20.724968910217285
1,1776690226457,700.621,0.469042,0.4,6.542171,3.546829,0.52915,0.648074,0.83666,0.734847,185.3721,158.9403,90.72423,115.5805,walking,walking,0,low,20.724968910217285
1,1776690226457,700.721,0.489898,0.374166,6.697761,3.59444,0.52915,0.648074,0.83666,0.734847,186.1991,158.9403,89.07973,115.5805,walking,walking,0,low,20.724968910217285
1,1776690226457,700.821,0.469042,0.4,6.459102,3.101613,0.509902,0.648074,0.616441,0.663325,193.3905,170.8661,87.8117,97.69316,walking,walking,0,low,20.724968910217285
1,1776690226457,700.921,0.447214,0.374166,5.6,2.657066,0.489898,0.734847,0.583095,0.748331,206.2479,173.3085,85.31079,93.99814,walking,walking,0,low,20.724968910217285
1,1776690226457,701.021,0.447214,0.374166,4.734976,2.525866,0.547723,0.734847,0.52915,0.774597,191.2565,177.8188,102.3601,89.3213,walking,walking,0,low,20.724968910217285
1,1776690226457,701.121,0.469042,0.424264,4.071855,2.529822,0.678233,0.707107,0.447214,0.748331,175.8614,178.7806,114.4812,88.67345,walking,walking,0,low,20.724968910217285
1,1776690226457,701.221,0.469042,0.424264,4.071855,2.529822,0.632456,0.663325,0.469042,0.6,175.8614,181.0875,114.4812,88.54136,walking,walking,0,low,20.724968910217285
1,1776690226457,701.321,0.447214,0.4,3.376389,2.362202,0.632456,0.632456,0.469042,0.6,162.9782,180.5534,121.3269,90.67248,walking,walking,0,low,20.724968910217285
1,1776690226457,701.421,0.469042,0.489898,2.989983,1.737815,0.678233,0.678233,0.663325,0.583095,156.5475,180.7128,118.8252,91.91327,walking,walking,0,low,20.724968910217285
1,1776690226457,701.521,0.469042,0.616441,51.53445,1.697056,0.678233,0.6,0.663325,0.632456,163.6811,182.839,103.4371,89.73938,walking,walking,0,low,20.724968910217285
1,1776690226457,701.621,0.648074,0.774597,63.6011,1.407125,0.663325,0.52915,0.69282,0.678233,173.3971,195.5888,96.75635,85.50322,walking,walking,0,low,20.724968910217285
1,1776690226457,701.721,0.648074,0.8,64.84875,1.086278,0.663325,0.565685,0.72111,0.663325,175.2419,198.9562,91.7506,91.02424,walking,walking,0,low,20.724968910217285
1,1776690226457,701.821,0.583095,0.734847,64.9409,2.126029,0.509902,0.69282,0.72111,0.69282,178.7475,184.8594,89.40125,105.9751,walking,walking,0,low,20.724968910217285
1,1776690226457,701.921,0.583095,0.72111,65.63718,2.849561,0.6,1.019804,0.787401,0.761577,180.5956,163.8524,87.77927,122.8315,walking,walking,0,low,20.724968910217285
1,1776690226457,702.021,0.678233,0.678233,66.59745,3.075711,0.583095,1.019804,0.678233,0.787401,182.8373,149.8903,87.06389,130.7139,walking,walking,0,low,20.724968910217285
1,1776690226457,702.121,0.678233,0.6,51.47543,3.078961,0.565685,1,0.6,0.648074,185.3301,149.4683,87.28188,123.1558,walking,walking,0,low,20.724968910217285
1,1776690226457,702.221,0.509902,0.447214,28.18191,3.231099,0.52915,1.048809,0.547723,0.616441,187.2039,159.4351,86.3974,108.8613,walking,walking,0,low,20.724968910217285
1,1776690226457,702.321,0.52915,0.469042,23.84827,3.709447,0.52915,1.03923,0.469042,0.583095,194.974,164.7431,83.57907,101.1166,walking,walking,0,low,20.724968910217285
1,1776690226457,702.421,0.52915,0.469042,24.79556,3.778889,0.52915,1.03923,0.469042,0.583095,211.2798,164.7431,80.54656,101.1166,walking,walking,0,low,20.724968910217285
1,1776690226457,702.521,0.489898,0.469042,24.00958,3.388215,0.547723,0.969536,0.424264,0.616441,195.3961,171.2714,99.32288,93.21695,walking,walking,0,low,20.724968910217285
1,1776690226457,702.621,0.244949,0.469042,21.95222,3.056141,0.424264,0.774597,0.282843,0.583095,175.7265,174.2641,115.7926,90.92023,walking,walking,0,low,20.724968910217285
1,1776690226457,702.721,0.34641,0.469042,19.28004,3.059412,0.424264,0.583095,0.4,0.509902,161.6315,177.8634,123.626,88.70789,walking,walking,0,low,20.724968910217285
1,1776690226457,702.821,0.34641,0.469042,16.33952,2.905168,0.469042,0.583095,0.509902,0.509902,155.0944,179.8893,120.7881,88.21231,walking,walking,0,low,20.724968910217285
1,1776690226457,702.921,0.34641,0.469042,16.33952,2.905168,0.469042,0.52915,0.509902,0.469042,155.0944,182.0656,120.7881,88.00137,walking,walking,0,low,20.724968910217285
1,1776690226457,703.021,0.282843,0.244949,13.41044,2.280351,0.447214,0.616441,0.583095,0.469042,163.1412,186.3239,105.3011,85.28133,walking,walking,0,low,20.724968910217285
1,1776690226457,703.121,0.4,0.282843,10.72567,1.456022,0.447214,0.632456,0.648074,0.4,169.1474,197.2037,99.63186,81.32061,walking,walking,0,low,20.724968910217285
1,1776690226457,703.221,0.424264,0.4,8.874683,1.392839,0.72111,0.69282,0.632456,0.4,173.653,203.2209,93.81298,85.15502,walking,walking,0,low,20.724968910217285
1,1776690226457,703.321,0.509902,0.4,7.17635,2.96648,0.734847,0.69282,0.565685,0.282843,175.8059,189.1981,92.66917,100.9581,walking,walking,0,low,20.724968910217285
1,1776690226457,703.421,0.583095,0.4,5.621388,3.630427,0.707107,0.678233,0.52915,0.424264,177.4819,172.1676,90.88384,115.32,walking,walking,0,low,20.724968910217285
1,1776690226457,703.521,0.648074,0.424264,4.24264,3.828838,0.69282,0.69282,0.489898,0.447214,181.7085,164.1756,88.82727,123.1063,walking,walking,0,low,20.724968910217285
1,1776690226457,703.621,0.663325,0.374166,3.4,3.86523,0.69282,0.616441,0.469042,0.447214,184.1961,161.6169,89.07617,120.9073,walking,walking,0,low,20.724968910217285
1,1776690226457,703.721,0.583095,0.34641,2.935984,4.059556,0.761577,0.648074,0.374166,0.52915,185.3415,162.7754,89.21426,113.0633,walking,walking,0,low,20.724968910217285
1,1776690226457,703.821,0.6,0.469042,2.828427,4.084116,0.547723,0.632456,0.424264,0.6,187.4994,171.4516,87.21886,100.9353,walking,walking,0,low,20.724968910217285
1,1776690226457,703.921,0.547723,0.509902,2.880972,3.597221,0.6,0.6,0.469042,0.663325,195.9686,171.8312,84.28764,95.79626,walking,walking,0,low,20.724968910217285
1,1776690226457,704.021,0.547723,0.509902,2.672078,3.641428,0.707107,0.8,0.6,0.883176,205.8471,176.2832,84.7901,90.92414,walking,walking,0,low,20.724968910217285
1,1776690226457,704.121,0.509902,0.52915,2.473863,3.529872,0.707107,0.8,0.6,0.883176,188.4992,176.2832,103.8271,90.92414,walking,walking,0,low,20.724968910217285
1,1776690226457,704.221,0.547723,0.52915,2.177154,3.461214,0.824621,0.774597,0.707107,1.183216,169.7686,177.3073,116.8454,89.04171,walking,walking,0,low,20.724968910217285
1,1776690226457,704.321,0.583095,0.547723,1.933908,3.289377,0.83666,0.734847,0.69282,1.319091,156.6422,180.7664,122.5144,87.8889,walking,walking,0,low,20.724968910217285
1,1776690226457,704.421,0.678233,0.509902,1.661325,3.072458,0.761577,0.69282,0.678233,1.264911,152.7156,180.9474,117.4436,88.89304,walking,walking,0,low,20.724968910217285
1,1776690226457,704.521,0.707107,0.565685,1,3.029851,0.774597,0.748331,0.663325,1.249,161.4614,183.348,103.3609,88.27201,walking,walking,0,low,20.724968910217285
1,1776690226457,704.621,0.707107,0.565685,1,3.029851,0.678233,0.707107,0.707107,1.240967,161.4614,189.5782,103.3609,83.74474,walking,walking,0,low,20.724968910217285
1,1776690226457,704.721,0.774597,0.565685,0.565685,1.8,0.565685,0.547723,0.72111,1.16619,169.3005,205.0402,97.90663,80.65448,walking,walking,0,low,20.724968910217285
1,1776690226457,704.821,0.774597,0.52915,0.52915,2.163331,0.489898,0.509902,0.509902,0.916515,174.4922,199.5807,92.7,92.69805,walking,walking,0,low,20.724968910217285
1,1776690226457,704.921,0.734847,0.52915,0.583095,4.254409,0.374166,0.734847,0.509902,0.761577,175.3541,183.6421,93.42487,110.3834,walking,walking,0,low,20.724968910217285
1,1776690226457,705.021,0.83666,0.678233,0.761577,5.291502,0.424264,0.883176,0.547723,0.812404,177.0355,163.4629,91.76962,125.7499,walking,walking,0,low,20.724968910217285
1,1776690226457,705.121,0.87178,0.774597,0.98995,5.43139,0.4,0.774597,0.565685,0.894427,180.746,159.6719,90.76815,126.2109,walking,walking,0,low,20.724968910217285
1,1776690226457,705.221,0.860233,0.748331,1.122497,5.842945,0.424264,0.83666,0.547723,1,182.7626,161.4293,91.539,119.6321,walking,walking,0,low,20.724968910217285
1,1776690226457,705.321,0.72111,0.707107,1.157584,6.177378,0.424264,0.8,0.374166,0.938083,182.8203,165.4759,91.75415,109.6692,walking,walking,0,low,20.724968910217285
1,1776690226457,705.421,0.707107,0.734847,1.16619,6.023288,0.424264,0.812404,0.374166,0.905538,185.1747,172.1322,89.56942,99.55429,walking,walking,0,low,20.724968910217285
1,1776690226457,705.521,0.8,0.748331,1.140175,6.385922,0.547723,0.69282,0.374166,0.938083,194.1814,173.7239,86.06049,93.20841,walking,walking,0,low,20.724968910217285
1,1776690226457,705.621,0.8,0.707107,1.009951,7.240166,0.547723,0.374166,0.894427,1.637071,202.3818,181.6045,86.71404,87.02231,walking,walking,0,low,20.724968910217285
1,1776690226457,705.721,0.6,0.447214,0.663325,7.063993,0.547723,0.424264,0.916515,1.754993,182.5355,182.7292,105.4261,87.01392,walking,walking,0,low,20.724968910217285
1,1776690226457,705.821,0.583095,0.509902,0.34641,6.874591,0.547723,0.424264,0.916515,1.754993,169.0965,182.7292,113.5483,87.01392,walking,walking,0,low,20.724968910217285
1,1776690226457,705.921,0.8,0.748331,0.282843,6.428063,0.509902,0.424264,0.883176,1.643168,156.6934,186.3366,119.1453,85.67735,walking,walking,0,low,20.724968910217285
1,1776690226457,706.021,0.812404,0.774597,0,6.38279,0.678233,0.4,0.883176,1.649242,155.318,185.3424,113.9233,88.25015,walking,walking,0,low,20.724968910217285
1,1776690226457,706.121,0.761577,0.883176,0,5.730619,0.824621,0.547723,0.883176,1.643168,165.3239,187.271,98.7553,88.65813,walking,walking,0,low,20.724968910217285
1,1776690226457,706.221,0.69282,0.98995,0.316228,2.280351,0.748331,0.632456,0.959166,1.630951,169.1288,189.001,95.69968,86.7784,walking,walking,0,low,20.724968910217285
1,1776690226457,706.321,0.69282,0.98995,0.316228,2.280351,0.734847,0.69282,0.894427,1.086278,169.1288,197.7059,95.69968,83.15353,walking,walking,0,low,20.724968910217285
1,1776690226457,706.421,0.648074,0.959166,0.489898,1.913113,0.748331,0.748331,0.774597,1.048809,172.6081,204.121,91.53377,87.25262,walking,walking,0,low,20.724968910217285
1,1776690226457,706.521,0.648074,0.948683,0.565685,2.877499,0.748331,0.848528,0.8,1.077033,177.0656,195.4921,89.97408,100.0561,walking,walking,0,low,20.724968910217285
1,1776690226457,706.621,0.848528,0.748331,0.632456,3.954744,0.812404,1,0.83666,1.113553,178.902,174.4417,89.59791,118.0852,walking,walking,0,low,20.724968910217285
1,1776690226457,706.721,0.860233,0.734847,0.748331,5.017968,0.848528,0.938083,0.83666,1.224745,180.9304,163.7045,89.87476,125.3552,walking,walking,0,low,20.724968910217285
1,1776690226457,706.821,0.883176,0.583095,0.812404,5.221111,0.894427,0.87178,0.812404,1.183216,182.4438,159.5605,90.75082,124.7211,walking,walking,0,low,20.724968910217285
1,1776690226457,706.921,0.905538,0.4,0.824621,5.396295,0.905538,0.83666,0.583095,1.157584,184.1937,162.3196,90.86169,115.7584,walking,walking,0,low,20.724968910217285
1,1776690226457,707.021,0.916515,0.424264,0.761577,5.293392,0.883176,0.8,0.34641,0.774597,184.0461,169.5597,91.32706,101.1983,walking,walking,0,low,20.724968910217285
1,1776690226457,707.121,0.916515,0.447214,0.69282,5.6921,0.883176,0.748331,0.316228,0.824621,188.5278,175.1447,89.65919,95.56296,walking,walking,0,low,20.724968910217285
1,1776690226457,707.221,0.583095,0.424264,0.648074,7.248448,0.894427,0.648074,0.316228,1.280625,200.1624,180.6098,87.22752,87.98449,walking,walking,0,low,20.724968910217285
1,1776690226457,707.321,0.424264,0.447214,0.6,7.109149,0.761577,0.678233,0.244949,1.249,191.8095,182.1855,98.55328,87.43753,walking,walking,0,low,20.724968910217285
1,1776690226457,707.421,0.4,0.616441,0.52915,6.730527,0.761577,0.678233,0.244949,1.249,174.1257,182.1855,110.767,87.43753,walking,walking,0,low,20.724968910217285
1,1776690226457,707.521,0.616441,0.678233,0.447214,6.581793,0.916515,0.663325,0.244949,1.280625,161.2858,185.9541,117.2662,85.26606,walking,walking,0,low,20.724968910217285
1,1776690226457,707.621,0.734847,0.678233,0.374166,6.528399,0.938083,0.707107,0.34641,1.280625,154.8544,186.682,115.0699,86.85954,walking,walking,0,low,20.724968910217285
1,1776690226457,707.721,0.787401,0.734847,0.374166,6.300794,0.916515,0.707107,0.374166,1.280625,163.522,186.2191,100.0164,89.13037,walking,walking,0,low,20.724968910217285
1,1776690226457,707.821,0.812404,0.748331,0.469042,3.630427,0.916515,0.69282,0.34641,1.249,169.6833,186.7309,95.78239,87.88142,walking,walking,0,low,20.724968910217285
1,1776690226457,707.921,0.8,0.748331,0.787401,2.024846,0.916515,0.547723,0.374166,0.761577,174.4485,196.7488,90.36739,83.24101,walking,walking,0,low,20.724968910217285
1,1776690226457,708.021,0.8,0.748331,0.787401,2.024846,0.848528,0.4,0.447214,0.678233,174.4485,205.6735,90.36739,85.58536,walking,walking,0,low,20.724968910217285
1,1776690226457,708.121,0.848528,0.87178,0.87178,2.553429,0.52915,0.4,0.447214,0.632456,172.6872,198.1453,89.627,99.57227,walking,walking,0,low,20.724968910217285
1,1776690226457,708.221,0.678233,0.787401,0.894427,4.496665,0.4,0.424264,0.447214,0.812404,177.8829,173.8425,87.54114,122.1005,walking,walking,0,low,20.724968910217285
1,1776690226457,708.321,0.860233,0.734847,0.979796,5.244044,0.469042,0.616441,0.52915,1.303841,179.4004,157.6487,88.47382,130.839,walking,walking,0,low,20.724968910217285
1,1776690226457,708.421,0.8,0.663325,1.009951,5.261178,0.824621,0.583095,0.632456,1.311488,181.6146,152.31,87.42007,126.5541,walking,walking,0,low,20.724968910217285
1,1776690226457,708.521,0.748331,0.632456,1.067708,5.219195,0.883176,0.6,0.632456,1.311488,184.9478,158.9778,86.32677,112.1689,walking,walking,0,low,20.724968910217285
1,1776690226457,708.621,0.787401,0.616441,1.095445,5.621388,0.883176,0.959166,0.583095,1.280625,194.1108,168.3141,82.53236,101.9681,walking,walking,0,low,20.724968910217285
1,1776690226457,708.721,0.83666,0.244949,0.916515,6.718631,0.905538,0.959166,0.6,1.624808,211.085,174.8079,78.80721,93.53426,walking,walking,0,low,20.724968910217285
1,1776690226457,708.821,0.812404,0.282843,0.927362,6.236987,0.959166,0.969536,0.632456,1.655295,192.3663,177.5918,99.89161,90.75523,walking,walking,0,low,20.724968910217285
1,1776690226457,708.921,0.469042,0.34641,0.883176,5.332917,1.03923,0.812404,0.565685,1.371131,171.0824,179.9135,115.263,89.87135,walking,walking,0,low,20.724968910217285
1,1776690226457,709.021,0.547723,0.509902,0.848528,5.249762,0.894427,0.812404,0.4,1.311488,157.4855,181.1917,122.5734,90.36578,walking,walking,0,low,20.724968910217285
1,1776690226457,709.121,0.6,0.547723,5.375872,5.249762,0.894427,0.812404,0.4,1.311488,157.5923,181.1917,115.3119,90.36578,walking,walking,0,low,20.724968910217285
1,1776690226457,709.221,0.616441,1.122497,6.702238,5.04579,0.787401,0.8,0.489898,1.334166,169.3331,182.1481,101.8288,91.16161,walking,walking,0,low,20.724968910217285
1,1776690226457,709.321,0.583095,1.122497,6.959885,2.842534,0.8,0.509902,0.489898,1.371131,178.2227,187.7805,96.76752,90.08164,walking,walking,0,low,20.724968910217285
1,1776690226457,709.421,0.583095,1.16619,6.977106,1.913113,0.774597,0.282843,0.469042,0.98995,178.7025,197.4124,94.25246,89.88754,walking,walking,0,low,20.724968910217285
1,1776690226457,709.521,0.616441,1.148913,7.027091,1.574802,0.748331,0.34641,0.424264,0.69282,180.5568,178.1887,90.23158,108.1691,walking,walking,0,low,20.724968910217285
1,1776690226457,709.621,0.565685,1.077033,7.063993,1.6,0.663325,0.374166,0.374166,0.663325,182.4479,169.2893,88.72619,115.8557,walking,walking,0,low,20.724968910217285
1,1776690226457,709.721,0.565685,1.077033,7.063993,1.6,0.583095,0.424264,0.4,0.52915,182.4479,157.8169,88.72619,120.7911,walking,walking,0,low,20.724968910217285
1,1776690226457,709.821,0.509902,1.095445,5.626722,1.593738,0.52915,0.447214,0.282843,0.565685,182.7083,162.1251,89.3599,113.5163,walking,walking,0,low,20.724968910217285
1,1776690226457,709.921,0.424264,0.547723,2.884441,1.581139,0.565685,0.469042,0.141421,0.489898,182.2048,168.3376,89.07935,104.9233,walking,walking,0,low,20.724968910217285
1,1776690226457,710.021,0.424264,0.424264,1.886796,1.496663,0.509902,0.469042,0.282843,0.447214,181.2761,171.922,90.92159,99.89152,walking,walking,0,low,20.724968910217285
1,1776690226457,710.121,0.374166,0.282843,2.004994,0.848528,0.509902,0.447214,0.34641,0.447214,181.3621,176.2888,91.53428,96.73949,walking,walking,0,low,20.724968910217285
1,1776690226457,710.221,0.374166,0.316228,1.979899,0.565685,0.547723,0.52915,0.34641,0.4,183.1382,179.1951,91.85667,95.05529,walking,walking,0,low,20.724968910217285
1,1776690226457,710.321,0.374166,0.469042,1.870829,0.565685,0.663325,0.678233,0.316228,0.4,184.6999,182.0879,93.04549,93.57538,walking,walking,0,low,20.724968910217285
1,1776690226457,710.421,0.374166,0.424264,1.720465,0.6,0.69282,0.761577,0.34641,0.316228,185.4662,184.2401,94.00049,92.75393,walking,walking,0,low,20.724968910217285
1,1776690226457,710.521,0.374166,0.469042,1.667333,0.632456,0.761577,0.774597,0.447214,0.447214,185.9187,185.5264,94.70748,92.25345,walking,walking,0,low,20.724968910217285
1,1776690251857,715.321,0.244949,0.374166,0.565685,1.766352,0.883176,0.565685,0.374166,0.632456,188.6115,169.7963,94.78764,105.7104,walking,walking,0,low,20.56533169746399
1,1776690251857,715.421,0.316228,0.34641,0.489898,1.849324,0.848528,0.547723,0.374166,0.632456,189.5867,171.7562,93.91891,99.8929,walking,walking,0,low,20.56533169746399
1,1776690251857,715.521,0.244949,0.34641,0.424264,1.216552,0.774597,0.489898,0.374166,0.678233,192.1977,175.7914,94.07777,94.76223,walking,walking,0,low,20.56533169746399
1,1776690251857,715.621,0.316228,0.244949,0.374166,1.03923,0.905538,0.34641,0.282843,0.72111,190.8788,178.4746,96.45202,93.38603,walking,walking,0,low,20.56533169746399
1,1776690251857,715.721,0.34641,0.316228,0.4,1.732051,0.860233,0.734847,0.282843,0.663325,191.7023,180.4626,95.72466,92.54781,walking,walking,0,low,20.56533169746399
1,1776690251857,715.821,0.316228,0.374166,0.34641,2.537715,0.860233,0.734847,0.282843,0.663325,194.1598,180.4626,93.99931,92.54781,walking,walking,0,low,20.56533169746399
1,1776690251857,715.921,0.316228,0.374166,0.447214,3.155947,0.648074,0.734847,0.244949,0.648074,195.0541,181.1817,91.12078,92.06109,walking,walking,0,low,20.56533169746399
1,1776690251857,716.021,0.34641,0.424264,1,3.04959,0.787401,0.761577,0.2,0.734847,198.5937,180.8208,91.73717,91.76772,walking,walking,0,low,20.56533169746399
1,1776690251857,716.121,0.469042,0.489898,1.249,3.203124,0.812404,0.848528,0.316228,0.748331,184.3546,183.6511,99.23277,89.53515,walking,walking,0,low,20.56533169746399
1,1776690251857,716.221,0.469042,0.927362,1.249,3.212476,0.883176,0.905538,0.648074,0.734847,184.0669,182.7746,97.5,91.47424,walking,walking,0,low,20.56533169746399
1,1776690251857,716.321,0.489898,0.959166,1.28841,3.11127,0.824621,0.905538,0.69282,0.678233,180.0733,181.7455,101.4586,92.49442,walking,walking,0,low,20.56533169746399
1,1776690251857,716.421,1.104536,0.938083,1.32665,2.477902,0.8,0.69282,0.69282,0.632456,174.3372,181.1546,102.6142,93.89749,walking,walking,0,low,20.56533169746399
1,1776690251857,716.521,1.104536,0.938083,1.32665,2.477902,1.140175,0.663325,0.72111,0.583095,174.3372,179.7285,102.6142,93.64721,walking,walking,0,low,20.56533169746399
1,1776690251857,716.621,1.183216,0.959166,1.303841,1.612452,1.208305,0.663325,0.734847,0.489898,172.4827,179.0578,100.0273,93.81155,walking,walking,0,low,20.56533169746399
1,1776690251857,716.721,1.191638,0.979796,170.1216,1.378405,1.341641,0.6,0.707107,0.424264,175.4158,182.5292,91.60927,91.1405,walking,walking,0,low,20.56533169746399
1,1776690251857,716.821,1.2,0.98995,232.6848,1.157584,1.280625,0.447214,0.469042,0.4,175.754,189.5158,89.27972,87.12768,walking,walking,0,low,20.56533169746399
1,1776690251857,716.921,1.148913,0.938083,245.1703,0.98995,1.356466,0.34641,0.34641,0.509902,177.4674,200.4178,84.85175,86.01913,walking,walking,0,low,20.56533169746399
1,1776690251857,717.021,1.16619,0.860233,246.2519,1.50333,1.385641,0.583095,0.4,0.565685,178.7065,195.3182,84.50545,95.76071,walking,walking,0,low,20.56533169746399
1,1776690251857,717.121,0.905538,0.948683,246.7816,2.12132,1.428286,0.860233,0.489898,0.848528,179.3445,178.5073,84.41727,111.3407,walking,walking,0,low,20.56533169746399
1,1776690251857,717.221,0.648074,0.916515,248.9647,2.302173,1.296148,0.938083,0.734847,1.029563,181.6149,162.1363,84.10081,123.576,walking,walking,0,low,20.56533169746399
1,1776690251857,717.321,0.774597,0.883176,212.6151,2.453569,1.113553,0.938083,0.8,1.03923,182.9352,154.4695,85.40705,124.7094,walking,walking,0,low,20.56533169746399
1,1776690251857,717.421,0.812404,0.916515,122.4236,2.465765,1.16619,0.948683,0.774597,1.0583,184.0658,158.3646,86.91447,114.7783,walking,walking,0,low,20.56533169746399
1,1776690251857,717.521,0.787401,0.774597,86.05486,2.626785,1.16619,0.948683,0.774597,1.0583,186.1356,158.3646,86.35596,114.7783,walking,walking,0,low,20.56533169746399
1,1776690251857,717.621,0.787401,0.583095,86.78745,2.884441,1.16619,0.959166,0.812404,1,194.7705,168.7681,82.60563,102.5211,walking,walking,0,low,20.56533169746399
1,1776690251857,717.721,0.787401,0.509902,91.39759,2.638181,1.2,0.905538,0.812404,0.98995,207.6161,169.471,80.57638,98.02238,walking,walking,0,low,20.56533169746399
1,1776690251857,717.821,0.678233,0.509902,90.28034,2.420744,1.0583,0.761577,0.761577,0.824621,190.1045,175.3657,99.68899,91.28316,walking,walking,0,low,20.56533169746399
1,1776690251857,717.921,0.489898,0.509902,82.37572,2.240536,0.848528,0.374166,0.447214,0.424264,172.4399,177.5344,111.9289,89.62074,walking,walking,0,low,20.56533169746399
1,1776690251857,718.021,0.509902,0.489898,71.63644,2.244994,0.774597,0.424264,0.282843,0.374166,153.6051,181.6532,121.1388,87.31235,walking,walking,0,low,20.56533169746399
1,1776690251857,718.121,0.565685,0.447214,60.63432,2.116601,0.707107,0.424264,0.282843,0.316228,157.7299,183.5284,108.8416,86.99326,walking,walking,0,low,20.56533169746399
1,1776690251857,718.221,0.565685,0.447214,60.63432,2.116601,0.663325,0.469042,0.244949,0.34641,157.7299,187.0003,108.8416,84.98678,walking,walking,0,low,20.56533169746399
1,1776690251857,718.321,0.52915,0.447214,49.76565,1.568439,0.774597,0.469042,0.282843,0.34641,162.9626,197.732,100.9272,79.93819,walking,walking,0,low,20.56533169746399
1,1776690251857,718.421,0.52915,0.469042,39.16708,0.98995,0.632456,0.509902,0.4,0.424264,167.7103,207.7566,95.58696,82.87124,walking,walking,0,low,20.56533169746399
1,1776690251857,718.521,0.52915,0.447214,30.06593,2.332381,0.678233,0.565685,0.489898,0.583095,171.6644,194.7194,92.76105,100.3495,walking,walking,0,low,20.56533169746399
1,1776690251857,718.621,0.583095,0.469042,26.10747,3.274141,0.72111,0.547723,0.616441,1,175.7737,175.1095,89.8436,118.4983,walking,walking,0,low,20.56533169746399
1,1776690251857,718.721,0.469042,0.424264,26.06914,3.805259,0.8,0.547723,0.663325,1.56205,180.2632,160.4213,87.98537,128.0686,walking,walking,0,low,20.56533169746399
1,1776690251857,718.821,0.4,0.424264,24.61747,3.844476,1.03923,0.489898,0.678233,1.74356,182.966,155.6006,88.21735,125.9661,walking,walking,0,low,20.56533169746399
1,1776690251857,718.921,0.447214,0.469042,22.37096,3.8704,0.927362,0.583095,0.707107,1.74356,184.8361,160.8163,88.9997,113.7699,walking,walking,0,low,20.56533169746399
1,1776690251857,719.021,0.489898,0.447214,20.22375,3.952214,0.938083,0.565685,0.648074,1.749286,187.2122,170.971,87.20216,103.1978,walking,walking,0,low,20.56533169746399
1,1776690251857,719.121,0.565685,0.34641,18.45481,3.797368,1.0583,0.583095,0.616441,1.732051,197.3011,172.7674,84.32611,95.74432,walking,walking,0,low,20.56533169746399
1,1776690251857,719.221,0.565685,0.424264,16.17096,3.1241,1.0583,0.583095,0.616441,1.732051,206.0664,172.7674,85.79784,95.74432,walking,walking,0,low,20.56533169746399
1,1776690251857,719.321,0.547723,0.489898,14.02997,2.383275,1.104536,0.648074,0.6,1.587451,183.3577,175.9899,107.3694,91.97902,walking,walking,0,low,20.56533169746399
1,1776690251857,719.421,0.6,0.583095,12.21884,2.420744,1.077033,0.72111,0.632456,1.113553,168.4199,178.8946,116.4752,89.24806,walking,walking,0,low,20.56533169746399
1,1776690251857,719.521,0.616441,0.6,63.15172,2.630589,0.787401,0.748331,0.616441,0.509902,156.0811,181.6262,120.3651,87.78672,walking,walking,0,low,20.56533169746399
1,1776690251857,719.621,0.748331,0.678233,93.21438,2.50998,0.8,0.69282,0.616441,0.583095,163.6224,183.753,105.4002,87.62601,walking,walking,0,low,20.56533169746399
1,1776690251857,719.721,0.734847,0.812404,97.23199,2.319483,0.774597,0.774597,0.616441,0.6,167.5839,186.1544,98.26672,86.16713,walking,walking,0,low,20.56533169746399
1,1776690251857,719.821,0.663325,0.824621,97.30077,1.83303,0.734847,0.707107,0.87178,0.565685,171.5432,197.2298,94.70045,80.43073,walking,walking,0,low,20.56533169746399
1,1776690251857,719.921,0.663325,0.824621,97.30077,1.83303,0.663325,0.616441,0.883176,0.663325,171.5432,207.1685,94.70045,83.28735,walking,walking,0,low,20.56533169746399
1,1776690251857,720.021,0.663325,0.959166,97.77822,2.362202,0.632456,0.565685,0.812404,0.648074,175.0986,197.5105,92.71776,97.31896,walking,walking,0,low,20.56533169746399
1,1776690251857,720.121,0.812404,0.883176,99.01394,3.206244,0.632456,0.761577,0.812404,0.632456,177.77,180.2429,90.482,115.2845,walking,walking,0,low,20.56533169746399
1,1776690251857,720.221,0.774597,0.894427,93.10081,3.283291,0.632456,0.883176,0.87178,0.648074,181.9525,164.0023,88.11436,127.6783,walking,walking,0,low,20.56533169746399
1,1776690251857,720.321,0.6,0.848528,48.43119,3.268027,0.69282,0.824621,0.905538,0.648074,184.9179,151.539,87.23073,130.5034,walking,walking,0,low,20.56533169746399
1,1776690251857,720.421,0.632456,0.69282,34.93193,3.255764,0.509902,0.87178,0.72111,0.547723,187.1387,159.3017,86.46071,116.1901,walking,walking,0,low,20.56533169746399
1,1776690251857,720.521,0.648074,0.678233,35.93355,3.24037,0.489898,1.009951,0.8,0.6,191.5021,167.444,83.30653,107.0686,walking,walking,0,low,20.56533169746399
1,1776690251857,720.621,0.663325,0.374166,36.37554,3.754997,0.6,1.019804,1.523155,1.311488,207.1162,172.0671,78.54511,96.11156,walking,walking,0,low,20.56533169746399
1,1776690251857,720.721,0.447214,0.316228,34.09252,3.663332,0.8,0.927362,1.618641,1.414214,205.4438,173.4664,87.14724,93.13974,walking,walking,0,low,20.56533169746399
1,1776690251857,720.821,0.4,0.244949,30.36379,3.187475,0.8,0.927362,1.618641,1.414214,181.9625,173.4664,107.9544,93.13974,walking,walking,0,low,20.56533169746399
1,1776690251857,720.921,0.447214,0.282843,26.29296,3.155947,0.83666,0.860233,1.643168,1.44222,165.5348,176.0099,119.4351,91.25793,walking,walking,0,low,20.56533169746399
1,1776690251857,721.021,0.489898,0.244949,22.32711,3.155947,4.017462,0.824621,1.661325,1.421267,154.7302,178.94,121.4183,90.19302,walking,walking,0,low,20.56533169746399
1,1776690251857,721.121,0.4,0.282843,18.72966,3.133688,5.580323,0.787401,1.643168,1.414214,161.5598,180.5876,107.3418,89.58891,walking,walking,0,low,20.56533169746399
1,1776690251857,721.221,0.4,0.34641,15.67482,2.709244,5.956509,0.632456,1.679286,1.4,172.3544,184.6063,98.98119,87.01907,walking,walking,0,low,20.56533169746399
1,1776690251857,721.321,0.4,0.424264,13.26801,1.122497,6.013319,0.6,1.496663,1.240967,173.5076,198.3029,93.38677,81.38415,walking,walking,0,low,20.56533169746399
1,1776690251857,721.421,0.4,0.424264,11.09775,3.023243,6.001667,0.6,1.174734,0.87178,177.537,203.778,89.83717,86.78309,walking,walking,0,low,20.56533169746399
1,1776690251857,721.521,0.6,0.424264,8.79659,3.709447,6.018305,0.583095,1.086278,0.83666,178.7854,186.8903,87.39011,104.2817,walking,walking,0,low,20.56533169746399
1,1776690251857,721.621,0.6,0.424264,8.79659,3.709447,5.151699,0.69282,1.067708,0.927362,178.7854,169.6372,87.39011,117.6774,walking,walking,0,low,20.56533169746399
1,1776690251857,721.721,0.648074,0.424264,7.015697,3.916631,3.016621,0.707107,1.086278,0.938083,182.4448,152.739,84.97952,127.3091,walking,walking,0,low,20.56533169746399
1,1776690251857,721.821,0.632456,0.447214,5.50636,3.916631,1.788854,0.83666,1.048809,0.916515,185.5768,155.5851,85.11366,116.7054,walking,walking,0,low,20.56533169746399
1,1776690251857,721.921,0.632456,0.509902,4.489989,4.465423,1.319091,0.938083,0.774597,0.748331,189.84,163.1628,81.61981,107.5298,walking,walking,0,low,20.56533169746399
1,1776690251857,722.021,0.678233,0.424264,3.862642,5.203845,1.385641,0.948683,0.547723,0.734847,201.6636,165.7796,79.16284,99.43156,walking,walking,0,low,20.56533169746399
1,1776690251857,722.121,0.734847,0.489898,3.325658,5.053711,1.319091,0.883176,0.6,0.774597,212.8557,170.6325,81.42271,93.39445,walking,walking,0,low,20.56533169746399
1,1776690251857,722.221,0.547723,0.447214,2.505993,4.352011,1.702939,1.009951,0.69282,0.69282,191.266,173.9189,105.6042,90.97951,walking,walking,0,low,20.56533169746399
1,1776690251857,722.321,0.469042,0.489898,2.32379,4.079216,1.772004,1,0.6,0.734847,169.8658,176.3062,120.6312,89.78528,walking,walking,0,low,20.56533169746399
1,1776690251857,722.421,0.509902,0.52915,2.641969,4.06694,1.618641,0.979796,0.632456,0.72111,153.375,179.3965,127.012,88.41875,walking,walking,0,low,20.56533169746399
1,1776690251857,722.521,0.748331,0.52915,2.86007,3.690528,1.618641,0.979796,0.632456,0.72111,160.2695,179.3965,110.9515,88.41875,walking,walking,0,low,20.56533169746399
1,1776690251857,722.621,0.83666,0.547723,2.690725,2.569046,1.56205,0.916515,0.565685,0.748331,167.826,185.0798,103.7168,84.70471,walking,walking,0,low,20.56533169746399
1,1776690251857,722.721,0.734847,0.547723,2.6533,1.81659,1.593738,0.98995,0.648074,0.72111,171.8806,201.0945,96.2173,78.8395,walking,walking,0,low,20.56533169746399
1,1776690251857,722.821,0.774597,0.678233,2.690725,3.143247,1.691153,1.009951,0.616441,0.83666,175.7636,200.9323,92.90987,88.89126,walking,walking,0,low,20.56533169746399
1,1776690251857,722.921,0.824621,0.632456,2.521904,3.781534,1.385641,0.98995,0.447214,0.812404,177.6336,183.1887,91.42722,107.0001,walking,walking,0,low,20.56533169746399
1,1776690251857,723.021,0.883176,0.632456,2.004994,3.959798,1.0583,1.009951,0.447214,0.774597,179.9007,168.3336,91.22681,119.2224,walking,walking,0,low,20.56533169746399
1,1776690251857,723.121,0.883176,0.632456,1.407125,3.964846,1.296148,0.969536,0.4,0.824621,182.0379,157.8958,90.77415,125.341,walking,walking,0,low,20.56533169746399
1,1776690251857,723.221,0.648074,0.52915,1.28841,4.034848,1.341641,0.959166,0.34641,0.83666,186.0558,159.8739,88.91811,116.6297,walking,walking,0,low,20.56533169746399
1,1776690251857,723.321,0.648074,0.52915,1.28841,4.034848,1.272792,0.969536,0.141421,0.905538,186.0558,170.415,88.91811,104.6836,walking,walking,0,low,20.56533169746399
1,1776690251857,723.421,0.69282,0.565685,1.407125,4.521062,1.122497,0.98995,0.282843,1.067708,193.8749,173.8985,87.07974,96.91332,walking,walking,0,low,20.56533169746399
1,1776690251857,723.521,0.678233,0.424264,1.414214,4.913247,1.113553,0.959166,0.916515,1.489967,210.2851,180.0848,81.78239,90.20374,walking,walking,0,low,20.56533169746399
1,1776690251857,723.621,0.565685,0.447214,1.208305,4.404543,1.131371,0.748331,1.183216,1.643168,188.5419,181.6206,103.9794,89.11928,walking,walking,0,low,20.56533169746399
1,1776690251857,723.721,0.489898,0.547723,1.131371,4.223742,0.860233,0.748331,1.303841,1.661325,171.6672,182.8974,113.5886,88.48756,walking,walking,0,low,20.56533169746399
1,1776690251857,723.821,0.447214,0.583095,0.979796,4.188078,0.547723,0.8,1.296148,1.655295,157.9136,183.6163,119.2231,89.5452,walking,walking,0,low,20.56533169746399
1,1776690251857,723.921,0.52915,0.632456,0.969536,4.154516,0.547723,0.663325,1.311488,1.574802,158.0581,184.3176,111.3932,89.51218,walking,walking,0,low,20.56533169746399
1,1776690251857,724.021,0.632456,0.87178,0.87178,3.706751,0.632456,0.547723,1.392839,1.48324,164.6201,189.3219,99.52152,85.68309,walking,walking,0,low,20.56533169746399
1,1776690251857,724.121,0.787401,0.905538,0.848528,1.822087,0.648074,0.509902,1.232883,1.0583,170.7128,201.9757,95.14957,82.28977,walking,walking,0,low,20.56533169746399
1,1776690251857,724.221,0.812404,0.87178,0.948683,1.256981,0.648074,0.509902,1.232883,1.0583,177.1894,201.9757,89.57082,82.28977,walking,walking,0,low,20.56533169746399
1,1776690251857,724.321,0.812404,0.8,0.748331,2.420744,0.648074,0.565685,0.948683,1.157584,179.4865,202.2071,89.97808,90.27281,walking,walking,0,low,20.56533169746399
1,1776690251857,724.421,0.927362,0.761577,0.707107,3,0.6,0.678233,0.69282,0.969536,179.4076,188.0255,90.17773,106.1095,walking,walking,0,low,20.56533169746399
1,1776690251857,724.521,1.113553,0.734847,0.761577,3.026549,0.616441,0.648074,0.69282,0.98995,181.4789,167.6074,89.36397,122.8208,walking,walking,0,low,20.56533169746399
1,1776690251857,724.621,1.009951,0.424264,0.734847,3.019934,0.812404,0.69282,0.707107,1.249,183.8497,157.0817,89.19615,127.929,walking,walking,0,low,20.56533169746399
1,1776690251857,724.721,0.883176,0.424264,0.663325,2.973214,0.678233,0.72111,0.489898,1.256981,185.614,154.6985,89.30533,122.5552,walking,walking,0,low,20.56533169746399
1,1776690251857,724.821,0.860233,0.282843,0.52915,3.003332,0.663325,0.748331,0.489898,1.280625,188.9153,163.6725,88.1002,106.9836,walking,walking,0,low,20.56533169746399
1,1776690251857,724.921,0.83666,0.316228,0.774597,3.343651,0.632456,0.774597,0.447214,0.927362,199.3045,170.6746,86.48636,100.0229,walking,walking,0,low,20.56533169746399
1,1776690251857,725.021,0.83666,0.316228,0.774597,3.343651,0.616441,0.648074,0.244949,1.019804,199.3045,175.0115,86.48636,92.20663,walking,walking,0,low,20.56533169746399
1,1776690251857,725.121,0.748331,0.374166,0.8,3.075711,0.663325,0.632456,0.282843,1.122497,198.0756,177.0725,93.12988,90.38668,walking,walking,0,low,20.56533169746399
1,1776690251857,725.221,0.447214,0.469042,0.959166,3.056141,0.6,0.489898,0.244949,0.83666,178.7557,180.7842,109.75,87.83974,walking,walking,0,low,20.56533169746399
1,1776690251857,725.321,0.447214,0.469042,1.009951,3.078961,1.191638,0.489898,0.316228,0.83666,165.2333,183.1264,117.599,87.48013,walking,walking,0,low,20.56533169746399
1,1776690251857,725.421,0.424264,0.489898,1,3.065942,1.232883,0.489898,0.282843,0.787401,155.1052,186.4584,117.9539,85.78114,walking,walking,0,low,20.56533169746399
1,1776690251857,725.521,0.447214,0.748331,0.98995,3.009984,1.280625,0.374166,0.34641,0.787401,161.6697,195.402,105.8243,79.82253,walking,walking,0,low,20.56533169746399
1,1776690251857,725.621,0.547723,0.748331,0.938083,2.302173,1.28841,0.424264,0.374166,0.734847,168.3822,208.8718,99.84245,79.53117,walking,walking,0,low,20.56533169746399
1,1776690251857,725.721,0.469042,0.748331,1.086278,1.655295,1.296148,0.424264,0.34641,0.6,173.2202,199.4945,94.58475,94.15028,walking,walking,0,low,20.56533169746399
1,1776690251857,725.821,0.509902,0.734847,0.979796,2.880972,1.280625,0.547723,0.316228,0.565685,176.4228,183.6535,91.86569,110.6837,walking,walking,0,low,20.56533169746399
1,1776690251857,725.921,0.52915,0.632456,0.83666,3.078961,1.280625,0.547723,0.316228,0.565685,178.943,183.6535,89.0452,110.6837,walking,walking,0,low,20.56533169746399
1,1776690251857,726.021,0.509902,0.632456,0.848528,3.091925,1.077033,0.52915,0.244949,0.447214,183.379,164.4261,87.90287,124.6587,walking,walking,0,low,20.56533169746399
1,1776690251857,726.121,0.509902,0.374166,0.848528,3.120897,0.663325,0.583095,0.282843,0.447214,185.7116,151.0074,88.15568,128.7066,walking,walking,0,low,20.56533169746399
1,1776690251857,726.221,0.374166,0.34641,0.678233,3.206244,0.509902,0.69282,0.374166,0.489898,187.486,156.1244,86.93819,116.0387,walking,walking,0,low,20.56533169746399
1,1776690251857,726.321,0.4,0.316228,0.282843,3.17805,0.52915,0.678233,0.282843,0.469042,196.4125,164.0251,83.3507,104.6799,walking,walking,0,low,20.56533169746399
1,1776690251857,726.421,0.4,0.374166,0.244949,3.016621,0.489898,0.812404,0.316228,0.583095,209.2073,166.6248,81.81963,98.34071,walking,walking,0,low,20.56533169746399
1,1776690251857,726.521,0.316228,0.489898,0.2,2.949576,0.6,0.774597,0.316228,1.019804,194.5085,174.0825,99.18838,91.34205,walking,walking,0,low,20.56533169746399
1,1776690251857,726.621,0.34641,0.489898,0.34641,2.929164,0.583095,1.009951,0.34641,1.03923,177.5195,176.869,113.0355,90.06247,walking,walking,0,low,20.56533169746399
1,1776690251857,726.721,0.34641,0.489898,0.34641,2.929164,0.648074,0.969536,0.316228,1.03923,177.5195,179.3002,113.0355,89.10098,walking,walking,0,low,20.56533169746399
1,1776690251857,726.821,0.374166,0.447214,0.824621,3.029851,0.663325,0.969536,0.316228,1.048809,162.0057,180.4708,122.2998,89.61706,walking,walking,0,low,20.56533169746399
1,1776690251857,726.921,0.4,0.509902,0.979796,3.029851,0.905538,0.969536,0.4,1.067708,156.5035,181.8904,119.8661,89.63551,walking,walking,0,low,20.56533169746399
1,1776690251857,727.021,0.4,0.52915,0.98995,2.946184,0.979796,0.905538,0.4,1.029563,164.0914,186.1273,104.8221,86.14414,walking,walking,0,low,20.56533169746399
1,1776690251857,727.121,0.547723,0.52915,1.019804,2.083267,0.959166,0.848528,0.447214,0.787401,171.1378,200.9274,98.73626,81.82403,walking,walking,0,low,20.56533169746399
1,1776690251857,727.221,0.52915,0.616441,1.334166,1.649242,1.140175,0.72111,0.69282,0.774597,174.936,198.9196,92.46376,92.54476,walking,walking,0,low,20.56533169746399
1,1776690251857,727.321,0.489898,0.678233,1.32665,2.867054,1.104536,0.8,0.87178,0.8,177.2863,183.3482,91.13277,109.8734,walking,walking,0,low,20.56533169746399
1,1776690251857,727.421,0.632456,0.69282,1.140175,3.062679,1.086278,1.03923,0.860233,0.916515,179.2831,161.2732,89.31901,125.3729,walking,walking,0,low,20.56533169746399
1,1776690251857,727.521,0.648074,0.678233,0.948683,2.993326,1.086278,1.03923,0.860233,0.916515,181.439,161.2732,87.6907,125.3729,walking,walking,0,low,20.56533169746399
1,1776690251857,727.621,0.663325,0.648074,0.927362,3.072458,1.029563,1.0583,0.860233,0.98995,185.2728,145.297,86.51044,131.6347,walking,walking,0,low,20.56533169746399
1,1776690251857,727.721,0.489898,0.663325,0.969536,3.367492,0.927362,1.303841,0.83666,1.03923,190.1298,154.7031,84.85407,115.8353,walking,walking,0,low,20.56533169746399
1,1776690251857,727.821,0.52915,0.6,0.69282,3.487119,0.905538,1.496663,0.824621,0.948683,198.3708,161.7918,86.20467,106.656,walking,walking,0,low,20.56533169746399
1,1776690251857,727.921,0.547723,0.447214,0.447214,3.224903,0.6,1.449138,0.83666,0.860233,204.9279,166.8715,87.77943,97.83495,walking,walking,0,low,20.56533169746399
1,1776690251857,728.021,0.583095,0.447214,0.489898,2.901724,0.632456,1.456022,1,0.860233,182.4015,171.5198,108.9113,94.02615,walking,walking,0,low,20.56533169746399
1,1776690251857,728.121,0.424264,0.424264,0.948683,2.863564,0.678233,1.208305,0.979796,0.860233,171.0404,175.6912,116.0207,91.01027,walking,walking,0,low,20.56533169746399
1,1776690251857,728.221,0.489898,0.424264,1.019804,2.83196,0.632456,1.16619,0.98995,0.734847,157.04,179.517,122.1814,89.60596,walking,walking,0,low,20.56533169746399
1,1776690251857,728.321,0.509902,0.4,1.019804,2.387467,0.616441,1.086278,1.009951,0.469042,159.817,181.9149,110.6394,89.21789,walking,walking,0,low,20.56533169746399
1,1776690251857,728.421,0.509902,0.4,1.019804,2.387467,0.374166,0.565685,1.029563,0.489898,159.817,185.3052,110.6394,87.08103,walking,walking,0,low,20.56533169746399
1,1776690251857,728.521,0.547723,0.424264,1.104536,2.328089,0.424264,0.663325,1.067708,0.52915,165.9798,196.0106,101.742,82.60488,walking,walking,0,low,20.56533169746399
1,1776690251857,728.621,0.52915,0.565685,1.28841,1.356466,0.469042,0.565685,0.616441,0.565685,174.1173,202.3296,95.42497,87.47221,walking,walking,0,low,20.56533169746399
1,1776690251857,728.721,0.547723,0.905538,1.311488,1.827567,0.424264,0.565685,0.632456,0.52915,177.9036,187.4534,92.08929,103.9661,walking,walking,0,low,20.56533169746399
1,1776690251857,728.821,0.860233,0.916515,1.095445,3.277194,0.4,0.648074,0.663325,0.565685,178.0195,167.9097,91.03381,120.0213,walking,walking,0,low,20.56533169746399
1,1776690251857,728.921,0.83666,0.916515,1.048809,3.487119,0.489898,0.707107,0.6,0.583095,181.3763,157.9657,88.60297,126.3267,walking,walking,0,low,20.56533169746399
1,1776690251857,729.021,0.824621,0.927362,1.019804,3.49285,0.616441,0.734847,0.6,0.616441,184.6815,156.2453,88.5827,122.7264,walking,walking,0,low,20.56533169746399
1,1776690251857,729.121,0.824621,0.938083,0.948683,3.583295,0.707107,0.69282,0.424264,0.6,185.763,159.9322,89.29933,111.7155,walking,walking,0,low,20.56533169746399
1,1776690251857,729.221,0.8,0.98995,0.707107,3.66606,0.707107,0.69282,0.424264,0.6,187.7045,159.9322,88.44348,111.7155,walking,walking,0,low,20.56533169746399
1,1776690251857,729.321,0.761577,0.69282,0.565685,3.714835,0.848528,0.663325,0.469042,0.616441,195.1659,167.8667,85.67799,101.7475,walking,walking,0,low,20.56533169746399
1,1776690251857,729.421,0.489898,0.69282,0.583095,3.823611,0.948683,0.678233,0.509902,0.707107,203.3063,171.9044,85.64771,94.68416,walking,walking,0,low,20.56533169746399
1,1776690251857,729.521,0.374166,0.678233,0.489898,3.964846,0.948683,0.734847,0.663325,0.98995,184.3148,180.5091,103.1356,88.04522,walking,walking,0,low,20.56533169746399
1,1776690251857,729.621,0.6,0.761577,0.374166,3.967367,0.927362,0.848528,0.678233,0.979796,173.9188,184.4282,111.2358,86.78575,walking,walking,0,low,20.56533169746399
1,1776690251857,729.721,0.632456,0.774597,0.374166,3.924283,0.948683,1.009951,0.707107,0.98995,159.8605,185.8308,117.5941,86.89446,walking,walking,0,low,20.56533169746399
1,1776690251857,729.821,0.616441,0.663325,0.374166,3.836665,0.905538,0.959166,0.707107,0.979796,159.9687,186.7281,110.3396,88.09431,walking,walking,0,low,20.56533169746399
1,1776690251857,729.921,0.616441,0.824621,0.583095,3.722902,0.848528,1,0.707107,0.959166,168.0984,186.7392,97.38068,88.22401,walking,walking,0,low,20.56533169746399
1,1776690251857,730.021,0.583095,0.83666,0.678233,2.720294,0.648074,1.019804,0.734847,0.883176,173.7879,194.2744,94.93938,82.87969,walking,walking,0,low,20.56533169746399
1,1776690251857,730.121,0.583095,0.83666,0.678233,2.720294,0.663325,0.979796,0.489898,0.707107,173.7879,205.2903,94.93938,83.29847,walking,walking,0,low,20.56533169746399
1,1776690251857,730.221,0.632456,0.959166,0.824621,1.849324,0.774597,0.848528,0.469042,0.883176,177.8604,197.7292,90.56449,95.43172,walking,walking,0,low,20.56533169746399
1,1776690251857,730.321,0.565685,0.905538,0.83666,3.63318,0.734847,0.6,0.424264,1.029563,179.5376,180.2235,90.3231,112.4894,walking,walking,0,low,20.56533169746399
1,1776690251857,730.421,0.894427,0.894427,0.848528,4.27785,0.707107,0.632456,0.489898,1.095445,181.9004,164.2631,88.60924,124.5624,walking,walking,0,low,20.56533169746399
1,1776690251857,730.521,0.948683,0.87178,0.98995,4.43396,0.734847,0.616441,0.469042,1.086278,183.9818,159.334,88.77251,125.2632,walking,walking,0,low,20.56533169746399
1,1776690251857,730.621,0.948683,0.632456,0.98995,4.503332,0.707107,0.72111,0.469042,1.122497,185.2978,159.2533,89.79777,119.2207,walking,walking,0,low,20.56533169746399
1,1776690251857,730.721,0.959166,0.632456,0.883176,4.597826,0.98995,1,0.6,1.019804,185.7774,165.7211,90.64096,105.5201,walking,walking,0,low,20.56533169746399
1,1776690251857,730.821,0.938083,0.547723,0.761577,4.634652,0.979796,1.009951,0.663325,0.848528,188.7481,170.4027,89.0641,99.01234,walking,walking,0,low,20.56533169746399
1,1776690251857,730.921,0.883176,0.509902,0.774597,4.638966,0.979796,1.009951,0.663325,0.848528,198.4914,170.4027,87.28879,99.01234,walking,walking,0,low,20.56533169746399
1,1776690251857,731.021,0.565685,0.52915,0.748331,4.698936,0.959166,0.979796,0.678233,0.748331,199.1235,175.8773,92.03651,90.61458,walking,walking,0,low,20.56533169746399
1,1776690251857,731.121,0.4,0.565685,0.565685,4.543127,0.927362,0.927362,0.663325,0.52915,179.6295,179.3996,108.1742,87.78951,walking,walking,0,low,20.56533169746399
1,1776690251857,731.221,0.583095,0.734847,0.509902,4.487761,0.927362,0.883176,0.616441,0.616441,167.9084,181.8419,115.2247,86.81866,walking,walking,0,low,20.56533169746399
1,1776690251857,731.321,0.6,0.83666,0.374166,4.266146,0.916515,0.8,0.8,0.6,158.7144,184.6879,116.514,85.67973,walking,walking,0,low,20.56533169746399
1,1776690251857,731.421,0.583095,0.927362,0.316228,4.221374,0.663325,0.34641,0.8,0.565685,164.183,186.8174,102.6305,86.09405,walking,walking,0,low,20.56533169746399
1,1776690251857,731.521,0.632456,0.979796,0.734847,3.588872,0.447214,0.244949,0.774597,0.583095,168.2639,189.4986,98.1731,84.14005,walking,walking,0,low,20.56533169746399
1,1776690251857,731.621,0.648074,1.029563,0.72111,2.222611,0.447214,0.447214,0.916515,0.6,172.766,202.0896,93.47863,78.75009,walking,walking,0,low,20.56533169746399
1,1776690251857,731.721,0.69282,1.029563,0.72111,2.39583,0.374166,0.447214,0.948683,0.83666,177.1539,208.3618,91.20253,83.45495,walking,walking,0,low,20.56533169746399
1,1776690251857,731.821,0.69282,1.029563,0.72111,2.39583,0.34641,0.489898,0.948683,0.824621,177.1539,192.7191,91.20253,101.7022,walking,walking,0,low,20.56533169746399
1,1776690251857,731.921,0.979796,0.979796,0.72111,3.37046,0.489898,0.509902,0.959166,0.87178,179.1392,175.2021,88.59407,117.9192,walking,walking,0,low,20.56533169746399
1,1776690251857,732.021,1.009951,0.969536,0.734847,4.132796,0.547723,0.547723,0.707107,0.883176,184.4278,164.4693,87.0051,125.7495,walking,walking,0,low,20.56533169746399
1,1776690251857,732.121,1.03923,1,0.8,4.233202,0.565685,0.547723,0.663325,0.860233,185.1492,160.869,88.50484,123.6161,walking,walking,0,low,20.56533169746399
1,1776690251857,732.221,1.086278,0.824621,0.565685,4.1833,0.565685,0.424264,0.509902,1.131371,186.4028,164.8279,88.39278,111.6873,walking,walking,0,low,20.56533169746399
1,1776690251857,732.321,1.03923,0.69282,0.447214,4.101219,0.583095,0.83666,0.374166,1.029563,188.4122,173.4341,87.42316,102.1142,walking,walking,0,low,20.56533169746399
1,1776690251857,732.421,1.019804,0.72111,0.648074,5.865151,0.678233,1.378405,0.374166,0.98995,199.2225,176.4304,83.07361,93.89815,walking,walking,0,low,20.56533169746399
1,1776690251857,732.521,0.734847,0.734847,0.648074,6.687302,0.663325,1.363818,0.374166,0.98995,207.6095,178.7831,85.22283,90.20268,walking,walking,0,low,20.56533169746399
1,1776690251857,732.621,0.583095,0.547723,0.678233,6.578753,0.663325,1.363818,0.374166,0.98995,182.2258,178.7831,109.1151,90.20268,walking,walking,0,low,20.56533169746399
1,1776690251857,732.721,0.547723,0.447214,0.6,6.393747,0.6,1.407125,0.316228,1.009951,168.0718,181.7413,116.86,87.54959,walking,walking,0,low,20.56533169746399
1,1776690251857,732.821,0.447214,0.469042,18.7462,6.417164,0.648074,1.496663,0.282843,1.019804,155.5548,183.6702,120.6389,87.37928,walking,walking,0,low,20.56533169746399
1,1776690251857,732.921,0.489898,0.663325,57.10972,6.406247,0.748331,1.516575,0.447214,0.787401,162.1074,184.8957,105.7022,87.38866,walking,walking,0,low,20.56533169746399
1,1776690251857,733.021,0.547723,0.632456,64.61192,5.491812,0.761577,1.462874,1.03923,0.648074,167.0988,184.8835,99.06228,87.64822,walking,walking,0,low,20.56533169746399
1,1776690251857,733.121,0.489898,0.648074,65.14292,2.929164,0.824621,0.848528,1.256981,0.6,170.9601,196.5785,94.27826,81.05157,walking,walking,0,low,20.56533169746399
1,1776690251857,733.221,0.489898,0.678233,65.31171,2.428992,0.787401,0.8,1.280625,0.69282,176.5033,207.6328,90.33453,82.29265,walking,walking,0,low,20.56533169746399
1,1776690251857,733.321,0.583095,0.761577,66.05135,3.605551,0.774597,0.860233,1.280625,0.6,178.8153,197.4293,88.25699,97.58394,walking,walking,0,low,20.56533169746399
1,1776690251857,733.421,0.663325,0.761577,67.05445,4.05216,0.72111,0.894427,1.303841,0.6,183.7226,176.5177,86.11418,117.9949,walking,walking,0,low,20.56533169746399
1,1776690251857,733.521,0.663325,0.761577,67.05445,4.05216,0.632456,0.748331,1.272792,0.565685,183.7226,161.5613,86.11418,128.6721,walking,walking,0,low,20.56533169746399
1,1776690251857,733.621,0.6,0.72111,43.74426,4.042276,0.616441,0.748331,0.8,0.583095,186.2227,153.2972,86.16383,127.6036,walking,walking,0,low,20.56533169746399
1,1776690251857,733.721,0.583095,0.52915,25.31798,4.106093,0.489898,0.72111,0.447214,0.616441,187.5899,158.1939,85.79079,113.9271,walking,walking,0,low,20.56533169746399
1,1776690251857,733.821,0.72111,0.509902,23.42691,4.247352,0.583095,0.707107,0.316228,0.6,192.1854,170.0071,82.70557,103.0779,walking,walking,0,low,20.56533169746399
1,1776690251857,733.921,0.707107,0.489898,24.28251,5.003998,0.583095,0.761577,0.316228,0.489898,203.9373,174.9004,81.52852,93.28933,walking,walking,0,low,20.56533169746399
1,1776690251857,734.021,0.707107,0.34641,23.22154,4.728636,0.648074,0.565685,0.72111,0.894427,203.407,178.4301,90.16301,89.99882,walking,walking,0,low,20.56533169746399
1,1776690251857,734.121,0.52915,0.4,20.74946,4.393177,0.860233,0.734847,0.916515,1.469694,180.9612,180.9929,111.2705,89.08562,walking,walking,0,low,20.56533169746399
1,1776690251857,734.221,0.565685,0.34641,17.65559,4.298837,0.860233,0.734847,0.916515,1.469694,166.9598,180.9929,120.4333,89.08562,walking,walking,0,low,20.56533169746399
1,1776690251857,734.321,0.583095,0.424264,14.71394,4.273172,1.048809,0.8,1.009951,1.714643,157.261,183.3221,122.7339,88.70049,walking,walking,0,low,20.56533169746399
1,1776690251857,734.421,0.447214,1.067708,12.28169,4.152108,1.191638,0.824621,1.03923,1.737815,166.1393,185.0132,109.6601,90.2023,walking,walking,0,low,20.56533169746399
1,1776690251857,734.521,0.547723,1.16619,9.723168,3.331666,1.272792,0.969536,1.157584,1.726268,181.929,191.8087,101.8419,88.30876,walking,walking,0,low,20.56533169746399
1,1776690251857,734.621,0.583095,1.311488,8.041144,2.842534,1.264911,1.371131,1.319091,1.939072,182.5113,200.0531,93.74578,88.97526,walking,walking,0,low,20.56533169746399
1,1776690251857,734.721,0.616441,1.303841,6.438944,2.867054,1.32665,1.363818,1.319091,1.939072,182.5033,184.7273,89.76153,104.3541,walking,walking,0,low,20.56533169746399
1,1776690251857,734.821,0.616441,1.311488,5.09902,2.87054,1.264911,1.341641,1.113553,1.536229,183.643,171.7633,87.32265,113.3823,walking,walking,0,low,20.56533169746399
1,1776690251857,734.921,0.6,1.303841,3.789459,2.853069,1.174734,1.311488,1.077033,1.157584,182.9261,153.6801,87.41985,122.3337,walking,walking,0,low,20.56533169746399
1,1776690251857,735.021,0.52915,0.860233,2.569046,2.8,0.916515,1.303841,1.077033,1.148913,182.6617,157.4533,88.01624,113.365,walking,walking,0,low,20.56533169746399
1,1776690251857,735.121,0.6,0.83666,2.32379,2.694439,0.748331,1.28841,1,1.122497,182.0221,164.0652,88.60989,105.0966,walking,walking,0,low,20.56533169746399
1,1776690251857,735.221,0.6,0.83666,2.32379,2.694439,0.748331,0.648074,0.812404,0.883176,182.0221,170.2917,88.60989,98.24113,walking,walking,0,low,20.56533169746399
1,1776690251857,735.321,0.52915,0.509902,2.517936,2.177154,0.632456,0.663325,0.509902,0.748331,182.0692,175.497,89.29391,94.12163,walking,walking,0,low,20.56533169746399
1,1776690251857,735.421,0.489898,0.547723,2.297825,0.959166,0.547723,0.678233,0.447214,0.678233,182.1867,179.2071,89.39609,92.24342,walking,walking,0,low,20.56533169746399
1,1776690251857,735.521,0.424264,0.72111,2.374868,0.83666,0.565685,0.6,0.316228,0.678233,185.3815,181.9226,88.15762,91.05616,walking,walking,0,low,20.56533169746399
1,1776690251857,735.621,0.489898,0.69282,2.374868,0.824621,0.6,0.565685,0.316228,0.616441,187.2452,183.6844,89.01136,90.49519,walking,walking,0,low,20.56533169746399
1,1776690251857,735.721,0.52915,0.69282,2.271563,0.424264,0.565685,0.52915,0,0.616441,188.1888,185.071,89.48262,89.77717,walking,walking,0,low,20.56533169746399
